url,post_type,title,snippet,query,crawled_at
https://www.facebook.com/groups/751560453731080/posts/1417859080434544,group_post,Phụ kiện lắp cho Vinfast VF5 và đánh giá ưu nhược điểm,"Phụ kiện lắp cho Vinfast VF5 và đánh giá ưu nhược điểm. Summarized by AI from the post below. Mua Bán Xe Ô tô Điện Vinfast VF3, VF5, E34, VF6, ...","site:facebook.com ""VinFast VF3"" ""đánh giá ưu nhược điểm""",2026-09-15 19:26:17
https://www.facebook.com/groups/1023069638660550/posts/1419431645691012,group_post,Xin đánh giá ưu nhược điểm của 03 thương hiệu cốp trước ...,"Hội VinFast VF3, VF 3 Việt Nam™ (VinFastVF3ClubVN). Thanh TranJan 19. Xin đánh giá ưu nhược điểm của 03 thương hiệu cốp trước VF3 bao gồm ...","site:facebook.com ""VinFast VF3"" ""đánh giá ưu nhược điểm""",2026-09-15 19:26:17
https://www.facebook.com/groups/httpsvinfastvietnam.net.vn/posts/4443755952548305,group_post,📞 Vinfast VF3 sx 2025 bản mua pin.,Vinfast VF3 sx 2025 bản mua pin. Odo 1.6v km. Xe 1 chủ từ đầu ... đánh giá ưu/nhược điểm Limo Green không quảng cáo 2️⃣ Ưu đãi thật ...,"site:facebook.com ""VinFast VF3"" ""đánh giá ưu nhược điểm""",2026-09-15 19:26:17
https://www.facebook.com/groups/httpsvinfastvietnam.net.vn/posts/4452320175025216,group_post,"1️⃣ Review thật: Thắng lái thử, đánh giá ưu/nhược điểm Limo ...",... đánh giá ưu/nhược điểm Limo Green không quảng cáo 2️⃣ Ưu đãi thật: Công bố ... Vinfast VF3 thuê pin 2024 900k/ tháng Lướt : 2 vạn km độ 100tr tiền đồ chơi ( màu ...,"site:facebook.com ""VinFast VF3"" ""đánh giá ưu nhược điểm""",2026-09-15 19:26:17
https://www.facebook.com/groups/751560453731080/posts/1412463457640773,group_post,🚗Xe Hot mới cập bến các bác ơi ✅VF6 plus 2025 ⭐️Odo ...,"Mua Bán Xe Ô tô Điện Vinfast VF3, VF5, E34, VF6, VF7, VF8, VF9 ... Phụ kiện lắp cho Vinfast VF5 và đánh giá ưu nhược điểm. Mua Bán Xe Ô ...","site:facebook.com ""VinFast VF3"" ""đánh giá ưu nhược điểm""",2026-09-15 19:26:17
https://www.facebook.com/groups/httpsvinfastvietnam.net.vn/posts/4443490612574839,group_post,"🔥 VF9 Plus 2023 – Thuê pin Tiên Phong, chưa đến 800tr 🔥","HỘI MUA BÁN XE ĐIỆN - VINFAST VF3, VFe34, VF5, VF6, VF7, VF8, VF9 ... đánh giá ưu/nhược điểm Limo Green không quảng cáo 2️⃣ Ưu đãi thật ...","site:facebook.com ""VinFast VF3"" ""đánh giá ưu nhược điểm""",2026-09-15 19:26:17
https://www.facebook.com/groups/751560453731080/posts/1294037849483335,group_post,🔥 HƠN 300TR – QUÁ RẺ CHO VF5 PLUS! 🚗 VinFast ...,"Mua Bán Xe Ô tô Điện Vinfast VF3, VF5, E34, VF6, VF7, VF8, VF9 ... Phụ kiện lắp cho Vinfast VF5 và đánh giá ưu nhược điểm. Mua Bán Xe Ô ...","site:facebook.com ""VinFast VF3"" ""đánh giá ưu nhược điểm""",2026-09-15 19:26:17
https://www.facebook.com/groups/httpsvinfastvietnam.net.vn/posts/3959904617600110,group_post,✅ VF8 Eco màu Bạc 2022 lăn bánh 3v km gói thuê pin Tiên ...,"HỘI MUA BÁN XE ĐIỆN - VINFAST VF3, VFe34, VF5, VF6, VF7, VF8, VF9 ... đánh giá ưu/nhược điểm Limo Green không quảng cáo 2️⃣ Ưu đãi thật ...","site:facebook.com ""VinFast VF3"" ""đánh giá ưu nhược điểm""",2026-09-15 19:26:17
https://www.facebook.com/groups/httpsvinfastvietnam.net.vn/posts/4450471361876764,group_post,"VF5 Plus sx 2025 mua pin Odo 5v km zin , xe tư nhân biển ...","HỘI MUA BÁN XE ĐIỆN - VINFAST VF3, VFe34, VF5, VF6, VF7, VF8, VF9 ... đánh giá ưu/nhược điểm Limo Green không quảng cáo 2️⃣ Ưu đãi thật ...","site:facebook.com ""VinFast VF3"" ""đánh giá ưu nhược điểm""",2026-09-15 19:26:17
https://www.facebook.com/groups/aemexe/posts/3840134932808081,group_post,"Nằm vùng với anh em cũng lâu, nay chia sẻ tí cho vui 😅 ...","Mình xin chia sẻ đánh giá ưu nhược điểm dòng vario 150 sau 4 năm sử ... Link Nguyễn ▻ Hội VinFast VF3, VF 3 Việt Nam™ (VinFastVF3ClubVN).","site:facebook.com ""VinFast VF3"" ""đánh giá ưu nhược điểm""",2026-09-15 19:26:17
https://www.facebook.com/groups/3952468598316805/posts/4539925232904469,group_post,Mấy hôm nay rần rần vụ chủ đầu tư nhượng quyền phản ...,"Việc của mình là đánh giá ưu nhược điểm, đánh giá nhu cầu để làm ... Bùi Thanh Ngà ▻ Hội VinFast VF3 Việt Nam™ (VF3.OTOV.VN). 1y ...","site:facebook.com ""VinFast VF3"" ""đánh giá ưu nhược điểm""",2026-09-15 19:29:18
https://www.facebook.com/groups/voz.oto.xemay/posts/1690781612080690,group_post,"Em chào các bác. Em vừa mua một con vision 2025, ...","Link Nguyễn ▻ Hội VinFast VF3, VF 3 Việt Nam™ (VinFastVF3ClubVN) ... Mình xin chia sẻ đánh giá ưu nhược điểm dòng vario 150 sau 4 năm sử ...","site:facebook.com ""VinFast VF3"" ""đánh giá ưu nhược điểm""",2026-09-15 19:29:18
https://www.facebook.com/vavovalopluudongtaiql1kbinhduong/posts/l%C6%B0%E1%BB%A3ng-ph%C6%B0%C6%A1ng-ti%E1%BB%87n-v%E1%BA%ADn-t%E1%BA%A3i-h%C3%A0nh-kh%C3%A1ch-t%E1%BB%AB-xe-bu%C3%BDt-n%E1%BB%99i-t%E1%BB%89nh-xe-%C4%91%C6%B0a-%C4%91%C3%B3n-c%C3%B4ng-nh%C3%A2n-%C4%91%E1%BA%BF/1428106566042541,page_or_user_post,Lốp 12R22.5 chuyên xe khách tại TPHCM,"... đánh giá ưu nhược điểm thực tế đến bảng giá và các dòng sản phẩm phổ ... VinFast (VF3, VF5, VF e34, VF8, VF9), Hyundai Ioniq, BYD ...","site:facebook.com ""VinFast VF3"" ""đánh giá ưu nhược điểm""",2026-09-15 19:29:18
https://www.facebook.com/groups/voz.oto.xemay/posts/1047527213072803,group_post,"nhờ các thím tư vấn chút tôi đang đi con TFX 2017, mua ...","LovelyArugula2081 ▻ Hội VinFast VF3, VF 3 Việt Nam™ (VinFastVF3ClubVN) ... Mình xin chia sẻ đánh giá ưu nhược điểm dòng vario 150 sau 4 năm sử ...","site:facebook.com ""VinFast VF3"" ""đánh giá ưu nhược điểm""",2026-09-15 19:29:18
https://www.facebook.com/groups/1113440630794262/posts/1598649325606721,group_post,Em định chạy RTO nhưng đang suy nghĩ nếu chạy vài ...,"Mình xin chia sẻ đánh giá ưu nhược điểm dòng vario 150 sau 4 năm sử ... Nguyễn Hồng Nhung ▻ Hội VinFast VF3, VF 3 Việt Nam™ (VinFastVF3ClubVN).","site:facebook.com ""VinFast VF3"" ""đánh giá ưu nhược điểm""",2026-09-15 19:29:18
https://www.facebook.com/groups/vf3clubvn369/posts/4243434699221788,group_post,Các bác đã trải nghiệm rồi em xin review về độ an toàn của ...,Tốt nhất là bạn ra showroom hoặc thuê xe trải nghiệm thực tế rồi ... Anh em đang chạy VinFast VF3 vào nhóm zalo giao lưu nhé! • Chia ...,"site:facebook.com ""VinFast VF3"" ""trải nghiệm thực tế""",2026-09-15 19:29:19
https://www.facebook.com/groups/1023069638660550/posts/1285152575785587,group_post,Trải nghiệm xuyên Việt bằng VF3: Những lưu ý thực tế ...,"... Trải nghiệm thực tế một chặng dài: • Khi mình chạy từ Huế ra Hà Nội ... Hội VinFast VF3, VF 3 Việt Nam™ (VinFastVF3ClubVN). Trương Phước ...","site:facebook.com ""VinFast VF3"" ""trải nghiệm thực tế""",2026-09-15 19:29:19
https://www.facebook.com/groups/284914192814384/posts/1581011096538014,group_post,Review Vinfast VF3 với 12k km của Hải Đình Văn,Review Vinfast VF3 với 12k km của Hải Đình Văn Sau khi trải ... trải nghiệm thực tế của gia đình. Nếu có gì chưa đúng hoặc các bác ...,"site:facebook.com ""VinFast VF3"" ""trải nghiệm thực tế""",2026-09-15 19:29:19
https://www.facebook.com/groups/1023069638660550/posts/1451072445860265,group_post,"Câu hỏi thực tế tý ae , mua VF3 chạy dịch vụ ( tất nhiên ...","Nhờ các bác chia sẻ trải nghiệm thực tế giúp em. Anh chị ... Anonymous participant ▻ Hội VinFast VF3, VF 3 Việt Nam™ (VinFastVF3ClubVN).","site:facebook.com ""VinFast VF3"" ""trải nghiệm thực tế""",2026-09-15 19:29:19
https://www.facebook.com/groups/1023069638660550/posts/1402001104100733,group_post,Các bác nào trải nghiệm bản TC2 cho em xin ...,"Các bác nào trải nghiệm bản TC2 cho em xin trải nghiệm thực tế cảm giác lái và hệ thống treo so với. Hội VinFast VF3, VF 3 Việt Nam™ ( ...","site:facebook.com ""VinFast VF3"" ""trải nghiệm thực tế""",2026-09-15 19:29:19
https://www.facebook.com/VinFastAuto.Official/posts/chi-ph%C3%AD-nu%C3%B4i-si%C3%AAu-nh%E1%BA%B9-kh%C3%A1ch-h%C3%A0ng-%C6%B0ng-h%E1%BA%BFt-%C3%BD-mua-%C3%B4t%C3%B4-v%E1%BB%81-r%E1%BB%93i-m%E1%BB%97i-th%C3%A1ng-chi-ph%C3%AD-t%E1%BB%91n-/1283432577338327,page_or_user_post,"CHI PHÍ NUÔI SIÊU NHẸ - KHÁCH HÀNG ƯNG HẾT Ý "" ...",... trải nghiệm thực tế để xem tại sao họ lại nói nuôi VF 3 là trải ... html Hotline: 1900 23 23 89 #VinFast #VF3 (*) Hình ảnh chỉ mang ...,"site:facebook.com ""VinFast VF3"" ""trải nghiệm thực tế""",2026-09-15 19:29:19
https://www.facebook.com/groups/1023069638660550/posts/1132176077749905,group_post,NÊN CHỌN VINFAST VF3 HAY VF5? Mình muốn nghe ...,"NÊN CHỌN VINFAST VF3 HAY VF5? Mình muốn nghe thêm ý kiến từ ... Trải nghiệm thực tế: Nếu bạn đã lái thử hoặc sở hữu xe, cho mình hỏi ...","site:facebook.com ""VinFast VF3"" ""trải nghiệm thực tế""",2026-09-15 19:29:19
https://www.facebook.com/groups/1023069638660550/posts/1475818526718990,group_post,Có bác nào lắp thanh giằng trc sau cho VF3 chưa ạ cho e ...,Có bác nào lắp thanh giằng trc sau cho VF3 chưa ạ cho e xin rì viu tại e có dự định lắp nhưng ko bt trải nghiệm thực tế như nào ạ ở HCM có bác,"site:facebook.com ""VinFast VF3"" ""trải nghiệm thực tế""",2026-09-15 19:29:19
https://www.facebook.com/groups/vf3clubvn369/posts/4288333021398622,group_post,cho mình hỏi về các tính năng an toàn dưới đây của VF3 ...,"... trải nghiệm thực tế của các bác, e còn lăn tăn mỗi về độ an toàn ... VinFast VF3 Việt Nam - VINNO CLUB. Anonymous participantSep 22 ...","site:facebook.com ""VinFast VF3"" ""trải nghiệm thực tế""",2026-09-15 19:29:52
https://www.facebook.com/phukienotohuvi/videos/anh-th%E1%BB%A3-review-tr%E1%BA%A3i-nghi%E1%BB%87m-th%E1%BB%B1c-t%E1%BA%BF-g%C6%B0%C6%A1ng-%C4%91i%E1%BB%87n-vinfast-vf3/4261919347401635,video,Anh thợ review trải nghiệm thực tế gương điện VinFast VF3 ...,"Anh thợ review trải nghiệm thực tế gương điện VinFast VF3 – “Lắp phát ăn ngay, mượt mà từng thao tác!” ✨ ""Anh Thợ Review"" đã trải nghiệm ...","site:facebook.com ""VinFast VF3"" ""trải nghiệm thực tế""",2026-09-15 19:29:52
https://www.facebook.com/teinvietnam/videos/n%C3%A2ng-c%E1%BA%A5p-an-to%C3%A0n-%C4%91%C3%A1ng-gi%C3%A1-nh%E1%BA%A5t-vf3-%C3%AAm-h%C6%A1n-ch%E1%BA%AFc-h%C6%A1n-v%E1%BB%9Bi-tein-basic-v%C3%A0-t%E1%BA%A1-t%C4%83ng-t%E1%BA%A3i/787449994021506,video,NÂNG CẤP AN TOÀN ĐÁNG GIÁ NHẤT: VF3 êm hơn – chắc ...,... VinFast VF3 được thiết kế hướng ... Trải nghiệm thực tế phuộc Tein Endurapro Plus cho Vf3 tại Carquickservice.vn ...,"site:facebook.com ""VinFast VF3"" ""trải nghiệm thực tế""",2026-09-15 19:29:52
https://www.facebook.com/VNUFOfficial/posts/-k%E1%BA%BFt-n%E1%BB%91i-gi%C3%A1-tr%E1%BB%8B-%C4%91%E1%BB%93ng-h%C3%A0nh-ph%C3%A1t-tri%E1%BB%83n-vnuf-ch%C3%ADnh-th%E1%BB%A9c-ti%E1%BA%BFp-nh%E1%BA%ADn-xe-%C4%91i%E1%BB%87n-vinfast-/1340437888250263,page_or_user_post,ĐỒNG HÀNH PHÁT TRIỂN 💚 🎉VNUF chính thức tiếp nhận ...,... VinFast VF3 phục vụ đào tạo ngành Công nghệ kỹ thuật ô tô! Sáng ngày ... trải nghiệm thực tế và nhiều cơ hội việc làm ngay từ khi còn ...,"site:facebook.com ""VinFast VF3"" ""trải nghiệm thực tế""",2026-09-15 19:29:52
https://www.facebook.com/atgt.vhgt/posts/-%C4%91i-vf3-th%C3%AC-ch%E1%BA%A1y-ch%E1%BA%ADm-60-80-th%C3%B4i-c%C3%A1c-b%C3%A1c-%E1%BA%A1-l%E1%BB%9Di-khuy%C3%AAn-ch%C3%A2n-th%C3%A0nh-t%E1%BB%AB-m%E1%BB%99t-ch%E1%BB%A7-xe-s/1576827307822993,page_or_user_post,"🔋 ""Đi VF3 thì chạy chậm 60-80 thôi các bác ạ"" lời khuyên ...","""Đi VF3 thì chạy chậm 60-80 thôi các bác ạ"" lời khuyên chân thành từ một chủ xe sau chuyến trải nghiệm thực tế SG - Phan Thiết - Đà Lạt.","site:facebook.com ""VinFast VF3"" ""trải nghiệm thực tế""",2026-09-15 19:29:52
https://www.facebook.com/VinFastAuto.Official/posts/ch%E1%BA%A1m-l%C3%A1i-vf-9-d%E1%BA%A5u-%E1%BA%A5n-t%E1%BB%AB-nh%E1%BB%AFng-tr%E1%BA%A3i-nghi%E1%BB%87m-th%E1%BB%B1c-t%E1%BA%BFkh%C3%A9p-l%E1%BA%A1i-s%E1%BB%B1-ki%E1%BB%87n-l%C3%A1i-th%E1%BB%AD-vf-9-v/1140969564917963,page_or_user_post,CHẠM LÁI VF 9 – DẤU ẤN TỪ NHỮNG TRẢI NGHIỆM THỰC ...,"CHẠM LÁI VF 9 – DẤU ẤN TỪ NHỮNG TRẢI NGHIỆM THỰC TẾ Khép lại sự kiện lái thử VF 9, VinFast mang đến hành trình trọn vẹn cảm xúc, ...","site:facebook.com ""VinFast VF3"" ""trải nghiệm thực tế""",2026-09-15 19:29:52
https://www.facebook.com/dubaicarevn68/videos/-tr%E1%BA%A3i-nghi%E1%BB%87m-th%E1%BB%B1c-t%E1%BA%BF-t%C3%ADnh-n%C4%83ng-m%E1%BB%9Bi-tr%C3%AAn-vinfast-vf5-c%C3%B9ng-c%E1%BB%91p-%C4%91i%E1%BB%87n-setgate-%C4%91%E1%BA%B7c-bi/1082057861049868,video,TRẢI NGHIỆM THỰC TẾ TÍNH NĂNG MỚI TRÊN VINFAST ...,"TRẢI NGHIỆM THỰC TẾ TÍNH NĂNG MỚI TRÊN VINFAST VF5 CÙNG CỐP ĐIỆN ... VINFAST VF3 – NÂNG CẤP KHUNG GẦM, TỰ TIN HƠN TRÊN MỌI HÀNH TRÌNH.","site:facebook.com ""VinFast VF3"" ""trải nghiệm thực tế""",2026-09-15 19:29:52
https://www.facebook.com/kinhte.kienthuc/videos/vf-8-ghi-%C4%91i%E1%BB%83m-tuy%E1%BB%87t-%C4%91%E1%BB%91i-nh%E1%BB%9D-tr%E1%BA%A3i-nghi%E1%BB%87m-th%E1%BB%B1c-t%E1%BA%BF-c%E1%BB%A7a-ng%C6%B0%E1%BB%9Di-d%C3%B9ng-v%C3%A0-lo%E1%BA%A1t-%C6%B0u-%C4%91%C3%A3i-ch/1974893879723974,video,VF 8 GHI ĐIỂM TUYỆT ĐỐI NHỜ TRẢI NGHIỆM THỰC TẾ ...,"[HOT] VinFast VF3 Plus 2026 [HOT] VinFast VF3 Plus 2026. Jun 21, 2026 ... VF 8 GHI ĐIỂM TUYỆT ĐỐI NHỜ TRẢI NGHIỆM THỰC TẾ CỦA NGƯỜI DÙNG VÀ LOẠT ...","site:facebook.com ""VinFast VF3"" ""trải nghiệm thực tế""",2026-09-15 19:29:52
https://www.facebook.com/ChungAuto.vncom/videos/tr%E1%BA%A3i-nghi%E1%BB%87m-th%E1%BB%B1c-t%E1%BA%BF-vf3-v%E1%BB%9Bi-%C4%91%C3%A8n-led-x8/602819272675821,video,Trải nghiệm lái VF3 tuyệt vời hơn với đèn LED Vision X8 ...,"VinFast VF3 nhỏ gọn, linh hoạt khi di chuyển trong đô thị. 08 ... Trải nghiệm thực tế VF3 với đèn Led X8.","site:facebook.com ""VinFast VF3"" ""trải nghiệm thực tế""",2026-09-15 19:29:52
https://www.facebook.com/groups/1023069638660550/posts/1138502010450645,group_post,BỨC XÚC VỚI CHẤT LƯỢNG XE VF3: NHAN XE CHUA ...,"... trải nghiệm thực tế lại khiến tôi tự hỏi liệu hãng có thật sự kiểm ... Hội VinFast VF3, VF 3 Việt Nam™ (VinFastVF3ClubVN). Nguyen Doan ...","site:facebook.com ""VinFast VF3"" ""trải nghiệm thực tế""",2026-09-15 19:29:52
https://www.facebook.com/groups/vinfastvf3bamien/posts/9412467512098543,group_post,Tổng hợp lỗi thường gặp của vf3 và cách khắc phục. Xin ...,Tổng hợp lỗi thường gặp của vf3 và cách khắc phục. Xin kinh nghiệm ... VinFast VF3 Ba Miền. Ba Xíu23h. Bệ tỳ tay mẫu gọn gàng ...,"site:facebook.com ""VinFast VF3"" ""lỗi thường gặp""",2026-09-15 19:29:54
https://www.facebook.com/groups/vf3clubvn369/posts/4035731653325428,group_post,Chưa có bác nào tổng hợp các lỗi thường gặp trên VF3 và ...,"Chưa có bác nào tổng hợp các lỗi thường gặp trên VF3 và cách sử lý nhỉ ? ... VinFast VF3 Việt Nam - VINNO CLUB. Phó DũngJan 15, 2025. Chưa có bác ...","site:facebook.com ""VinFast VF3"" ""lỗi thường gặp""",2026-09-15 19:29:54
https://www.facebook.com/Auto365HP325HV/videos/c%C3%A1ch-x%E1%BB%AD-l%C3%BD-nhanh-khi-vf3-g%E1%BA%B7p-l%E1%BB%97i-t%E1%BA%A1i-nh%C3%A0/557675394060884,video,VF3 BỊ LỖI? ĐỪNG HOANG MANG – ĐÂY LÀ CÁCH XỬ LÝ ...,"Nhưng bạn biết không, có “cách xử lý nhanh” giúp xử lý hầu hết các lỗi thường gặp, vài thao tác cơ bản và một chút kiên nhẫn! ... Vá lốp lưu ...","site:facebook.com ""VinFast VF3"" ""lỗi thường gặp""",2026-09-15 19:29:54
https://www.facebook.com/groups/1023069638660550/posts/1446406152993561,group_post,Các bác đang trải nghiệm vf3 cho e hỏi các lỗi thường gặp ...,"Các bác đang trải nghiệm vf3 cho e hỏi các lỗi thường gặp là gì được ko ạ? ... Hội VinFast VF3, VF 3 Việt Nam™ (VinFastVF3ClubVN). Duyen T. LeFeb ...","site:facebook.com ""VinFast VF3"" ""lỗi thường gặp""",2026-09-15 19:29:54
https://www.facebook.com/groups/405938162257035/posts/582414911276025,group_post,Chuyên gia độ xe nói gì về vụ VinFast VF 3 cháy ở TP.HCM,"⚙️ TỔNG HỢP CÁC LỖI THƯỜNG GẶP TRÊN XE VINFAST EVO200 – FELIZ S & CÁCH ... HÀ NỘI: Ông Phạm Văn Chính, 51 tuổi, mua xe VinFast VF3 ngày 17/6/2025 ...","site:facebook.com ""VinFast VF3"" ""lỗi thường gặp""",2026-09-15 19:29:54
https://www.facebook.com/chuyengiapin/videos/s%E1%BB%ADa-pin-xe-vinfast-vf3-ti%E1%BA%BFt-ki%E1%BB%87m-60-tri%E1%BB%87u-cho-ch%E1%BB%A7-xe-vinfast-vf3-b%E1%BB%8B-c%C3%A0-g%E1%BA%A7m-h%C6%B0-pi/1705280247134991,video,Sửa Pin Xe Vinfast VF3 Tiết Kiệm 60 Triệu ...,"Sửa Pin Xe Vinfast VF3 Tiết Kiệm 60 Triệu Cho Chủ Xe, Vinfast VF3 ... Sửa Pin Xe Vinfast VF3 Tiết Kiệm 60 Triệu Cho Chủ Xe, Vinfast VF3 ... lỗi thường gặp: • Pin ...","site:facebook.com ""VinFast VF3"" ""lỗi thường gặp""",2026-09-15 19:29:54
https://www.facebook.com/groups/1023069638660550/posts/1500418520925657,group_post,Bản vf3 plus mới có hay lỗi ko các bác ..,"Le ▻ Hội VinFast VF3, VF 3 Việt Nam™ (VinFastVF3ClubVN). 27w · Public · Các bác đang trải nghiệm vf3 cho e hỏi các lỗi thường gặp là gì được ko ...","site:facebook.com ""VinFast VF3"" ""lỗi thường gặp""",2026-09-15 19:29:54
https://www.facebook.com/groups/vinfastvf9/posts/1446823722794857,group_post,"Xe VinFast vào xưởng, khách được hỗ trợ 1 triệu đồng ...","Dat Ho ▻ Hội VinFast VF3, VF 3 Việt Nam™ (VinFastVF3ClubVN). 1y · Public ... ⚙️ TỔNG HỢP CÁC LỖI THƯỜNG GẶP TRÊN XE VINFAST EVO200 – FELIZ S & CÁCH ...","site:facebook.com ""VinFast VF3"" ""lỗi thường gặp""",2026-09-15 19:29:54
https://www.facebook.com/auto365cantho/videos/%E1%BB%91p-pin-vinfast-vf7-ch%E1%BA%AFc-ch%E1%BA%AFn-b%E1%BB%81n-%C4%91%E1%BA%B9p-%EF%B8%8Fl%E1%BA%AFp-%C4%91%E1%BA%B7t-zin-kh%C3%B4ng-%C4%91%E1%BB%99-ch%E1%BA%BF-ch%E1%BB%91ng-%C4%91%C3%A1-v%C4%83ng-ch%E1%BB%91/4422729434653148,video,ỐP PIN VINFAST VF7 Chắc chắn - bền - đẹp ‼Lắp đặt zin ...,... VINFAST VF3 BỊ CÀ GẦM – HƯ PIN? GIẢI PHÁP GIÚP CHỦ XE TIẾT KIỆM ĐẾN ... lỗi thường gặp: • Pin yếu nhanh sau va chạm • Xe báo lỗi pin ...,"site:facebook.com ""VinFast VF3"" ""lỗi thường gặp""",2026-09-15 19:29:54
https://www.facebook.com/61589269797304/videos/s%E1%BB%ADa-kh%E1%BB%91i-pin-xe-vinfast-vf3-chi%E1%BA%BFc-xe-c%E1%BB%A7a-b%C3%A1c-ch%E1%BB%A7-%C4%91%E1%BA%BFn-t%E1%BB%AB-ninh-b%C3%ACnh-xe-c%E1%BB%A7a-b%C3%A1c-b%E1%BB%8B-/2414099215721360,video,Sửa Khối Pin Xe Vinfast VF3 chiếc xe của bác chủ đến từ ...,"... vinfast vf3 lỗi điều hòa, vinfast vf3 lỗi vô lăng, vinfast vf3 lỗi cảnh báo, vinfast vf3 lỗi sau khi nhận xe, vinfast vf3 lỗi thường gặp, ...","site:facebook.com ""VinFast VF3"" ""lỗi thường gặp""",2026-09-15 19:29:54
https://www.facebook.com/groups/735017323524263/posts/2605928653099778,group_post,Hỗ trợ chuẩn đoán lỗi phần điện xe máy điện Vinfast sau ...,"⚙️ TỔNG HỢP CÁC LỖI THƯỜNG GẶP TRÊN XE VINFAST EVO200 – FELIZ S ... Chạy xe máy đã khổ, các bác cầm lái xe điện VinFast (VF3, VF5 ...","site:facebook.com ""VinFast VF3"" ""lỗi thường gặp""",2026-09-15 19:29:56
https://www.facebook.com/groups/1023069638660550/posts/1405654097068767,group_post,CỐP TRƯỚC VF3 KIỂU MỚI 95 v truck,"Hội VinFast VF3, VF 3 Việt Nam™ (VinFastVF3ClubVN). Tai Tit ... Các bác đang trải nghiệm vf3 cho e hỏi các lỗi thường gặp là gì được ko ạ?","site:facebook.com ""VinFast VF3"" ""lỗi thường gặp""",2026-09-15 19:29:56
https://www.facebook.com/groups/1023069638660550/posts/1421655515468625,group_post,Anh cho em xin ý kiến là e tính mua vf3. Nhưng nhu cầu đi ...,"Hội VinFast VF3, VF 3 Việt Nam™ (VinFastVF3ClubVN) ... Các bác đang trải nghiệm vf3 cho e hỏi các lỗi thường gặp là gì được ko ạ?","site:facebook.com ""VinFast VF3"" ""lỗi thường gặp""",2026-09-15 19:29:56
https://www.facebook.com/groups/vinfastvf5plus3mien/posts/1636253864312673,group_post,"Các pác thử ngay đi, dùng tay ấn xuống ngay chổ này sẽ bị ...","⚙️ TỔNG HỢP CÁC LỖI THƯỜNG GẶP TRÊN XE VINFAST EVO200 – FELIZ S ... Anonymous participant ▻ Hội VinFast VF3, VF 3 Việt Nam™ (VinFastVF3ClubVN).","site:facebook.com ""VinFast VF3"" ""lỗi thường gặp""",2026-09-15 19:29:56
https://www.facebook.com/groups/hoivinfastvf3vietnam/posts/935249692865297,group_post,🔥 VF3 Mua Đứt Pin – Miễn Phí Sạc Không Giới Hạn,Đã cập nhật và xử lý toàn bộ các lỗi thường gặp của TC1. ... HỘI YÊU XE VINFAST VF3. Ken Pham ... Vinfast VF3 Mua Pin Sạc Ko Giới Hạn Sản xuất 2025 ...,"site:facebook.com ""VinFast VF3"" ""lỗi thường gặp""",2026-09-15 19:29:56
https://www.facebook.com/groups/1023069638660550/posts/1484074419226734,group_post,mình đang dự định mua vf3 ko biết bản plus chuay hay lỗi ko,"Các bác đang trải nghiệm vf3 cho e hỏi các lỗi thường gặp là gì được ko ạ? ... Sắm tết mệt phết ▻ Hội VinFast VF3, VF 3 Việt Nam™ ( ...","site:facebook.com ""VinFast VF3"" ""lỗi thường gặp""",2026-09-15 19:29:56
https://www.facebook.com/mrcheandreviewtv/videos/diy-pin-cho-xe-vinfast-ludo-impes-klara-s-ch%E1%BA%A1y-kh%C3%B4ng-bao-gi%E1%BB%9D-l%E1%BB%97i-n%E1%BB%AFa/1239276704554300,video,DIY Pin cho xe Vinfast Ludo Impes Klara S chạy không bao ...,"Sửa sạc vinfast -p14 *lỗi thường gặp ở sạc 400w đứt cáp Anh em. 03:35 ... Sửa pin xe vinfast VF3 Bị nước Vào, Lỗi pin xe vf3, sửa xe vin ...","site:facebook.com ""VinFast VF3"" ""lỗi thường gặp""",2026-09-15 19:29:56
https://www.facebook.com/groups/1023069638660550/posts/1457772051856971,group_post,"Dạ các anh, chị, cô, chú cho em xin xíu chia sẻ là sau khi ...","Le ▻ Hội VinFast VF3, VF 3 Việt Nam™ (VinFastVF3ClubVN). 29w · Public · Các bác đang trải nghiệm vf3 cho e hỏi các lỗi thường gặp là gì được ko ...","site:facebook.com ""VinFast VF3"" ""lỗi thường gặp""",2026-09-15 19:29:56
https://www.facebook.com/groups/vf3clubvn369/posts/4116783235220269,group_post,Xe em là vf3 bị tai nạn làm nổ túi khí và cháy cầu chì pin ...,"Tuy nhiên chủ cơ sở sửa chữa cũng cho biết trường hợp đứt dây đai hộp số rất hy hữu, chiếm tỷ lệ nhỏ so với những lỗi thường gặp khi sở hữu ôtô.","site:facebook.com ""VinFast VF3"" ""lỗi thường gặp""",2026-09-15 19:29:56
https://www.facebook.com/groups/1023069638660550/posts/1482361642731345,group_post,Em thấy nhiều người hay chê vf3 đa phần chắc mới ...,Em thấy nhiều người hay chê vf3 đa phần chắc mới thấy chứ chưa trải nghiệm thử ngoài đi đường xấu hơi sóc còn em chạy ngoài quốc lộ cứ đạp ...,"site:facebook.com ""VinFast VF3"" ""khen chê chia sẻ kinh nghiệm""",2026-09-15 19:32:08
https://www.facebook.com/groups/1023069638660550/posts/1273045136996331,group_post,"Chào các anh em, Mình muốn xin lời khuyên thực tế của ...","Đọc review thấy cũng nhiều ý kiến khen chê Bé 3, thấy có người nói xe điện cũng khó lái cho người mới vì nó chông chênh. Mà khả năng tài chính ...","site:facebook.com ""VinFast VF3"" ""khen chê chia sẻ kinh nghiệm""",2026-09-15 19:32:08
https://www.facebook.com/groups/1023069638660550/posts/1563192767981565,group_post,Tình hình là em chuẩn bị lấy vf3 plus các bác ạ. Nhà em có ...,Tình hình là em chuẩn bị lấy vf3 plus các bác ạ. Nhà em có sẵn con City rồi nhưng 2 vợ chồng chia nhau thời gian khá bất tiện.,"site:facebook.com ""VinFast VF3"" ""khen chê chia sẻ kinh nghiệm""",2026-09-15 19:32:08
https://www.facebook.com/oneshotreviewofficial/videos/l%C3%A1i-th%E1%BB%AD-vinfast-vf3-khen-v%C3%A0-ch%C3%AA-%C4%91%C3%BAng-ch%E1%BA%A5t-xe-cho-%C4%91%C3%B4-th%E1%BB%8B-t%E1%BA%A7m-quan-s%C3%A1t-si%C3%AAu-r%E1%BB%99ng-c/505763005195097,video,Lái thử VinFast VF3 KHEN và CHÊ #vinfast #VF3 #VinfastVF3 ...,"Thanh Bình Pc đây luôn nè bác, thuế ttdb của xe điện hiện tại là 3%, nếu mà xe có tỷ lệ nhập khẩu linh kiện nhiều thì thuế sẽ tăng theo. Còn các ...","site:facebook.com ""VinFast VF3"" ""khen chê chia sẻ kinh nghiệm""",2026-09-15 19:32:08
https://www.facebook.com/hathanhauto.vn/videos/mua-vf3-hay-c%E1%BB%91-t%C3%AD-%C4%91%E1%BB%83-mua-xe-x%C4%83ng-hathanhauto-vinfast-xedien-vf3-vinfastvf3/3525321670942575,video,MUA VF3 HAY CỐ TÍ ĐỂ MUA XE XĂNG? #hathanhauto ...,MUA VF3 HAY CỐ TÍ ĐỂ MUA XE XĂNG? #hathanhauto #vinfast #xedien #vf3 #vinfastvf3.,"site:facebook.com ""VinFast VF3"" ""khen chê chia sẻ kinh nghiệm""",2026-09-15 19:32:08
https://www.facebook.com/groups/735017323524263/posts/2521403124885665,group_post,"Về việc chê trách , thậm chí dìm hàng Vinfast thì tôi thấy thế ...",Chuyện này cho thấy Vinfast quá non trong kinh nghiệm chế tạo ô tô. Các hãng khác có sản xuất xe điện mà mình đã sở hữu và đi thử như Audi ...,"site:facebook.com ""VinFast VF3"" ""khen chê chia sẻ kinh nghiệm""",2026-09-15 19:32:08
https://www.facebook.com/groups/1023069638660550/posts/1483913302576179,group_post,"Mình dự định mua VF3 mà nhà ko có chỗ để, phải để ngoài ...",- Lắp camera 360 + cam hành trình - Lên màn android để cài map - Thay 2 lốp sau để đi an toàn đỡ bay xe (chủ yếu nhà em di chuyển cao tốc HN - ...,"site:facebook.com ""VinFast VF3"" ""khen chê chia sẻ kinh nghiệm""",2026-09-15 19:32:08
https://www.facebook.com/anhemtv.vn/videos/mua-th%E1%BB%AD-%C3%B4-t%C3%B4-si%C3%AAu-nh%E1%BB%8F-188tr-m%E1%BA%ABu-%C3%B4-t%C3%B4-%C4%91%C3%B4-th%E1%BB%8B-n%C3%A0y-d%C3%A0nh-cho-ai-review-vinfast-vf2-c/1380577386891183,video,Mua thử ô tô siêu nhỏ 188tr: Mẫu ô tô đô thị này dành cho ai ...,Nay vừa trải nghiệm lái thực tế vừa chia sẻ tới mọi người cảm giác khi luồn lách qua các con ngõ siêu nhỏ ở Hà Nội như ngõ Quan Nhân trên VF2.,"site:facebook.com ""VinFast VF3"" ""khen chê chia sẻ kinh nghiệm""",2026-09-15 19:32:08
https://www.facebook.com/groups/vinfastvf6vietnam/posts/766640889767901,group_post,Vf6 Plus/ Cam hành trình có bác nào đang dùng ...,Dung Vu Ba ▻ Hội Vinfast VF5 Plus 3 Miền ... Thật tế em nào ngon hơn các bác ? :) Trong cùng phân khúc giá nhờ các bác đánh giá ưu - nhược điểm ...,"site:facebook.com ""VinFast VF5"" ""đánh giá ưu nhược điểm""",2026-09-15 19:33:33
https://www.facebook.com/groups/httpsvinfastvietnam.net.vn/posts/4452136995043534,group_post,🚗 VinFast VF5 Plus 2025 – Pin mua,VinFast VF5 Plus 2025 – Pin mua ✓ ODO: 26.000 km ... VinFast VF5 Plus 2025 – Pin mua ✓ ODO ... đánh giá ưu/nhược điểm Limo Green không quảng cáo ...,"site:facebook.com ""VinFast VF5"" ""đánh giá ưu nhược điểm""",2026-09-15 19:33:33
https://www.facebook.com/groups/httpsvinfastvietnam.net.vn/posts/4446111918979375,group_post,"Mẫu xe vừa thích hợp cho gia đình, vừa phù hợp chạy dịch vụ","VinFast VF5 - Mẫu xe vừa thích hợp cho gia đình, vừa phù hợp chạy dịch vụ Lăn bánh chỉ từ 4xx Phương VinFast KSG Quảng Trị 0328612956 #VinFast #VF5 #xuhuong ...","site:facebook.com ""VinFast VF5"" ""đánh giá ưu nhược điểm""",2026-09-15 19:33:33
https://www.facebook.com/groups/vinfastvf5plus3mien/posts/1755845022353556,group_post,"Chào các bác, e đang muốn mua 1 cái kích bình kèm bơm ...","Hội Vinfast VF5 Plus 3 Miền. Thanh Hải6d. Chào các bác, e đang ... đánh giá ưu nhược điểm, hay các bác biết loại nào hay hơn thì giới ...","site:facebook.com ""VinFast VF5"" ""đánh giá ưu nhược điểm""",2026-09-15 19:33:33
https://www.facebook.com/groups/httpsvinfastvietnam.net.vn/posts/4421154624808438,group_post,Vinfast VF5 sản xuất 2025 bản mua pin,Vinfast VF5 sản xuất 2025 bản mua pin chạy có 4v ... Vinfast VF5 sản xuất 2025 bản mua pin chạy ... đánh giá ưu/nhược điểm Limo Green không quảng cáo ...,"site:facebook.com ""VinFast VF5"" ""đánh giá ưu nhược điểm""",2026-09-15 19:33:33
https://www.facebook.com/Autodaily/videos/vinfast-vf-5-th%E1%BB%91ng-tr%E1%BB%8B-ph%C3%A2n-kh%C3%BAc-suv-c%E1%BB%A1-a-nh%E1%BB%9D-b%C3%A0i-to%C3%A1n-kinh-t%E1%BA%BF-th%C3%B4ng-minhautodai/1359289285306381,video,VinFast VF 5 thống trị phân khúc SUV cỡ A nhờ bài toán kinh ...,VinFast VF5 Plus Trả Trước 20Tr nhận xe #vinfast #xuhuong #viral ... Trải Nghiệm Thực Tế VinFast VF3 Sau 20.000 KM: Khen Chê Sòng Phẳng ...,"site:facebook.com ""VinFast VF5"" ""trải nghiệm thực tế""",2026-09-15 19:33:38
https://www.facebook.com/dubaicarevn/posts/-tr%E1%BA%A3i-nghi%E1%BB%87m-th%E1%BB%B1c-t%E1%BA%BF-t%C3%ADnh-n%C4%83ng-m%E1%BB%9Bi-tr%C3%AAn-vinfast-vf5-c%C3%B9ng-c%E1%BB%91p-%C4%91i%E1%BB%87n-setgate-%C4%91%E1%BA%B7c-bi/1561709262841944,page_or_user_post,dubai care +,"TRẢI NGHIỆM THỰC TẾ TÍNH NĂNG MỚI TRÊN VINFAST VF5 CÙNG CỐP ĐIỆN SETGATE Đặc biệt với anh em chạy dịch vụ, di chuyển liên tục và thường ...","site:facebook.com ""VinFast VF5"" ""trải nghiệm thực tế""",2026-09-15 19:33:38
https://www.facebook.com/groups/aemexe/posts/3699708786850697,group_post,Mọi người ơi cho e xin đánh giá về vf5 đi với lại là nghe nói ...,Nhờ các bác chia sẻ trải nghiệm thực tế giúp em. Anh chị sale ... Quân ▻ Hội VinFast VF5 Việt Nam ! 14w · Public · Em đang tìm hiểu để ...,"site:facebook.com ""VinFast VF5"" ""trải nghiệm thực tế""",2026-09-15 19:33:38
https://www.facebook.com/groups/vinfastvf5plus3mien/posts/1740111173926941,group_post,"Mọi người cho em hỏi, VF5 các sử dụng hàng ngày dùng ...","Nhờ các bác chia sẻ trải nghiệm thực tế giúp em. Anh chị sale nào ... Anonymous participant ▻ Hội VinFast VF5, VF 5 Việt Nam™ (VinFastVF5ClubVN).","site:facebook.com ""VinFast VF5"" ""trải nghiệm thực tế""",2026-09-15 19:33:38
https://www.facebook.com/doanhonggiang/posts/-vinfast-vf5-c%E1%BA%A3m-nh%E1%BA%ADn-c%E1%BB%A7a-u60-sau-khi-ch%E1%BA%A1y-170-km-trong-24-gi%E1%BB%9D-thu%C3%AA-xe-900kng%C3%A0y-/10245453000997607,page_or_user_post,➤ VinFast VF5 - Cảm nhận của U60 sau khi chạy 170 Km ...,➤ Trải nghiệm thực tế với VinFast VF5: - Không gian: Xe nhỏ gọn nhưng đủ chỗ cho 5 người (gia đình có 3 con trai dáng người gầy nên ngồi ...,"site:facebook.com ""VinFast VF5"" ""trải nghiệm thực tế""",2026-09-15 19:33:38
https://www.facebook.com/groups/vinfastvf5plus3mien/posts/1316982476239815,group_post,Em lần đầu mua xe. VF5 là chiếc đầu tiên. Cần lưu ý ...,Nhờ các bác chia sẻ trải nghiệm thực tế giúp em. Anh chị sale ... Quân ▻ Hội VinFast VF5 Việt Nam ! 14w · Public · Em đang tìm hiểu để ...,"site:facebook.com ""VinFast VF5"" ""trải nghiệm thực tế""",2026-09-15 19:33:38
https://www.facebook.com/vinfast3squangngai/posts/-l%C3%A1i-th%E1%BB%AD-xe-vinfast-t%E1%BA%A1i-ngh%C4%A9a-h%C3%A0nh-tr%E1%BA%A3i-nghi%E1%BB%87m-th%E1%BB%B1c-t%E1%BA%BF-nh%E1%BA%ADn-%C6%B0u-%C4%91%C3%A3i-h%E1%BA%A5p-d%E1%BA%ABn-b%E1%BA%A1n-%C4%91/122210766884499933,page_or_user_post,LÁI THỬ XE VINFAST TẠI NGHĨA HÀNH – TRẢI NGHIỆM ...,"... trải nghiệm thực tế? Cuối tuần này, hãy ghé ngay sự kiện lái thử của ... VINFAST VF5 – SUV ĐIỆN CHO GIA ĐÌNH TRẺ TẠI QUẢNG NGÃI ...","site:facebook.com ""VinFast VF5"" ""trải nghiệm thực tế""",2026-09-15 19:33:38
https://www.facebook.com/VinFastAuto.Official/posts/vinfast-vf-8-an-t%C3%A2m-di-chuy%E1%BB%83nv%E1%BB%9Bi-m%E1%BA%A1ng-l%C6%B0%E1%BB%9Bi-h%C6%A1n-150000-c%E1%BB%95ng-s%E1%BA%A1c-vinfast-ph%E1%BB%A7-r%E1%BB%99ng-/1256968629984722,page_or_user_post,VINFAST VF 8 - AN TÂM DI CHUYỂN Với mạng lưới hơn ...,"#Vinfast #Vf5 2024 mua pin miễn sạc 06/2027, odo 10 ... ✓ LÁI THỬ MIỄN PHÍ – Đăng ký ngay, trải nghiệm thực tế hoàn toàn không tốn phí!","site:facebook.com ""VinFast VF5"" ""trải nghiệm thực tế""",2026-09-15 19:33:38
https://www.facebook.com/groups/vinfastvf5plus3mien/posts/1311516823453047,group_post,Mấy anh cho em xin các lỗi thường gặp trên vf5 và cách ...,Mấy anh cho em xin các lỗi thường gặp trên vf5 và cách khắc phục nha.em cảm ơn. ... Hội Vinfast VF5 Plus 3 Miền. Tùng EM Tây Bắc2h. Em xin hỏi các ...,"site:facebook.com ""VinFast VF5"" ""lỗi thường gặp""",2026-09-15 19:36:47
https://www.facebook.com/chuyengiapin/posts/s%E1%BB%ADa-%C4%91%E1%BB%99ng-c%C6%A1-xe-vinfast-vf5-l%C6%B0u-%C4%91%E1%BB%99ng-t%E1%BA%A1i-vi%E1%BB%87t-namchuy%C3%AAn-gia-pin-chuy%C3%AAn-s%E1%BB%ADa-ch%E1%BB%AFa-%C4%91/122114841200310246,page_or_user_post,SỬA ĐỘNG CƠ XE VINFAST VF5 LƯU ĐỘNG TẠI VIỆT NAM ...,SỬA ĐỘNG CƠ XE VINFAST VF5 LƯU ĐỘNG TẠI VIỆT NAM Chuyên Gia Pin chuyên sửa chữa động cơ điện VinFast VF5 ... lỗi thường gặp trên VF5: ✓ VF5 báo ...,"site:facebook.com ""VinFast VF5"" ""lỗi thường gặp""",2026-09-15 19:36:47
https://www.facebook.com/chuyengiapin/videos/s%E1%BB%ADa-c%C3%A1p-s%E1%BA%A1c-vf5-uy-t%C3%ADn-kh%E1%BA%AFc-ph%E1%BB%A5c-l%E1%BB%97i-s%E1%BA%A1c-kh%C3%B4ng-v%C3%A0o-%C4%91i%E1%BB%87n-c%C3%A1p-s%E1%BA%A1c-b%E1%BB%8B-chu%E1%BB%99t-c%E1%BA%AFn-%C4%91%E1%BB%A9t/1980670492551292,video,"Sửa cáp sạc VF5 uy tín – khắc phục lỗi sạc không vào điện, cáp ...",... lỗi thường gặp ... VinFast. #vf5 #vinfastvf5 #vf6 #vf7 #vfe34 ... VinFast VF5 bị chuột cắn các bác nhá. Em sẽ giới thiệu sơ qua ...,"site:facebook.com ""VinFast VF5"" ""lỗi thường gặp""",2026-09-15 19:36:47
https://www.facebook.com/groups/vinfastvf5plus3mien/posts/1077582910179774,group_post,[Góc Newbie] LỖI SẠC 12V - HIỂU SAO CHO ĐÚNG ...,"... Vinfast VF5 Plus 3 Miền, Dạo gần đây em bắt đầu thấy Lửng chạy ngoài ... lỗi thường gặp. Vì vậy, để giúp anh em nhanh chóng làm quen ...","site:facebook.com ""VinFast VF5"" ""lỗi thường gặp""",2026-09-15 19:36:47
https://www.facebook.com/groups/vinfastvf5plus3mien/posts/1645009670103759,group_post,Chào các bác,Tính Ca ▻ Hội Xe Điện VinFast VF5 Việt Nam. 36w · Public · Vinfast ... ⚙️ TỔNG HỢP CÁC LỖI THƯỜNG GẶP TRÊN XE VINFAST EVO200 – FELIZ S ...,"site:facebook.com ""VinFast VF5"" ""lỗi thường gặp""",2026-09-15 19:36:47
https://www.facebook.com/groups/vinfastvf5plus3mien/posts/c%C3%A1c-b%C3%A1c-cho-em-h%E1%BB%8Fi-l%E1%BB%97i-gi%E1%BA%A3m-c%C3%B4ng-xu%E1%BA%A5t-v%E1%BB%9Bi-l%E1%BB%97i-h%E1%BB%87-th%E1%BB%91ng-%C4%91i%E1%BB%81u-khi%E1%BB%83n-n%C3%A0y-ph%E1%BA%A3i-l%C3%A0m-c/1417055196232542,group_post,Các bác cho em hỏi lỗi giảm công xuất với lỗi hệ thống ...,Other posts. Đăng Tùng ▻ Hội Vinfast VF5 Plus 3 Miền. 1y ... lỗi thường gặp nhất trên biến tần trong quá trình vận hành. Tuy phổ ...,"site:facebook.com ""VinFast VF5"" ""lỗi thường gặp""",2026-09-15 19:36:47
https://www.facebook.com/chuyengiapin/videos/s%E1%BB%ADa-%C4%91%E1%BB%99ng-c%C6%A1-xe-vinfast-vf5-l%C6%B0u-%C4%91%E1%BB%99ng-t%E1%BA%A1i-vi%E1%BB%87t-namchuy%C3%AAn-gia-pin-chuy%C3%AAn-s%E1%BB%ADa-ch%E1%BB%AFa-%C4%91/1027270839865282,video,SỬA ĐỘNG CƠ XE VINFAST VF5 LƯU ĐỘNG TẠI ...,"... VinFast VF5 bị hư hỏng do tai nạn, ngập nước, lỗi hệ thống truyền động hoặc hao mòn sau thời gian dài sử dụng. Các lỗi thường gặp trên VF5: ✓ VF5 báo lỗi ...","site:facebook.com ""VinFast VF5"" ""lỗi thường gặp""",2026-09-15 19:36:47
https://www.facebook.com/groups/vinfastvf5plus3mien/posts/1626405161964210,group_post,"Xe đi vào đường xấu, đường bê tông, gầm trước kêu lộc ...",Hội Vinfast VF5 Plus 3 Miền. xin_dấu_tênMar 27. Xe đi vào đường ... Lỗi thường gặp: Nhả côn quá nhanh khiến xe chết máy hoặc tăng ga quá ...,"site:facebook.com ""VinFast VF5"" ""lỗi thường gặp""",2026-09-15 19:36:47
https://www.facebook.com/mexevf/videos/vf3-ng%E1%BA%ADp-n%C6%B0%E1%BB%9Bc-t%C4%A9nh-2-ng%C3%A0y-t%E1%BA%A1i-th%C3%A1i-nguy%C3%AAn-pin-ch%E1%BB%91ng-n%C6%B0%E1%BB%9Bc-r%E1%BA%A5t-t%E1%BB%91t-/1700414950897348,video,"#vf3 ngập nước tĩnh 2 ngày tại Thái Nguyên, PIN chống nước ...","Sửa sạc vinfast -p14 *lỗi thường gặp ở sạc 400w đứt cáp Anh em ... Trước khi thay cáp sạc, nhiều chủ xe VinFast VF5 thường gặp các tình trạng.","site:facebook.com ""VinFast VF5"" ""lỗi thường gặp""",2026-09-15 19:37:26
https://www.facebook.com/groups/vinfastvf5plus3mien/posts/1685324476072278,group_post,"Xe mình cập nhật phần mềm mới ngày hôm qua, trước khi ...",... lỗi thường gặp cùng cách xử lý hiệu quả: Lỗi Sạc Ác Quy 12V:Trước ... Quang FanVit ▻ HỘI Vinfast VF5 - VF5 Việt Nam™ ✓. 1y · Public ...,"site:facebook.com ""VinFast VF5"" ""lỗi thường gặp""",2026-09-15 19:37:26
https://www.facebook.com/groups/vinfastvf5plus3mien/posts/1560413718563355,group_post,xe điện nếu để 1 tuần không đi có sao ko các bác ? ...,Các bác cho mình hỏi về những lỗi thường gặp hoặc có thể phát sinh khi dùng xe điện với ạ. ... Long Gấu ▻ Hội Vinfast VF5 Plus 3 Miền. 1y ...,"site:facebook.com ""VinFast VF5"" ""lỗi thường gặp""",2026-09-15 19:37:26
https://www.facebook.com/groups/vinfastvf5plus3mien/posts/1373851973886198,group_post,Hay quá ae garage ngoài sửa được xe điện Vinfast rùi,"Anh em nên vào kênh này để nắm qua các lỗi thường gặp, bệnh định kỳ, bệnh kinh niên nhé. ... ModestAlpaca1791 ▻ Hội VinFast VF5, VF 5 Việt Nam™ ( ...","site:facebook.com ""VinFast VF5"" ""lỗi thường gặp""",2026-09-15 19:37:26
https://www.facebook.com/chuyengiapin/videos/s%E1%BB%ADa-c%E1%BB%95ng-s%E1%BA%A1c-xe-vinfast-vf9-kh%E1%BA%AFc-ph%E1%BB%A5c-l%E1%BB%97i-ccs2-do-va-ch%E1%BA%A1mc%E1%BB%95ng-s%E1%BA%A1c-ccs2-tr%C3%AAn-vinf/2004340826835158,video,SỬA CỔNG SẠC XE VINFAST VF9 – KHẮC PHỤC LỖI CCS2 ...,"... lỗi thường gặp: • Không nhận sạc ... Jun 26, 2026 · 13K views. SỬA CỔNG SẠC VINFAST VF5 KHÔNG NHẬN SẠC – THAY CỔNG SẠC MỚI VinFast VF5 báo.","site:facebook.com ""VinFast VF5"" ""lỗi thường gặp""",2026-09-15 19:37:26
https://www.facebook.com/groups/398556705791228/posts/1359162063064016,group_post,"CẮT LỖ #VINFAST_Viper Siêu Lướt, Bọc Full #NILONG😭😭😭","⚙️ TỔNG HỢP CÁC LỖI THƯỜNG GẶP TRÊN XE VINFAST EVO200 – FELIZ S ... Vinfast VF5, VF6, VF7, VF8, VF9. 37w · Public · Sửa động cơ Vinfast ...","site:facebook.com ""VinFast VF5"" ""lỗi thường gặp""",2026-09-15 19:37:26
https://www.facebook.com/groups/vinfastvf5plus3mien/posts/1615823763022350,group_post,Trước em có thấy bác nào chia sẽ cách làm giảm tiếng gió ...,"Hội Vinfast VF5 Plus 3 Miền. Bảo TrọngMar 14. Trước em có thấy ... lỗi thường gặp và biết cách sắp xếp, bố trí được lỗi sai để căn nhà ...","site:facebook.com ""VinFast VF5"" ""lỗi thường gặp""",2026-09-15 19:37:26
https://www.facebook.com/groups/2568929810133569/posts/2851980378495176,group_post,"VF5 vừa bảo dưỡng mốc 238.809 km, tổng chi phí chưa tới 2 ...",... Vinfast VF5 Ba Miền (Nhóm Chính Thức) #Vinnoauto #Vinfast #Vf5 ... Hội Vinfast VF5 Ba Miền (Nhóm Chính Thức) #Vinnoauto #Vinfast #Vf5 ... chi phí nuôi xe: bảo ...,"site:facebook.com ""VinFast VF5"" ""chi phí nuôi xe bảo dưỡng""",2026-09-15 19:37:28
https://www.facebook.com/groups/gearupvn/posts/1562288608669601,group_post,"Gia đình vc 2 trẻ con, chủ yếu dùng về quê nội ngoại tháng ...","Dương Nguyễn ▻ Hội Vinfast VF5 Plus 3 Miền. 40w · Public · Các ... chi phí nuôi xe: bảo dưỡng, phí đường bộ cũng mất tầm vài triệu chứ ...","site:facebook.com ""VinFast VF5"" ""chi phí nuôi xe bảo dưỡng""",2026-09-15 19:37:28
https://www.facebook.com/groups/gearupvn/posts/1445579280340535,group_post,Nhờ anh em nhà GUVN chọn xe cho vợ hộ em! Mãi yêu ...,"chi phí nuôi xe: bảo dưỡng, phí đường bộ cũng mất tầm vài triệu chứ ... Duy Anh ▻ Hội Xe Điện VinFast VF5 Plus Việt Nam. 25w · Public ...","site:facebook.com ""VinFast VF5"" ""chi phí nuôi xe bảo dưỡng""",2026-09-15 19:37:28
https://www.facebook.com/groups/1146136506215419/posts/2334340570728334,group_post,"Các bác cho e xin ý kiến, e dự tính mua 1 em vf2 về làm ...","Anonymous participant ▻ Hội VinFast VF5 Việt Nam ! 39w ... chi phí nuôi xe: bảo dưỡng, phí đường bộ cũng mất tầm vài triệu chứ ...","site:facebook.com ""VinFast VF5"" ""chi phí nuôi xe bảo dưỡng""",2026-09-15 19:37:28
https://www.facebook.com/groups/gearupvn/posts/1474216524143477,group_post,Những cảm nhận sau 12 tiếng trải nghiệm đầu tiên với EV ...,"Như VinBus chẳng hạn, gần như không cạnh tranh trực tiếp với doanh nghiệp nào nên ít thấy bài báo chê, đa phần đều là những đánh giá tích cực.","site:facebook.com ""VinFast VF5"" ""khen chê chia sẻ kinh nghiệm""",2026-09-15 19:37:32
https://www.facebook.com/Otofun.Community/posts/v%E1%BB%9Bi-th%E1%BB%8B-tr%C6%B0%E1%BB%9Dng-xe-d%E1%BB%8Bch-v%E1%BB%A5-c%C4%83ng-th%E1%BA%B3ng-nh%C6%B0-hi%E1%BB%87n-t%E1%BA%A1i-c%C3%A1c-b%C3%A1c-t%C3%A0i-m%E1%BB%9Bi-c%E1%BA%A7n-l%C6%B0u-%C3%BD-nh%E1%BB%AFn/1422354506596898,page_or_user_post,"Với thị trường xe dịch vụ căng thẳng như hiện tại, các bác tài ...",Một người mà mới mua chiếc VinFast VF5 này và mới tham gia thị trường kinh doanh dịch vụ. ... Hai anh liệu có kinh nghiệm gì có thể chia sẻ cho ...,"site:facebook.com ""VinFast VF5"" ""khen chê chia sẻ kinh nghiệm""",2026-09-15 19:37:32
https://www.facebook.com/groups/vinfastvf5plus3mien/posts/1239503200654410,group_post,Review nhanh về 10.4 sau rất nhiều bỡ ngỡ! ...,- Logic điều hoà trực quan hơn (video) - Khởi hành ngang dốc hoạt động tốt và chính xác (như ở bản 10.2) mặc dù di chuyển chậm ko có nhiều thay ...,"site:facebook.com ""VinFast VF5"" ""khen chê chia sẻ kinh nghiệm""",2026-09-15 19:37:32
https://www.facebook.com/carplahanoi0988678503/posts/vinfast-vf5-kh%C3%B4ng-pha%CC%89i-ba%CC%81c-na%CC%80o-cu%CC%83ng-n%C3%AAn-cho%CC%A3n-v%C3%AA%CC%80-cha%CC%A3y-di%CC%A3ch-vu%CC%A3-greensm-th/1537402455096397,page_or_user_post,Vinfast VF5 không phải bác nào cũng nên chọn về chạy ...,"Thứ nhất là nó rất phù hợp với những người mới sử dụng xe, chưa quen cách sử dụng. Đôi lúc ngoài giờ làm việc muốn hỏi nhân viên VF cũng hơi ...","site:facebook.com ""VinFast VF5"" ""khen chê chia sẻ kinh nghiệm""",2026-09-15 19:37:32
https://www.facebook.com/groups/vinfastvf5plus3mien/posts/1349744526296943,group_post,Hôm nay tự nhiên thấy mấy post kêu Hội Vinfast VF5 Plus ...,"Hôm nay tự nhiên thấy mấy post kêu Hội Vinfast VF5 Plus 3 Miền chỉ khen không được chê, post lỗi. Giải pháp xác thực đơn giản: vào thanh tìm ...","site:facebook.com ""VinFast VF5"" ""khen chê chia sẻ kinh nghiệm""",2026-09-15 19:37:32
https://www.facebook.com/groups/vinfastvf5plus3mien/posts/1024138098857589,group_post,"**Review VF5 sau gần 15.000 km! *(Bài này cũ rồi, ...","Lái rất thích VỀ CHI PHÍ VẬN HÀNH: • VF5 thực sự rất tiết kiệm, chỉ với khoảng hơn 120.000 VNĐ cho 1 lần sạc đầy từ 0->100% tại trạm sạc. Bạn sẽ ...","site:facebook.com ""VinFast VF5"" ""khen chê chia sẻ kinh nghiệm""",2026-09-15 19:37:32
https://www.facebook.com/groups/vinfastvf7vn/posts/2088772044998082,group_post,"Mình có 1 thắc mắc, không rành về xe nên nhờ mọi người ...","Mình có 1 thắc mắc, không rành về xe nên nhờ mọi người chia sẽ thêm kinh nghiệm nha. Mình đã mua VF5 rồi. Cũng có nhiều người chê xe được ko ...","site:facebook.com ""VinFast VF5"" ""khen chê chia sẻ kinh nghiệm""",2026-09-15 19:37:32
https://www.facebook.com/namvlogger/videos/xe-vinfast-c%C3%B3-th%E1%BB%B1c-s%E1%BB%B1-t%E1%BB%87-nh%C6%B0-l%E1%BB%9Di-%C4%91%E1%BB%93n/1376475014521049,video,Xe VinFast có thực sự tệ như lời đồn? | Bước Chân Vùng Cao,"Vinfast VF5 chạy đến 32vạn km ….PIN CHAI đến mức khó tin ?! May 25, 2026 · 42 views. Vinfast VF5 chạy đến ...","site:facebook.com ""VinFast VF5"" ""khen chê chia sẻ kinh nghiệm""",2026-09-15 19:37:32
https://www.facebook.com/chuyensieuxe/videos/%C6%B0u-nh%C6%B0%E1%BB%A3c-%C4%91i%E1%BB%83m-vinfast-vf-3-sau-70000-km-trong-10-th%C3%A1ng-ch%E1%BA%A1y-kh%E1%BA%AFp-%C4%91%C3%A8o-n%C3%BAi-%C4%91%C3%B4-th%E1%BB%8B/814996568093199,video,Đánh giá ưu nhược điểm xe điện VinFast VF 3 Sau 70.000 km ...,Đánh giá ưu nhược điểm xe điện VinFast VF 3 Sau ... Đánh giá ưu nhược điểm xe điện ... Chị gái người Mỹ mua Vinfast VF8 và đánh giá sau 2 năm sử dụng.,"site:facebook.com ""VinFast VF8"" ""đánh giá ưu nhược điểm""",2026-09-15 19:38:38
https://www.facebook.com/groups/184541067903276/posts/1004006955956679,group_post,"Bác nào dùng rồi cho Xin đánh giá, ưu nhược điểm ạ ...","Bác nào dùng rồi cho Xin đánh giá, ưu nhược điểm ạ( nhựa đặc) ... VinFast Vf8 2026 chạy lướt 3000km bản xuất Mỹ full đồ, tài chính 7xx ...","site:facebook.com ""VinFast VF8"" ""đánh giá ưu nhược điểm""",2026-09-15 19:38:38
https://www.facebook.com/xecungyeuxenhuvo/posts/ch%E1%BB%A7-xe-%C4%91%C3%A1nh-gi%C3%A1-%C6%B0u-nh%C6%B0%E1%BB%A3c-%C4%91i%E1%BB%83m-mitsubishi-xforce-premium-ch%C6%B0a-h%C3%A0i-l%C3%B2ng-v%E1%BB%81-h%E1%BB%87-th%E1%BB%91n/882319130599155,page_or_user_post,Chủ xe đánh giá ưu nhược điểm Mitsubishi Xforce Premium ...,Chủ xe đánh giá ưu nhược điểm Mitsubishi Xforce Premium: chưa ... VinFast VF8 là mẫu xe thực sự đáng mong chờ?? #xecung #reels. VinFast ...,"site:facebook.com ""VinFast VF8"" ""đánh giá ưu nhược điểm""",2026-09-15 19:38:38
https://www.facebook.com/groups/gearupvn/posts/707723754126095,group_post,"Bảng mô tả phân khúc xe, anh em thấy ra sao, cho thêm ý ...","Anonymous participant ▻ Hội VinFast VF8, VF 8 Việt Nam™ (VinFastVF8ClubVN) ... Mn cho e xin tư vấn và so sánh đánh giá ưu nhược điểm mấy mẫu trên ...","site:facebook.com ""VinFast VF8"" ""đánh giá ưu nhược điểm""",2026-09-15 19:38:38
https://www.facebook.com/groups/1167278443782686/posts/2411083946068790,group_post,M tìm cụm gương chiếu hậu bên tài vf8 bản eco date 2023 màu ...,"Hội VinFast VF8, VF 8 Việt Nam™ (VinFastVF8ClubVN) ... Hội VinFast VF8, VF 8 Việt Nam™ (VinFastVF8ClubVN) ... Xin đánh giá, ưu nhược điểm ạ ( làm bằng nhựa). No ...","site:facebook.com ""VinFast VF8"" ""đánh giá ưu nhược điểm""",2026-09-15 19:38:38
https://www.facebook.com/groups/httpsvinfastvietnam.net.vn/posts/4451541471769753,group_post,"🚗 Vinfast VF8 Plus 2025, mua pin, pin CALT, sạc không giới hạn ...","Vinfast VF8 Plus 2025, mua pin, pin CALT, sạc ... Vinfast VF8 Plus 2025, mua pin, pin CALT ... đánh giá ưu/nhược điểm Limo Green không quảng cáo ...","site:facebook.com ""VinFast VF8"" ""đánh giá ưu nhược điểm""",2026-09-15 19:38:38
https://www.facebook.com/groups/aemexe/posts/3415868245234754,group_post,"căng, vinfast giới thiệu xe bus điện tại châu âu",#mexe #VinFast #VF8 · May be an image of ‎text that says ... đánh giá ưu nhược điểm của 2 chiếc với ạ. Xin cám ơn · Nam Anh Lê and ...,"site:facebook.com ""VinFast VF8"" ""đánh giá ưu nhược điểm""",2026-09-15 19:38:38
https://www.facebook.com/osa.hcmus/posts/-ch%C6%B0%C6%A1ng-tr%C3%ACnh-campus-to-expo-2026-h%C3%A0nh-tr%C3%ACnh-tr%E1%BA%A3i-nghi%E1%BB%87m-th%E1%BB%B1c-t%E1%BA%BF-d%C3%A0nh-cho-sinh-v/1480262914129411,page_or_user_post,Hàn Quốc. 🇻🇳 🇰🇷 🎓 “Campus to Expo – Hành trình trải ...,... trải nghiệm thực tế” sẽ chính thức được triển khai trong khuôn khổ HCMC K-Brand Expo 2026 – Triển lãm Quốc tế Đa ngành cao cấp Việt Nam ...,"site:facebook.com ""VinFast VF8"" ""trải nghiệm thực tế""",2026-09-15 19:39:01
https://www.facebook.com/groups/hoivinfastvf8/posts/614739818115935,group_post,Những lỗi thường gặp ở ￼VF8 là gì hả các cụ￼?,"Những lỗi thường gặp ở ￼VF8 là gì hả các cụ￼? Hội VinFast VF8 Việt Nam ! Hoàng LêMar 1, 2025. Những lỗi thường gặp ở ￼VF8 là gì hả các cụ￼?","site:facebook.com ""VinFast VF8"" ""lỗi thường gặp""",2026-09-15 19:40:32
https://www.facebook.com/groups/1167278443782686/posts/2541069836403533,group_post,Hiện tại mua vf8 plus 24-25 lướt thì lỗi thường gặp là gì các bác nhỉ,"Hội VinFast VF8, VF 8 Việt Nam™ (VinFastVF8ClubVN). VibrantMango9393󰞋8h󰞋󱟠. 󳄫. Hiện tại mua vf8 plus 24-25 lướt thì lỗi thường gặp là gì các bác nhỉ.","site:facebook.com ""VinFast VF8"" ""lỗi thường gặp""",2026-09-15 19:40:32
https://www.facebook.com/groups/hoivinfastvf8/posts/794456293477619,group_post,Ae nào đang đi vf8s gặp lỗi này chưa?,Lỗi thường gặp luôn e cũng gặp mấy trường hợp ko riêng bản S 2024 ... Hội VinFast VF8 Việt Nam ! BrightWallaby33233h. E bị bung cái này ...,"site:facebook.com ""VinFast VF8"" ""lỗi thường gặp""",2026-09-15 19:40:32
https://www.facebook.com/groups/1167278443782686/posts/2541024239741426,group_post,Đi mưa là dính các bác a,"Hội VinFast VF8, VF 8 Việt Nam™ (VinFastVF8ClubVN). Phạm Minh Phuc ... Hiện tại mua vf8 plus 24-25 lướt thì lỗi thường gặp là gì các bác nhỉ.","site:facebook.com ""VinFast VF8"" ""lỗi thường gặp""",2026-09-15 19:40:32
https://www.facebook.com/groups/1167278443782686/posts/2541262766384240,group_post,Em cần tìm vf8 eco.tầm 600 đổ lại. Dân thường ko có chính sách ...,"Em cần tìm vf8 eco.tầm 600 đổ lại. Dân thường ko có chính sách để add đâu ạ. Hỗ trợ bank càng tốt ạ · 󰍸 · 󰤦 · 󰤧. Other posts. Hội VinFast VF8, VF 8 Việt ...","site:facebook.com ""VinFast VF8"" ""lỗi thường gặp""",2026-09-15 19:40:32
https://www.facebook.com/groups/1167278443782686/posts/2541027703074413,group_post,"Em Cần VF 8 Tài chính 550 quay đầu , Cần Báo Rõ chi tiết xe","Hội VinFast VF8, VF 8 Việt Nam™ (VinFastVF8ClubVN). muaxevf8󰞋5h ... Hiện tại mua vf8 plus 24-25 lướt thì lỗi thường gặp là gì các bác nhỉ.","site:facebook.com ""VinFast VF8"" ""lỗi thường gặp""",2026-09-15 19:40:32
https://www.facebook.com/groups/1167278443782686/posts/2541670139676836,group_post,A/E đi xe VF8 chưa mua bảo hiểm thân vỏ Chấm e báo phí ...,"Hội VinFast VF8, VF 8 Việt Nam™ (VinFastVF8ClubVN). Tư vấn, đòi quyền ... 󰞋22h󰞋󱟠. 󳄫. Hiện tại mua vf8 plus 24-25 lướt thì lỗi thường gặp là gì ...","site:facebook.com ""VinFast VF8"" ""lỗi thường gặp""",2026-09-15 19:40:32
https://www.facebook.com/groups/3065027317137039/posts/3078644739108630,group_post,"Xe """"READY nhưng đạp phanh không vào được số (P, ...","PHẦN 4 CÁC LỖI THƯỜNG GẶP KHI SỬ DỤNG XE ➀ ""- Đạp phanh nhưng xe ... Khắc Phục Lỗi Ôtô Điện VinFast VF8 VF9 ✓. Hien Hien Nguyen󰞋May ...","site:facebook.com ""VinFast VF8"" ""lỗi thường gặp""",2026-09-15 19:40:32
https://www.facebook.com/groups/1167278443782686/posts/2537293773447806,group_post,Vf8 Plus Vin25 - mới 100%- Màu Trắng nội thất nâu - Sẵn Xe,"Hiện tại mua vf8 plus 24-25 lướt thì lỗi thường gặp là gì các bác nhỉ. 󰍸. 󰤦 16. 󰤧. Hội VinFast VF8, VF 8 Việt Nam™ (VinFastVF8ClubVN).","site:facebook.com ""VinFast VF8"" ""lỗi thường gặp""",2026-09-15 19:40:32
https://www.facebook.com/groups/1167278443782686/posts/2542200856290431,group_post,xe em Vf8 plus sạc báo lỗi. Đi cập nhật pm vẫn báo lỗi sạc.,"Hội VinFast VF8, VF 8 Việt Nam™ (VinFastVF8ClubVN) ... Hiện tại mua vf8 plus 24-25 lướt thì lỗi thường gặp là gì các bác nhỉ · Bùi Đức Hậu ...","site:facebook.com ""VinFast VF8"" ""lỗi thường gặp""",2026-09-15 19:40:37
https://www.facebook.com/groups/1167278443782686/posts/2541041816406335,group_post,Bác nào đi vf8 hết hạn bảo hiểm thân vỏ ib em tư vấn phí ...,"Hội VinFast VF8, VF 8 Việt Nam™ (VinFastVF8ClubVN). Quyền- tư vấn ... Hiện tại mua vf8 plus 24-25 lướt thì lỗi thường gặp là gì các bác nhỉ.","site:facebook.com ""VinFast VF8"" ""lỗi thường gặp""",2026-09-15 19:40:37
https://www.facebook.com/groups/1167278443782686/posts/2542544666256050,group_post,Nét căng luôn Đảm bảo k làm ae VF8 thất vọng,"Hội VinFast VF8, VF 8 Việt Nam™ (VinFastVF8ClubVN). Phụ Kiện ÔTÔ Toàn ... Hiện tại mua vf8 plus 24-25 lướt thì lỗi thường gặp là gì các bác nhỉ.","site:facebook.com ""VinFast VF8"" ""lỗi thường gặp""",2026-09-15 19:40:37
https://www.facebook.com/groups/hoivinfastvf8/posts/775791862010729,group_post,Ai đi vf8 chạy adas cao tốc đi đuợc đoạn rồi bị lỗi acc mất ...,"Hội VinFast VF8 Việt Nam ! Cao Hoàng LongSep 21, 2025. Ai đi vf8 chạy ... Một số mã lỗi thường gặp trên Toyota Corolla Cross: C1A10 ...","site:facebook.com ""VinFast VF8"" ""lỗi thường gặp""",2026-09-15 19:40:37
https://www.facebook.com/groups/1167278443782686/posts/2541239979719852,group_post,Tại sao ae VF8 phải tốn kém nhiều lần vào hãng thay gạt ...,"Hội VinFast VF8, VF 8 Việt Nam™ (VinFastVF8ClubVN). Lắp Gạt Mưa Dạo ... Hiện tại mua vf8 plus 24-25 lướt thì lỗi thường gặp là gì các bác nhỉ.","site:facebook.com ""VinFast VF8"" ""lỗi thường gặp""",2026-09-15 19:40:37
https://www.facebook.com/groups/1167278443782686/posts/2512049449305572,group_post,"Đã AE nào cọc tiên phong VF8 ALL NEW, nhận đc lịch lấy ...","Hội VinFast VF8, VF 8 Việt Nam™ (VinFastVF8ClubVN) ... Hiện tại mua vf8 plus 24-25 lướt thì lỗi thường gặp là gì các bác nhỉ. 󰍸. 󰤦 4. 󰤧. Hội ...","site:facebook.com ""VinFast VF8"" ""lỗi thường gặp""",2026-09-15 19:40:37
https://www.facebook.com/groups/1167278443782686/posts/2541777566332760,group_post,Nhìn mê quá ae a,"Hội VinFast VF8, VF 8 Việt Nam™ (VinFastVF8ClubVN). Phạm Minh Phuc ... 󰞋22h󰞋󱟠. 󳄫. Hiện tại mua vf8 plus 24-25 lướt thì lỗi thường gặp là gì ...","site:facebook.com ""VinFast VF8"" ""lỗi thường gặp""",2026-09-15 19:40:37
https://www.facebook.com/groups/1167278443782686/posts/2437795673397617,group_post,"Cả nhà ai mua VF8 GF mãi không được hoàn 70tr , Đã có ...","Hội VinFast VF8, VF 8 Việt Nam™ (VinFastVF8ClubVN) ... Hiện tại mua vf8 plus 24-25 lướt thì lỗi thường gặp là gì các bác nhỉ · Bùi Đức Hậu ...","site:facebook.com ""VinFast VF8"" ""lỗi thường gặp""",2026-09-15 19:40:37
https://www.facebook.com/groups/1167278443782686/posts/2541788009665049,group_post,Các bác cho e hỏi . Xe các bác có bị như này ko ạ ? ...,"Hội VinFast VF8, VF 8 Việt Nam™ (VinFastVF8ClubVN). VioletEagle6793 ... Hiện tại mua vf8 plus 24-25 lướt thì lỗi thường gặp là gì các bác nhỉ.","site:facebook.com ""VinFast VF8"" ""lỗi thường gặp""",2026-09-15 19:40:37
https://www.facebook.com/groups/1167278443782686/posts/2414762739034244,group_post,Em đang phân vân giữa VF8 eco 2026 bản việt và ...,"Hội VinFast VF8, VF 8 Việt Nam™ (VinFastVF8ClubVN). Hoàng Huy󰞋Apr ... Hiện tại mua vf8 plus 24-25 lướt thì lỗi thường gặp là gì các bác nhỉ.","site:facebook.com ""VinFast VF8"" ""lỗi thường gặp""",2026-09-15 19:40:37
https://www.facebook.com/groups/xehoitnd/posts/2062739124273559,group_post,Sẵn xe giao ngay giá mềm nhất Hà Nội Không lo chi phí ...,"Sẵn xe giao ngay giá mềm nhất Hà Nội Không lo chi phí nuôi xe Bảo dưỡng ... Nhìn lại lần cuối Vinfast VF8 thế hệ đầu: Đã hoàn thiện hơn, có ...","site:facebook.com ""VinFast VF8"" ""chi phí nuôi xe bảo dưỡng""",2026-09-15 19:40:40
https://www.facebook.com/tuanle.goodfit/posts/sau-2-th%C3%A1ng-ch%E1%BA%A1y-chi%E1%BA%BFc-vinfast-vf8-m%C3%ACnh-review-nhanh-cho-ae-n%C3%A0o-quan-t%C3%A2m-xe-%C4%91i%E1%BB%87n/9390014017728984,page_or_user_post,"Theo ae chia sẻ thì treo của Vf8 mới đã êm hơn nhiều, ...","- Kính : thay kính nhiều lớp đi sẽ ít bị ù tiếng gió hơn. Kính gió: kính nhiều lớp, kính sườn: cường lực. - gạt mưa: shopee nhiều loại, trc a ...","site:facebook.com ""VinFast VF8"" ""khen chê chia sẻ kinh nghiệm""",2026-09-15 19:40:41
https://www.facebook.com/Hunglamxehay/videos/t%E1%BB%95ng-h%E1%BB%A3p-t%E1%BA%A5t-c%E1%BA%A3-%C6%B0unh%C6%B0%E1%BB%A3c-c%E1%BB%A7a-vinfast-vf-8-trong-15-ph%C3%BAt-nh%C3%ACn-th%E1%BA%B3ng-v%C3%A0o-s%E1%BB%B1-th%E1%BA%ADt-xe/815775878235324,video,Tổng hợp tất cả Ưu/nhược của VinFast VF 8 trong 15 phút ...,"Rất nhiều lỗi. Và đến thời điểm hiện tại, ok, mình quay lại đến tháng ba năm hai nghìn không trăm hai mươi sáu. Mình nói về chiếc VF8 ở thời ...","site:facebook.com ""VinFast VF8"" ""khen chê chia sẻ kinh nghiệm""",2026-09-15 19:40:41
https://www.facebook.com/groups/aemexe/posts/2963945363760380,group_post,**Vừa nhót được con VF7 chạy chơi mấy bữa nên lên ...,"- NGOẠI THẤT: Như vừa chia sẻ là thấy ưng vì nó gọn gàng hơn VF8, xe to nhiều lúc đi vướng không khoái, thiết kế khá đẹp, khoẻ khoắn nhiều góc ...","site:facebook.com ""VinFast VF8"" ""khen chê chia sẻ kinh nghiệm""",2026-09-15 19:40:41
https://www.facebook.com/groups/hoivinfastvf8/posts/861349916788256,group_post,"Xin kinh nghiệm,","Kinh vãi các bác ạ Xe hạn chế ăn uống bên trong, cũng hay lau dọn, giờ thò điện thoại bật camera lên không thấy ổ đâu mà chuột con nó kêu ghê ...","site:facebook.com ""VinFast VF8"" ""khen chê chia sẻ kinh nghiệm""",2026-09-15 19:40:41
https://www.facebook.com/groups/gearupvn/posts/1069631337935333,group_post,vf8 tiên phong - đánh đổi,1. Ngoại thất VF8 nói riêng và xe điện của VinFast nói chung mang trên mình những thiết kế rất đẹp mắt và hấp dẫn. Với mình thì đặc biệt là VF8 ...,"site:facebook.com ""VinFast VF8"" ""khen chê chia sẻ kinh nghiệm""",2026-09-15 19:40:41
https://www.facebook.com/donghae1607/videos/tr%E1%BA%A3i-nghi%E1%BB%87m-l%C3%A1i-th%E1%BB%AD-xe-vf8-all-new-vinfastvf8allnew-laithuxevf8allnew/2173337336562955,video,Trải nghiệm lái thử xe VF8 All New #vinfastvf8allnew ...,Bảy plus hai cầu ý thì hiện tại là trên này tại sao nó lại mạnh mẽ như vậy? Bởi vì thực sự với chia sẻ với anh chị em là cái mã lực xe điện của ...,"site:facebook.com ""VinFast VF8"" ""khen chê chia sẻ kinh nghiệm""",2026-09-15 19:40:41
https://www.facebook.com/groups/1047138995832616/posts/1433084113904767,group_post,Vf8 bị ồn và ù chạy hơn 2 vạn rồi mà vẫn ko quen được. ...,"Vf8 bị ồn và ù chạy hơn 2 vạn rồi mà vẫn ko quen được. Vẫn bị đau đầu. Còn lại thì quá phê, ko chê vào đâu được. Ngang xe 2 tỷ. Cũng rất tiện ...","site:facebook.com ""VinFast VF8"" ""khen chê chia sẻ kinh nghiệm""",2026-09-15 19:40:41
https://www.facebook.com/groups/1167278443782686/posts/2555864698257380,group_post,Em vừa nhận xe Vf8 Plus GF Xin các Bác đi trước cho lời ...,"Máy móc động cơ ai chê chứ e thấy đủ êm, lái mượt. Vc em chủ yếu lái trong phố nên thấy với vận tốc 50-60km/h thì e này chạy đầm ngon, ko bị ồn.","site:facebook.com ""VinFast VF8"" ""khen chê chia sẻ kinh nghiệm""",2026-09-15 19:40:41
https://www.facebook.com/groups/xedienvinfastev/posts/1882828585481423,group_post,# Sau cú Review “Chiếc xe tệ nhất nước Mỹ” của kênh ...,"Nguồn: Cường Mạnh tổng hợp Mới đây, họ lại tiếp tục review chiếc VF8 này lần thứ 2. Vậy lần 2 này có vớt vát chút nào cho VinFast VF8 không?","site:facebook.com ""VinFast VF8"" ""khen chê chia sẻ kinh nghiệm""",2026-09-15 19:40:41
https://www.facebook.com/xehoioto/posts/-vinfast-vf7-m%E1%BA%ABu-suv-%C4%91i%E1%BB%87n-c%E1%BB%B1c-hot-v%E1%BB%9Bi-thi%E1%BA%BFt-k%E1%BA%BF-th%E1%BB%83-thao-n%E1%BB%99i-th%E1%BA%A5t-hi%E1%BB%87n-%C4%91%E1%BA%A1i-v%C3%A0-kh%E1%BA%A3/1488739356597326,page_or_user_post,"VinFast VF7 – mẫu SUV điện cực hot với thiết kế thể thao, nội ...","VinFast VF7 – mẫu SUV điện cực hot với thiết kế thể thao, nội ... đánh giá ưu nhược điểm của từng phiên bản để giúp bạn lựa chọn chiếc ...","site:facebook.com ""VinFast VF7"" ""đánh giá ưu nhược điểm""",2026-09-15 19:42:54
https://www.facebook.com/groups/httpsvinfastvietnam.net.vn/posts/4451042531819647,group_post,Vinfast VF7 Plus 2025 2 cầu trần thép sạc free k giới hạn odo ...,Vinfast VF7 Plus 2025 2 cầu trần thép sạc free k ... Vinfast VF7 Plus 2025 2 cầu trần thép sạc ... đánh giá ưu/nhược điểm Limo Green không quảng cáo ...,"site:facebook.com ""VinFast VF7"" ""đánh giá ưu nhược điểm""",2026-09-15 19:42:54
https://www.facebook.com/groups/908586756292272/posts/1090091001475179,group_post,Đã đủ lí do để cọc ngay 1 chiếc chưa tar??? 😂,... Vinfast #VF7 #XeDien · May be an image of car and ... đánh giá ưu/nhược điểm Limo Green không quảng cáo 2️⃣ Ưu đãi thật: Công bố ...,"site:facebook.com ""VinFast VF7"" ""đánh giá ưu nhược điểm""",2026-09-15 19:42:54
https://www.facebook.com/groups/vinfastvf6vietnam/posts/919658814466107,group_post,Có bác nào mua VF6 plus xe lướt tại Hà Nội rồi không cho ...,"Vũ Đạt ▻ Hội VinFast VF7, VF 7 Việt Nam™ (VinFastVF7ClubVN). 13w ... ACE đi trước cho em xin ít đánh giá ưu nhược điểm ạ. Thanks · Thiện ...","site:facebook.com ""VinFast VF7"" ""đánh giá ưu nhược điểm""",2026-09-15 19:42:54
https://www.facebook.com/groups/1993379380856270/posts/3062590967268434,group_post,600/ngày có dc chiếc VF6 nào lái thử đi bảo lộc 2 ngày thứ 5-6 ...,"Vũ Đạt ▻ Hội VinFast VF7, VF 7 Việt Nam™ (VinFastVF7ClubVN) ... Vũ Đạt ▻ Hội VINFAST VF7 Việt Nam ! ... ACE đi trước cho em xin ít đánh giá ưu nhược điểm ạ.","site:facebook.com ""VinFast VF7"" ""đánh giá ưu nhược điểm""",2026-09-15 19:42:54
https://www.facebook.com/groups/pmzalo/posts/2296473917871816,group_post,Bên em có tool hỗ trợ từ tạo content bằng AI đến tự động ...,"TVC VinFast VF7 http://bit.ly/3K9YVp4 Tuy nhiên, làm sao để tạo ra những sản ... đánh giá ưu/nhược điểm và giá cả"" --- LƯU Ý QUAN TRỌNG Điều cần làm ...","site:facebook.com ""VinFast VF7"" ""đánh giá ưu nhược điểm""",2026-09-15 19:42:54
https://www.facebook.com/groups/bdtd.vn/posts/1312165212789478,group_post,**[Case Study] Sử dụng Chat Gpt từng bước xây dựng kế ...,"... đánh giá ưu/nhược điểm và giá cả"" --- LƯU Ý QUAN TRỌNG Điều cần làm ... TVC VinFast VF7 http://bit.ly/3K9YVp4 Tuy nhiên, làm sao để tạo ...","site:facebook.com ""VinFast VF7"" ""đánh giá ưu nhược điểm""",2026-09-15 19:42:54
https://www.facebook.com/groups/vinfastvf7vn/posts/2088735755001711,group_post,Gđ em đang tính đổi xe xăng sang dùng xe điện. Vf7 eco ...,"Ra showroom thì chỉ thấy các bạn ý khen thôi , nhưng em muốn tham khảo trải nghiệm thực tế của các bác đã và đang sử dụng vf7, có điểm nào các ...","site:facebook.com ""VinFast VF7"" ""trải nghiệm thực tế""",2026-09-15 19:43:16
https://www.facebook.com/groups/bimatxebiz/posts/928216927026012,group_post,Xin chào anh chị em Em đang rất thích chiếc vinfast VF7 ...,Xin chào anh chị em Em đang rất thích chiếc vinfast VF7 tuy nhiên sau khi xem rất nhiều review rồi trải nghiệm thực tế rồi đọc cmt trong hội ...,"site:facebook.com ""VinFast VF7"" ""trải nghiệm thực tế""",2026-09-15 19:43:16
https://www.facebook.com/thich.i.choi.162874/videos/tr%E1%BA%A3i-nghi%E1%BB%87m-th%E1%BA%ADt-sau-35000km-v%E1%BB%9Bi-vinfast-vf7-plus-tr%E1%BA%A7n-k%C3%ADnh-%C4%91en-c%C3%B3-%C4%91%C3%A1ng-mua-kh%C3%B4n/3481540115336603,video,Trải nghiệm thật sau 35.000km với VinFast VF7 Plus trần kính ...,Trải nghiệm thật sau 35.000km với VinFast VF7 Plus trần kính đen – Có đáng mua không? #vinfast #vf7 #vf7plus #xedien #reviewxe ...,"site:facebook.com ""VinFast VF7"" ""trải nghiệm thực tế""",2026-09-15 19:43:16
https://www.facebook.com/groups/vinfastvf7vn/posts/2142341429641143,group_post,ae trải nghiệm vf7 rồi xin ý kiến xe có ổn ko ạ Cảm ơn nhiều,"Hội VinFast VF7, VF 7 Việt Nam™ (VinFastVF7ClubVN). Kang Review ... Các bác đi rồi cho em xin trải nghiệm thực tế. 16w · 2 likes. Nguyễn ...","site:facebook.com ""VinFast VF7"" ""trải nghiệm thực tế""",2026-09-15 19:43:16
https://www.facebook.com/MinhTanAuto/videos/-n%C3%A2ng-c%E1%BA%A5p-%C3%A1nh-s%C3%A1ng-bi-g%E1%BA%A7m-vinfast-vf7-tr%E1%BA%A3i-nghi%E1%BB%87m-th%E1%BB%B1c-t%E1%BA%BF-m%E1%BB%9Bi-th%E1%BA%A5y-kh%C3%A1c-bi%E1%BB%87tnhi%E1%BB%81/818464247650022,video,🔥 Nâng cấp ánh sáng bi gầm VinFast VF7 – Trải nghiệm thực tế ...,"Nâng cấp ánh sáng bi gầm VinFast VF7 – Trải nghiệm thực tế mới thấy khác biệt! Nhiều anh em đi VF7 ban đầu thấy đèn nguyên bản đủ dùng, nhưng khi chạy đêm ...","site:facebook.com ""VinFast VF7"" ""trải nghiệm thực tế""",2026-09-15 19:43:16
https://www.facebook.com/vinfastautovinh/posts/vf7-th%E1%BB%AD-nghi%E1%BB%87m-an-to%C3%A0n-trong-%C4%91i%E1%BB%81u-ki%E1%BB%87n-va-ch%E1%BA%A1m-th%E1%BB%B1c-t%E1%BA%BF-k%E1%BA%BFt-c%E1%BA%A5u-v%E1%BB%AFng-ch%E1%BA%AFc-c%C3%B4ng-ng/122156684834945999,page_or_user_post,VF7 thử nghiệm an toàn trong điều kiện va chạm thực tế. Kết ...,#Vinfast #vinfastdaithanhautovinh #vinfastnghean #VF7 #. Le Tran and 3 others · 󰍸. 4 · 󰤦. Recent posts.,"site:facebook.com ""VinFast VF7"" ""trải nghiệm thực tế""",2026-09-15 19:43:16
https://www.facebook.com/XeVnExpress/videos/car-test-04-vinfast-vf-7-xe-%C4%91i%E1%BB%87n-l%E1%BB%A3i-th%E1%BA%BF-nh%E1%BA%A5t-%E1%BB%9F-chi-ph%C3%AD-s%E1%BB%AD-d%E1%BB%A5ng-trong-h%C3%A0nh-tr%C3%ACnh/1129351005422557,video,Car Test #04 || 'VinFast VF 7 - Xe điện lợi thế nhất ở chi phí sử ...,"Qua quá trình trải nghiệm thực tế, các chuyên gia đánh giá xe ... VinFast VF7 ở Ấn Độ cũng bị thử thách cực đại mà vẫn không đối thủ.","site:facebook.com ""VinFast VF7"" ""trải nghiệm thực tế""",2026-09-15 19:43:16
https://www.facebook.com/groups/vinfastvf7vn/posts/2106278433247443,group_post,Xin ý kiến về xe xăng vs xe điện (VF7 Plus) Chào các bác ...,... VinFast VF7 Plus bản 1 cầu. Tuy nhiên em tìm hiểu trên mạng thì thấy ... trải nghiệm thực tế lâu dài ￼. Vì là xe đầu tiên và xác định ...,"site:facebook.com ""VinFast VF7"" ""trải nghiệm thực tế""",2026-09-15 19:43:16
https://www.facebook.com/groups/vinfastvf7vn/posts/2072265423315411,group_post,Cảm nhận khách quan của mình khi sở hữu và sd xe vf7 đc ...,"Hội VinFast VF7, VF 7 Việt Nam™ (VinFastVF7ClubVN). Anonymous ... trải nghiệm thực tế để đánh giá chất lượng có đi đôi với giá tiền ...","site:facebook.com ""VinFast VF7"" ""trải nghiệm thực tế""",2026-09-15 19:43:16
https://www.facebook.com/htv.hcm/videos/c%C3%B3-n%C3%AAn-%C4%91%E1%BB%95i-sang-xe-%C4%91i%E1%BB%87n/1847429609288610,video,"Nếu bạn còn đang ""lấn cấn"" dù chỉ là một chút về xe điện, thì ...","... trải nghiệm thực tế, những ưu - nhược điểm và tại sao bạn nên trải nghiệm xe xăng trước khi quyết định chọn xe điện. #HTV #TrenGhe #VinFast #VF7 ...","site:facebook.com ""VinFast VF7"" ""trải nghiệm thực tế""",2026-09-15 19:43:16
https://www.facebook.com/groups/vinfastvf7vn/posts/2138874626654490,group_post,Trải nghiệm thú vị VF7 plus 1 cầu với quảng đường rất xa.,"Hội VinFast VF7, VF 7 Việt Nam™ (VinFastVF7ClubVN). Ý_kiến_May 2 ... Đó là trải nghiệm thực tế của mình. Còn anh em lái mới như mình đã ...","site:facebook.com ""VinFast VF7"" ""trải nghiệm thực tế""",2026-09-15 19:43:52
https://www.facebook.com/phukienoto66VietBac/posts/ng%C6%B0%E1%BB%9Di-d%C3%B9ng-ngh%C4%A9-sao-v%E1%BB%81-vf7-daivietauto-vietbaccar-phukienxehoi/1696214909173801,page_or_user_post,Người dùng nghĩ sao về vf7 ? #Daivietauto #vietbaccar ...,Nhờ các bác chia sẻ trải nghiệm thực tế giúp em. Anh chị sale ... Quân ▻ Hội Vinfast VF7 (VN Club)✓. 12w · Public · Em đang tìm hiểu để ...,"site:facebook.com ""VinFast VF7"" ""trải nghiệm thực tế""",2026-09-15 19:43:52
https://www.facebook.com/Agri.hodai/posts/xe-%C4%91i%E1%BB%87n-vinfast-vf7sau-10000-km-tr%E1%BA%A3i-nghi%E1%BB%87m-th%E1%BB%B1c-t%E1%BA%BFc%C3%B3-n%C3%AAn-mua-xe-%C4%91i%E1%BB%87n-m%E1%BB%9Di-anh-em/602406635610438,page_or_user_post,Xe điện Vinfast VF7 Sau 10.000 km trải nghiệm thực tế Có ...,Xe điện Vinfast VF7 Sau 10.000 km trải nghiệm thực tế Có nên mua xe điện? Mời anh em xem clip dưới phần bình luận ; Hồ Đại and 22 others.,"site:facebook.com ""VinFast VF7"" ""trải nghiệm thực tế""",2026-09-15 19:43:52
https://www.facebook.com/vinfastviethung2/videos/%C4%91%E1%BB%89nh-cao-c%E1%BB%A7a-xe-%C3%B4-t%C3%B4-l%E1%BB%99i-n%C6%B0%E1%BB%9Bc-chi%E1%BA%BFc-vinfast-vf7-nh%C6%B0-t%C3%A0u-ng%E1%BA%A7m-v%E1%BA%ADy-/699034263230443,video,"Đỉnh cao của xe ô tô lội nước, chiếc Vinfast #VF7 như tàu ...","Đỉnh cao của xe ô tô lội nước, chiếc Vinfast #VF7 như tàu ngầm vậy. ... Trải Nghiệm Thực Tế VinFast VF3 Sau 20.000 KM: Khen Chê Sòng Phẳng ...","site:facebook.com ""VinFast VF7"" ""trải nghiệm thực tế""",2026-09-15 19:43:52
https://www.facebook.com/groups/vinfastvf7vn/posts/2142332709642015,group_post,Em muốn xin trải nghiệm của các bác đã lái xe VF7pl 1 cầu ...,"Hội VinFast VF7, VF 7 Việt Nam™ (VinFastVF7ClubVN). Xi Pastreo ... Nhờ các bác chia sẻ trải nghiệm thực tế giúp em. Anh chị sale nào ...","site:facebook.com ""VinFast VF7"" ""trải nghiệm thực tế""",2026-09-15 19:43:52
https://www.facebook.com/Autodaily/videos/l%C3%A1i-th%E1%BB%AD-vinfast-vf-7-c%E1%BA%A3m-gi%C3%A1c-ph%C3%AA-s%C6%B0%E1%BB%9Bng-h%C6%A1n-nhi%E1%BB%81u-so-v%E1%BB%9Bi-xe-x%C4%83ng-c%C3%B9ng-t%E1%BA%A7m-ti%E1%BB%81n/874558574060311,video,"Lái thử Vinfast VF 7 - Cảm giác ""PHÊ"", sướng hơn nhiều so ...","Lái thử Vinfast VF 7 - Cảm giác ""PHÊ"", sướng hơn nhiều so với xe xăng cùng tầm tiền #autodaily #vinfast #vf7. ... Trải nghiệm thực tế ...","site:facebook.com ""VinFast VF7"" ""trải nghiệm thực tế""",2026-09-15 19:43:52
https://www.facebook.com/GreenFutureThaiNguyen/posts/-vinfast-vf7-plus-2025-ngo%E1%BA%A1i-h%C3%ACnh-th%E1%BB%83-thao-trang-b%E1%BB%8B-%C4%91%E1%BA%B3ng-c%E1%BA%A5p-gi%C3%A1-c%E1%BB%B1c-t%E1%BB%91t-m%E1%BB%99t-chi/122186125940890879,page_or_user_post,"🚗 VINFAST VF7 PLUS 2025 – NGOẠI HÌNH THỂ THAO, ...","VINFAST VF7 PLUS 2025 – NGOẠI HÌNH THỂ THAO, TRANG BỊ ĐẲNG CẤP ... trải nghiệm thực tế. Xe được hỗ trợ kiểm tra kỹ thuật, lịch sử xe ...","site:facebook.com ""VinFast VF7"" ""trải nghiệm thực tế""",2026-09-15 19:43:52
https://www.facebook.com/groups/vinfastvf7vn/posts/2180001839208435,group_post,Chia sẻ trải nghiệm thực tế sau gần 3 năm sử dụng VF8.,"Chia sẻ trải nghiệm thực tế sau gần 3 năm sử dụng VF8. Mình mua VF8 từ ... Hội VinFast VF7, VF 7 Việt Nam™ (VinFastVF7ClubVN). Anonymous ...","site:facebook.com ""VinFast VF7"" ""trải nghiệm thực tế""",2026-09-15 19:43:52
https://www.facebook.com/VinFastAuto.Official/videos/vf-7-th%E1%BB%83-hi%E1%BB%87n-phong-c%C3%A1ch-v%C3%A0-s%E1%BB%B1-m%E1%BA%A1nh-m%E1%BA%BD-c%E1%BB%A7a-b%E1%BA%A1nbi%E1%BA%BFn-%C4%91%C6%B0%E1%BB%9Dng-ph%E1%BB%91-th%C3%A0nh-s%C3%A0n-di%E1%BB%85n-th%E1%BB%9Di/1445057230743810,video,VF 7 - THỂ HIỆN PHONG CÁCH VÀ SỰ MẠNH MẼ CỦA BẠN ...,ly/VinFast-VF7 #VinFast #VinFastVN #VF7 (*) Chương trình áp dụng ... Đừng bỏ lỡ cơ hội trải nghiệm thực tế VinFast VF 5 ngay hôm nay!,"site:facebook.com ""VinFast VF7"" ""trải nghiệm thực tế""",2026-09-15 19:43:52
https://www.facebook.com/groups/vinfastvf7vn/posts/2107542339787719,group_post,Các Tiền bối vui lòng cho e hỏi. các lỗi thường gặp trên ...,"Hội VinFast VF7, VF 7 Việt Nam™ (VinFastVF7ClubVN). Trịnh Gia VũMar 26. Các Tiền bối vui lòng cho e hỏi. các lỗi thường gặp trên VF7 và các ...","site:facebook.com ""VinFast VF7"" ""lỗi thường gặp""",2026-09-15 19:43:54
https://www.facebook.com/groups/vinfastvf7vn/posts/2082084692333484,group_post,Chào các bác trong hội VF7,"Hội VinFast VF7, VF 7 Việt Nam™ (VinFastVF7ClubVN) ... Vậy nên em rất mong các bác đang sử dụng VF7 có thể chia sẻ giúp em: Những nhược điểm hoặc lỗi thường gặp ...","site:facebook.com ""VinFast VF7"" ""lỗi thường gặp""",2026-09-15 19:43:54
https://www.facebook.com/groups/hixeinvinfastfeliz/posts/1007583324093177,group_post,MÌNH CẦN MUA XE ĐIỆN VINFAST CŨ ĐÃ QUA SỬ DỤNG,AdventurousTangerine2312 ▻ Hội VINFAST VF7 Việt Nam ! 17w · Public ... ⚙️ TỔNG HỢP CÁC LỖI THƯỜNG GẶP TRÊN XE VINFAST EVO200 – FELIZ ...,"site:facebook.com ""VinFast VF7"" ""lỗi thường gặp""",2026-09-15 19:43:54
https://www.facebook.com/groups/vinfastminiogreenvn/posts/1004792819182234,group_post,Bản cập nhật mới có gì hay ko ạ. Xe em ổn định ko bị sao ...,... lỗi thường gặp cùng cách xử lý hiệu quả: Lỗi Sạc Ác Quy 12V:Trước ... Bùi Văn Huệ ▻ Hội VINFAST VF7 Việt Nam ! 31w · Public · Thấy bảo ...,"site:facebook.com ""VinFast VF7"" ""lỗi thường gặp""",2026-09-15 19:43:54
https://www.facebook.com/groups/vinfastvf7vn/posts/2185048708703748,group_post,"Xe vf7 plus mới lấy đc 2 tháng , đang đi bình thường thì ...","Bé Hai xe nguyên bản , lỗi thường gặp mà bác , xe e đang dùng ... VinFast VF7 Eco 2025 odo 29.000km giá loanh quanh 600 triệu hỗ trợ ...","site:facebook.com ""VinFast VF7"" ""lỗi thường gặp""",2026-09-15 19:43:54
https://www.facebook.com/groups/vinfastvf6vn/posts/1317396093681083,group_post,Có vẻ là hôm nay sever của Vin bị lỗi hay sao á. Truy cập ...,"Tiến Mạnh ▻ Hội VinFast VF7, VF 7 Việt Nam™ (VinFastVF7ClubVN) ... lỗi thường gặp cùng cách xử lý hiệu quả: Lỗi Sạc Ác Quy 12V:Trước ...","site:facebook.com ""VinFast VF7"" ""lỗi thường gặp""",2026-09-15 19:43:54
https://www.facebook.com/groups/kiavn2/posts/1961569437880486,group_post,🔥 VF3 Mua Đứt Pin – Miễn Phí Sạc Không Giới Hạn Xe đã ...,... lỗi thường gặp của TC1. ✨ Full đồ chơi giá trị: • Apple CarPlay ... VinFast VF7 Plus 2026 New 100% – Trắng | 1 Cầu | Có HUD Đã ...,"site:facebook.com ""VinFast VF7"" ""lỗi thường gặp""",2026-09-15 19:44:24
https://www.facebook.com/groups/1167278443782686/posts/2505471216630062,group_post,Đã update xong 8A.1.13.2,"... lỗi thường gặp cùng cách xử lý hiệu quả: Lỗi Sạc Ác Quy 12V:Trước ... Anonymous participant ▻ Hội VinFast VF7, VF 7 Việt Nam™ (VinFastVF7ClubVN).","site:facebook.com ""VinFast VF7"" ""lỗi thường gặp""",2026-09-15 19:44:24
https://www.facebook.com/SONDRPAINT/videos/-vinfast-x%C3%A1m-l%C3%B4ng-chu%E1%BB%99t-n5r5b-b%E1%BB%8B-x%C6%B0%E1%BB%9Bc-x%E1%BB%AD-l%C3%BD-t%E1%BA%A1i-nh%C3%A0-nh%C6%B0-th%E1%BA%BF-n%C3%A0om%E1%BB%99t-v%E1%BA%BFt-x%C6%B0%E1%BB%9Bc-nh%E1%BB%8F-/1650442059756098,video,VinFast Xám Lông Chuột N5R5B bị xước – Xử lý tại nhà như ...,"... lỗi thường gặp khi tự xịt sơn tại nhà. DR.PAINT – Giải pháp tiện lợi ... [VINFAST VF7 - LỘT XÁC VỚI PHONG CÁCH ""BLACK ROOF"" CỰC CHẤT TẠI.","site:facebook.com ""VinFast VF7"" ""lỗi thường gặp""",2026-09-15 19:44:24
https://www.facebook.com/groups/vinfastvf7vn/posts/2129602500915036,group_post,khi em dừng xe đang từ D ==> có nên chuyển sang P luôn ...,"Hội VinFast VF7, VF 7 Việt Nam™ (VinFastVF7ClubVN). Anonymous ... Kinh nghiệm tập lái xe ở Mỹ - Các lỗi thường gặp?? #Nguồn: Andy ...","site:facebook.com ""VinFast VF7"" ""lỗi thường gặp""",2026-09-15 19:44:24
https://www.facebook.com/groups/908718224431863/posts/919815426655476,group_post,Nay rảnh rỗi thì em xin phép review update VF6 Plus FRS ...,Hoàng Mạnh Cường ▻ HỘI XE VINFAST VF7 - VF7 PLUS. 1y ... lỗi thường gặp cùng cách xử lý hiệu quả: Lỗi Sạc Ác Quy 12V:Trước ...,"site:facebook.com ""VinFast VF7"" ""lỗi thường gặp""",2026-09-15 19:44:24
https://www.facebook.com/61591738794604/videos/thay-m%E1%BA%A1ch-pin-b1-xe-vinfastae-g%E1%BA%B7p-v%E1%BA%A5n-%C4%91%E1%BB%81-h%C6%B0-h%E1%BB%8Fng-xe-li%C3%AAn-h%E1%BB%87-e-%C4%91%E1%BB%83-%C4%91%C6%B0%E1%BB%A3c-h%E1%BB%95-tr%E1%BB%A3-t%E1%BA%ADn/1414222967430818,video,Thay mạch pin B1 xe Vinfast Ae gặp vấn đề hư hỏng ...,Sửa sạc vinfast -p14 *lỗi thường gặp ở sạc 400w đứt cáp Anh em. 03:35 ... Quá trình sửa PDU Vinfast VF 7 ngập nước #Vinfast #VF7 #suaxevinfast.,"site:facebook.com ""VinFast VF7"" ""lỗi thường gặp""",2026-09-15 19:44:24
https://www.facebook.com/CatinaAutoParts/videos/undefined/2136978533748891,video,HÀNH TRÌNH THỰC CHIẾN & NÂNG TẦM KỸ THUẬT THEO ...,"... lỗi thường gặp: bụi, bọt khí, nếp gấp ✓ Nhận biết cuộn phim, khổ ... VINFAST VF7 & 3M CRYSTALLINE BLK Nâng cấp thiết yếu, tối ưu trải ...","site:facebook.com ""VinFast VF7"" ""lỗi thường gặp""",2026-09-15 19:44:24
https://www.facebook.com/groups/1176921403785878/posts/1577693937041954,group_post,"Vinfast impet. Đco 1200w. Ic đủ, sạc, esim ,đôngk cơ êm. ...",Nguyễn Thanh Hoa ▻ VinFast VF7 Việt Nam . 14w · Public · Vf7 plus ... 🛠️ Nhận sửa các lỗi thường gặp: ⚡ Sạc không vào điện ⚡ Báo đèn ...,"site:facebook.com ""VinFast VF7"" ""lỗi thường gặp""",2026-09-15 19:44:24
https://www.facebook.com/groups/hixeinvinfastfeliz/posts/1148157363369105,group_post,Xe xăng hay đi tốc độ cao thì hại động cơ. Vậy xe điện có ...,"Anonymous participant ▻ Hội VinFast VF7, VF 7 Việt Nam™ (VinFastVF7ClubVN) ... Các bác cho mình hỏi về những lỗi thường gặp hoặc có thể phát sinh ...","site:facebook.com ""VinFast VF7"" ""lỗi thường gặp""",2026-09-15 19:44:24
https://www.facebook.com/groups/vf3clubvn369/posts/4623809441184310,group_post,Hàng ngày mình di chuyển cả đi và về khoảng 60km thì sử ...,"chi phí nuôi xe: bảo dưỡng, phí đường bộ cũng mất tầm vài triệu chứ ... LeMinhDragon ▻ Hội VinFast VF7, VF 7 Việt Nam™ (VinFastVF7ClubVN).","site:facebook.com ""VinFast VF7"" ""chi phí nuôi xe bảo dưỡng""",2026-09-15 19:44:26
https://www.facebook.com/groups/684180110500924/posts/1150109480574649,group_post,Sẵn xe giao ngay tại Hà Đông-Hà Nội ❌ Không lo giá xăng ❌ ...,Sẵn xe giao ngay tại Hà Đông-Hà Nội ❌ Không lo giá xăng ❌ Không sợ chi phí nuôi xe Bảo dưỡng ... chi phí nuôi xe Bảo dưỡng ... VinFast VF7 Plus AWD 2024 Trần thép ...,"site:facebook.com ""VinFast VF7"" ""chi phí nuôi xe bảo dưỡng""",2026-09-15 19:44:26
https://www.facebook.com/xehay/videos/mua-xe-7-ch%E1%BB%97-b%C3%A2y-gi%E1%BB%9D-x%C4%83ng-hay-%C4%91i%E1%BB%87n-th%C3%AC-hay-h%C6%A1n-xehayvn-c%E1%BA%A3m-%C6%A1n-qu%C3%BD-v%E1%BB%8B-v%C3%A0-c%C3%A1c-b%E1%BA%A1n-/948981374792247,video,"Mua xe 7 chỗ bây giờ, xăng hay điện thì hay hơn? |XEHAY.VN ...",Gặp chủ xe VinFast VF7 chi hơn 200 triệu để “cá nhân hoá”: C ... Và cái thứ hai là các anh em chi phí nuôi xe bảo dưỡng định kỳ. Thì ...,"site:facebook.com ""VinFast VF7"" ""chi phí nuôi xe bảo dưỡng""",2026-09-15 19:44:26
https://www.facebook.com/groups/vf3clubvn369/posts/3994173760814551,group_post,Em tài chính ít muốn mua xe FV 3 mà lên mua đứt pin hay ...,"chi phí nuôi xe: bảo dưỡng, phí đường bộ cũng mất tầm vài triệu chứ ... Annhh_Tuấn ▻ Hội VinFast VF7, VF 7 Việt Nam™ (VinFastVF7ClubVN).","site:facebook.com ""VinFast VF7"" ""chi phí nuôi xe bảo dưỡng""",2026-09-15 19:44:26
https://www.facebook.com/groups/1057875204637267/posts/2399206763837431,group_post,Sẵn xe giao ngay tại Hà Đông-Hà Nội ❌ Không lo giá xăng ❌ ...,Sẵn xe giao ngay tại Hà Đông-Hà Nội ❌ Không lo giá xăng ❌ Không sợ chi phí nuôi xe Bảo dưỡng ... Em đang có đúng 1 chiếc VinFast VF7 ... Vinfast VF7 Eco 2025 ( có ...,"site:facebook.com ""VinFast VF7"" ""chi phí nuôi xe bảo dưỡng""",2026-09-15 19:44:26
https://www.facebook.com/groups/gearupvn/posts/369612204603920,group_post,"Chính sách được áp dụng cho 3 dòng xe là Fortuner, Hilux ...","... chi phí nuôi xe, bảo dưỡng có tốn ko ạ? 2. Xe có hay bị lỗi thước ... em mới mua chiếc Vinfast VF7 Plus mà chưa quen cách sử dụng phanh ...","site:facebook.com ""VinFast VF7"" ""chi phí nuôi xe bảo dưỡng""",2026-09-15 19:44:26
https://www.facebook.com/groups/vinfastvf7vn/posts/2126061537935799,group_post,"E ít đi cao tốc, đang phân vân 7 eco hay plus. Các bác sử ...","Các nhược điểm và ""Bài thuốc"" khắc phục Đây là những gì anh em chủ xe đã làm để ""thuần hóa"" em nó: * **Nhược điểm 1: Say xe & Phanh tái sinh** * ...","site:facebook.com ""VinFast VF7"" ""khen chê chia sẻ kinh nghiệm""",2026-09-15 19:44:27
https://www.facebook.com/groups/vinfastvf7vn/posts/2244041386137813,group_post,Mình mới nhận vf7 và cũng là lái mới,Mình mới nhận vf7 và cũng là lái mới Các bác có kinh nghiệm j về lái mới và xe mới chỉ em với ạk!,"site:facebook.com ""VinFast VF7"" ""khen chê chia sẻ kinh nghiệm""",2026-09-15 19:44:27
https://www.facebook.com/groups/vinfastvf7vn/posts/2131126280762658,group_post,"KHÔNG CÓ CHIẾC XE TỐT NHẤT, CHỈ ...",KHEN CHÊ THẲNG THẮN VF7 Nói chung để đánh giá được một con xe phải trải qua vài ngàn km và đi nhiều địa hình thể loại đường xá khác nhau mới ...,"site:facebook.com ""VinFast VF7"" ""khen chê chia sẻ kinh nghiệm""",2026-09-15 19:44:27
https://www.facebook.com/tom.chuhoangducanh/videos/t%E1%BA%A1i-sao-vinfast-vf-7-l%E1%BA%A1i-sang-%C4%91%C6%B0%E1%BB%A3c-ch%C3%A2u-%C3%A2u-vinfast-vf7/816778681463365,video,Tại sao VinFast VF 7 lại sang được CHÂU ÂU? #VinFast #VF7 ...,Trải Nghiệm Thực Tế VinFast VF3 Sau 20.000 KM: Khen Chê Sòng Phẳng Có Đáng ... Trải nghiệm thật sau 35.000km với VinFast VF7 Plus trần kính đen – ...,"site:facebook.com ""VinFast VF7"" ""khen chê chia sẻ kinh nghiệm""",2026-09-15 19:44:27
https://www.facebook.com/groups/vinfastvf7vn/posts/2194386074436678,group_post,Quan điểm của 1 người dùng vf 7. Ae đang có ý định mua ...,Quan điểm của 1 người dùng vf 7. Ae đang có ý định mua xe thì nên xem sét lại. Nói luôn độ hoàn thiện chưa cao. Mình là người dùng 3 tháng.,"site:facebook.com ""VinFast VF7"" ""khen chê chia sẻ kinh nghiệm""",2026-09-15 19:44:27
https://www.facebook.com/huymax5491/videos/l%C3%BD-do-m%C3%ACnh-th%C3%ADch-mua-vinfast-vf7-vinfast-vf7-vinfastvf7/1357919199648001,video,Lý do mình thích mua vinfast vf7 #vinfast #vf7 #vinfastvf7 | Huy ...,"Khen mãi khách không chốt, chê thử xem sao... Aug 12, 2026 ... VF9 Plus Trần Kính Vin24 Chỉ từ 1tỷ2xx Sẵn xe giao ngay tại Vinfast Nghệ An.","site:facebook.com ""VinFast VF7"" ""khen chê chia sẻ kinh nghiệm""",2026-09-15 19:44:27
https://www.facebook.com/groups/vinfastvf7vn/posts/2246010202607598,group_post,các bác trải nghiệm Vf7 eco rồi cho e xin đánh giá với ạ? ...,"Xe đi 2v chạy cứ tầm 320-350km em đi sạc, còn khoảng từ 10-15% ,eco ko có adas nhưng hơn 6 plus ở điểm rộng ngồi oke hơn,ghế sau hơi bất ...","site:facebook.com ""VinFast VF7"" ""khen chê chia sẻ kinh nghiệm""",2026-09-15 19:44:27
https://www.facebook.com/vinfastquan7saigon/posts/soobin-x-vinfast-vf-9-phong-c%C3%A1ch-kh%C3%B4ng-%C4%91%E1%BA%BFn-t%E1%BB%AB-nh%E1%BB%AFng-%C4%91i%E1%BB%81u-h%C3%A0o-nho%C3%A1ng-c%C3%B3-nh%E1%BB%AFng-d%E1%BA%A5u/122172270890405360,page_or_user_post,SOOBIN X VINFAST VF 9 | PHONG CÁCH KHÔNG ĐẾN TỪ ...,... đánh giá ưu/nhược điểm Limo Green không quảng cáo 2️⃣ Ưu đãi thật: Công bố chính sách GIẢM 35TR T7/2026 + quà cho khách chốt cọc trên live 3️⃣ Trả lời ...,"site:facebook.com ""VinFast VF9"" ""đánh giá ưu nhược điểm""",2026-09-15 19:45:18
https://www.facebook.com/nguyen.tuan.anh.177639/videos/m%E1%BB%99t-c%E1%BA%B7p-xe-7-ch%E1%BB%97-ng%E1%BB%93i-r%E1%BB%99ng-r%C3%A3i-nh%E1%BA%A5t-cho-m%E1%BB%8Di-ng%C6%B0%E1%BB%9Di-l%E1%BB%B1a-ch%E1%BB%8Dn-theo-t%C3%A0i-ch%C3%ADnh%EF%B8%8F-evere/1554893255496186,video,Một cặp xe 7 chỗ ngồi rộng rãi nhất cho mọi ...,Vinfast VF9 sở hữu ngoại hình to và khoẻ dành cho các bác mang đi ... Hôm nay thì hai anh em sẽ đánh giá ưu nhược điểm và những nâng ...,"site:facebook.com ""VinFast VF9"" ""đánh giá ưu nhược điểm""",2026-09-15 19:45:18
https://www.facebook.com/groups/316127510273781/posts/1445054414047746,group_post,Gương JAC DAWOS CÓ SẤY VÀ CHỈNH ĐIỆN CHO AE. LẮP ZIN,"Mình chưa có kinh nghiệm nên nhờ các anh em đánh giá ưu, nhược điểm của JAC ... Thiện Mind ▻ Hội Ô Tô Điện VinFast VF9 Việt Nam. 32w · Public · Tăng sáng ...","site:facebook.com ""VinFast VF9"" ""đánh giá ưu nhược điểm""",2026-09-15 19:45:18
https://www.facebook.com/itsceejayofficial/posts/14-n%C4%83m-%E1%BB%9F-vi%E1%BB%87t-nam-t%C3%B4i-c%C3%A0ng-tin-r%E1%BA%B1ng-%C4%91i%E1%BB%81u-quan-tr%E1%BB%8Dng-kh%C3%B4ng-ph%E1%BA%A3i-l%C3%A0-ng%C6%B0%E1%BB%9Di-kh%C3%A1c-nh%C3%AC/10240012564125645,page_or_user_post,Cee Jay,"... trải nghiệm thực tế, từ trợ lý giọng nói cho đến khả năng quản lý xe ... #VinFast #VF9 #BàiđăngđượcđồnghànhcùngVinFast. May be an image ...","site:facebook.com ""VinFast VF9"" ""trải nghiệm thực tế""",2026-09-15 19:45:45
https://www.facebook.com/VatVoStudio69/videos/%C4%91%C3%A1nh-gi%C3%A1-vinfast-vf9-plus-xe-ch%E1%BB%A7-t%E1%BB%8Bch-c%C3%B3-s%C6%B0%E1%BB%9Bng-nh%C6%B0-l%E1%BB%9Di-%C4%91%E1%BB%93n-l%C4%83n-b%C3%A1nh-2%C4%91%E1%BB%A3t-n%C3%A0y-c%C3%B4n/1081531157741431,video,Đánh giá VinFast VF9 Plus: Xe chủ tịch có sướng như lời đồn ...,"Đánh giá VinFast VF9 Plus: Xe chủ tịch có ... Trong hành trình này, nhóm tiến hành trải nghiệm thực tế khả năng vận hành của VinFast VF9 ...","site:facebook.com ""VinFast VF9"" ""trải nghiệm thực tế""",2026-09-15 19:45:45
https://www.facebook.com/VinFastAuto.Official/videos/vf-9-s%E1%BB%B1-l%E1%BB%B1a-ch%E1%BB%8Dn-c%E1%BB%A7a-ng%C6%B0%E1%BB%9Di-th%C3%A0nh-%C4%91%E1%BA%A1t-ti%C3%AAn-phong-ngo%E1%BA%A1i-th%E1%BA%A5t-%E1%BA%A5n-t%C6%B0%E1%BB%A3ng-t%C3%B4n-l%C3%AAn-gu-t/1988457545355128,video,"VF 9 - SỰ LỰA CHỌN CỦA NGƯỜI THÀNH ĐẠT, TIÊN ...",Trải nghiệm thực tế VinFast VF5 sau 15.000 km: Món hời cho gia ... Bảng giá xe VinFast VF9 ✨VinFast VF9 ECO: 1.348.000.000 VNĐ ✨VinFast.,"site:facebook.com ""VinFast VF9"" ""trải nghiệm thực tế""",2026-09-15 19:45:45
https://www.facebook.com/trinh.lehung.autodaily/videos/xe-vinfast-vf9-ng%C3%A0y-c%C3%A0ng-th%C3%B4ng-m%C3%ACnh-v%E1%BB%9Bi-kh%E1%BA%A3-n%C4%83ng-k%E1%BA%BFt-n%E1%BB%91i-v%E1%BB%9Bi-c%C3%A1c-%E1%BB%A9ng-d%E1%BB%A5ng-v%C3%A0-thi/2332734580551497,video,Xe Vinfast VF9 ngày càng thông mình với khả năng kết nối với ...,Xe Vinfast VF9 ngày càng thông mình với khả năng kết nối với ... Trải nghiệm thực tế loa VinFast VF7 #VF7 #Vinfast. 00:19. Trải nghiệm ...,"site:facebook.com ""VinFast VF9"" ""trải nghiệm thực tế""",2026-09-15 19:45:45
https://www.facebook.com/vinhphuc.vinfastthinhcuong.com.vn/posts/vf-9-h%C3%A0nh-tr%C3%ACnh-kh%C6%A1i-ngu%E1%BB%93n-c%E1%BA%A3m-h%E1%BB%A9ngtrong-kh%C3%B4ng-gian-khoang-l%C3%A1i-t%E1%BB%91i-gi%E1%BA%A3n-s%E1%BB%B1-%C3%AAm-%C3%A1i/122174122760614243,page_or_user_post,Vinfast Thịnh Cường Vĩnh Phúc,"... vinfast-vf9/ --------------------------------------- ... Bạn muốn trực tiếp cầm lái, trải nghiệm thực tế trước khi quyết định mua xe?","site:facebook.com ""VinFast VF9"" ""trải nghiệm thực tế""",2026-09-15 19:45:45
https://www.facebook.com/groups/1927097800974773/posts/2481842322166982,group_post,Các bác đang dùng vf9 cho e hỏi: thông tin này là thực hay ...,Vì gi.a giữa xe pin mới và xe pin the he cũ cũng chênh lệch nên e muốn tham khảo trải nghiệm thực tế. Em cảm ơn.,"site:facebook.com ""VinFast VF9"" ""trải nghiệm thực tế""",2026-09-15 19:45:45
https://www.facebook.com/VinFastAuto.Official/videos/m%E1%BB%97i-ch%E1%BB%A7-xe-s%E1%BA%BD-c%C3%B3-m%E1%BB%99t-c%C3%A2u-chuy%E1%BB%87n-b%C3%A9n-duy%C3%AAn-v%E1%BB%9Bi-vf-9-c%C3%B9ng-d%C3%B5i-theo-h%C3%A0nh-tr%C3%ACnh-offl/2278593795829665,video,"“Mỗi chủ xe sẽ có một câu chuyện bén duyên với VF 9"" Cùng ...","Thay mặt Hội Anh em VF 9 Miền Bắc (VinFast VF9 Club) em xin ... ✓ Trực tiếp cầm lái, trải nghiệm thực tế các dòng xe điện VF 3 - VF ...","site:facebook.com ""VinFast VF9"" ""trải nghiệm thực tế""",2026-09-15 19:45:45
https://www.facebook.com/VinFastAuto.Official/videos/vf-9-bi%E1%BB%83u-t%C6%B0%E1%BB%A3ng-th%E1%BB%9Di-th%C6%B0%E1%BB%A3ng-c%E1%BB%A7a-nh%E1%BB%AFng-ng%C6%B0%E1%BB%9Di-d%E1%BA%ABn-%C4%91%E1%BA%A7u/1387660312799824,video,VF 9 - Biểu tượng thời thượng của những người dẫn đầu ...,"... trải nghiệm thực tế và khám phá những tính năng nổi bật của dòng xe mới này. VinFast Việt Huỳnh Gia: 130 MPTV, Thuận Giao, TP HCM ...","site:facebook.com ""VinFast VF9"" ""trải nghiệm thực tế""",2026-09-15 19:45:45
https://www.facebook.com/groups/1927097800974773/posts/2784201938597684,group_post,Vf9 pin catl thực tế chạy được tầm bn km vậy ae.,"Hội VinFast VF9, VF 9 Việt Nam™ (VinFastVF9ClubVN). Nv HùngFeb 11 ... Đi cao tốc thì tốn nhiều hơn, e đã trải nghiệm thực tế ạ. Lúc đấy ...","site:facebook.com ""VinFast VF9"" ""trải nghiệm thực tế""",2026-09-15 19:45:45
https://www.facebook.com/vinfastansuong3s/posts/-s%E1%BB%B1-ki%E1%BB%87n-l%C3%A1i-th%E1%BB%AD-xe-%C4%91i%E1%BB%87n-vinfast-tr%E1%BA%A3i-nghi%E1%BB%87m-th%E1%BB%B1c-t%E1%BA%BF-nh%E1%BA%ADn-qu%C3%A0-h%E1%BA%A5p-d%E1%BA%ABn-b%E1%BA%A1n-%C4%91ang-t/122180461184906215,page_or_user_post,SỰ KIỆN LÁI THỬ XE ĐIỆN VINFAST – TRẢI NGHIỆM THỰC ...,"SỰ KIỆN LÁI THỬ XE ĐIỆN VINFAST – TRẢI NGHIỆM THỰC TẾ, NHẬN QUÀ HẤP ... #VinFast #VF9 #DichVuHauMaiVinFast #VinFast ...","site:facebook.com ""VinFast VF9"" ""trải nghiệm thực tế""",2026-09-15 19:46:49
https://www.facebook.com/vinfastbacgiang.offical/posts/-tr%E1%BA%A3i-nghi%E1%BB%87m-l%C3%A1i-th%E1%BB%AD-%C3%B4-t%C3%B4-vinfast-t%E1%BA%A1i-heytea-%C4%91%C3%A3-b%E1%BA%AFt-%C4%91%E1%BA%A7ub%E1%BA%A1n-%C4%91ang-t%C3%ACm-ki%E1%BA%BFm-m%E1%BB%99t-chi/1324902233153324,page_or_user_post,🚗 TRẢI NGHIỆM LÁI THỬ Ô TÔ VINFAST TẠI HEYTEA ĐÃ BẮT ...,... Trải nghiệm thực tế các dòng xe: ✓ VF3 cá tính ... ✨ Trải nghiệm thực tế các dòng xe: ✓ VF3 cá tính ... #VinFast #VF9 #ManhLietViTuongLaiXanh ...,"site:facebook.com ""VinFast VF9"" ""trải nghiệm thực tế""",2026-09-15 19:46:49
https://www.facebook.com/groups/vinfastvf6vietnam/posts/936397742792214,group_post,VINFAST VF9 – Biểu tượng của sự thành công và đẳng cấp.,VINFAST VF9 – Biểu tượng của sự thành công và đẳng cấp. Sở hữu ... Liên hệ để trải nghiệm thực tế và nhận chương trình ưu đãi mới nhất.,"site:facebook.com ""VinFast VF9"" ""trải nghiệm thực tế""",2026-09-15 19:46:49
https://www.facebook.com/trinh.lehung.autodaily/videos/k%C3%ADnh-2-l%E1%BB%9Bp-vinfast-vf9-%C3%AAm-th%E1%BA%ADt-kh%C3%B4ng/1746042469978424,video,Kính 2 lớp Vinfast VF9: Êm thật Không…? #vf9 #Vinfast | Lê ...,Trải nghiệm thực tế VinFast VF5 sau 15.000 km: Món hời cho gia đình ... Chọn vinfast vf9 all new hay vf9 lướt #vinfast #vf9. 02:45. Chọn ...,"site:facebook.com ""VinFast VF9"" ""trải nghiệm thực tế""",2026-09-15 19:46:49
https://www.facebook.com/100091793051599/posts/9x-ng%C6%B0%E1%BB%9Di-n%C6%B0%E1%BB%9Bc-ngo%C3%A0i-%E1%BB%9F-vi%E1%BB%87t-nam-14-n%C4%83m-v%C3%A0-v%E1%BB%8B-vinfast-vf9-thu-ph%E1%BB%A5c-v%C3%AC-sao/1004331299303296,page_or_user_post,9x người nước ngoài ở Việt Nam 14 năm và vị VinFast VF9 ...,"... người nước ngoài ở Việt Nam 14 năm và vị VinFast VF9 thu phục, vì sao ... trải nghiệm thực tế, từ trợ lý giọng nói cho đến khả năng quản lý xe ...","site:facebook.com ""VinFast VF9"" ""trải nghiệm thực tế""",2026-09-15 19:46:49
https://www.facebook.com/vinfastchinhhangmiennam/posts/14-n%C4%83m-%E1%BB%9F-vi%E1%BB%87t-nam-t%C3%B4i-c%C3%A0ng-tin-r%E1%BA%B1ng-%C4%91i%E1%BB%81u-quan-tr%E1%BB%8Dng-kh%C3%B4ng-ph%E1%BA%A3i-l%C3%A0-ng%C6%B0%E1%BB%9Di-kh%C3%A1c-nh%C3%AC/122231481122581812,page_or_user_post,VinFast Chính Hãng - Khu Vực Miền Nam,"... trải nghiệm thực tế, từ trợ lý giọng nói cho đến khả năng quản lý xe ... #VinFast #VF9 #BanLinhDanDau. ❄️ VF 9 – BẢN LĨNH KHÔNG CHỜ ...","site:facebook.com ""VinFast VF9"" ""trải nghiệm thực tế""",2026-09-15 19:46:49
https://www.facebook.com/vinfastqb/posts/tr%E1%BA%A3i-nghi%E1%BB%87m-l%C3%A1i-vf9-m%E1%BB%99t-bu%E1%BB%95i-s%C3%A1ng-th%C3%A1ng-7-%C3%A2m-l%E1%BB%8Bchm%E1%BB%99t-bu%E1%BB%95i-s%C3%A1ng-th%C3%A1ng-7-%C3%A2m-l%E1%BB%8Bch-t/1517642780384681,page_or_user_post,🌿TRẢI NGHIỆM LÁI VF9 | MỘT BUỔI SÁNG THÁNG 7 ÂM ...,... VinFast VF9 trên những cung đường quen thuộc. Và đây thực sự là một ... trải nghiệm thực tế mới là cách tốt nhất để cảm nhận giá trị ...,"site:facebook.com ""VinFast VF9"" ""trải nghiệm thực tế""",2026-09-15 19:46:49
https://www.facebook.com/VinFastAuto.Official/videos/vf-9-kh%C3%B4ng-ch%E1%BB%89-l%C3%A0-m%E1%BB%99t-chi%E1%BA%BFc-xe-m%C3%A0-l%C3%A0-kh%C3%B4ng-gian-ri%C3%AAng-c%E1%BB%A7a-nh%E1%BB%AFng-chu%E1%BA%A9n-m%E1%BB%B1c-%C4%91%E1%BA%B3ng-c/1631899954726922,video,"VF 9 – KHÔNG CHỈ LÀ MỘT CHIẾC XE, MÀ LÀ KHÔNG GIAN ...",#VinFast #VF9. 1.2K reactions ·. 46 comments. ·. 4 shares. VinFast ... VF 8 - Trải nghiệm thực tế chuẩn 5 sao - Tập 3 Sau thời gian sử dụng ...,"site:facebook.com ""VinFast VF9"" ""trải nghiệm thực tế""",2026-09-15 19:46:49
https://www.facebook.com/hutech.vienkythuat/posts/sinh-vi%C3%AAn-vi%E1%BB%87n-k%E1%BB%B9-thu%E1%BA%ADt-tr%E1%BA%A3i-nghi%E1%BB%87m-th%E1%BB%B1c-t%E1%BA%BF-t%E1%BA%A1i-x%C6%B0%E1%BB%9Fng-vinfast-v%C4%83n-hi%E1%BB%81n-ti%E1%BA%BFp-c%E1%BA%ADn-/1339174901577712,page_or_user_post,"Lắng nghe chia sẻ về các vị trí nghề nghiệp: kỹ thuật viên, kiểm ...",SINH VIÊN VIỆN KỸ THUẬT TRẢI NGHIỆM THỰC TẾ ... VinFast VF9 – mở rộng góc nhìn thực tế về công ... trải nghiệm thực tế hấp dẫn ngay tại khuôn viên ngày hội.,"site:facebook.com ""VinFast VF9"" ""trải nghiệm thực tế""",2026-09-15 19:46:49
https://www.facebook.com/groups/vinfastvf9/posts/1591761578301070,group_post,Có đúng vầy không mọi người? sao nhiều lỗi quá?,TỔNG HỢP CÁC LỖI THƯỜNG GẶP CỦA VF9 1. Phần mềm chưa ổn định Đây là ... các lỗi ô tô điện VinFast VF9 6. Lỗi sập nguồn Sập nguồn cũng ...,"site:facebook.com ""VinFast VF9"" ""lỗi thường gặp""",2026-09-15 19:46:51
https://www.facebook.com/viettan/posts/v%E1%BB%81-h%E1%BB%87-th%E1%BB%91ng-c%E1%BA%A3nh-b%C3%A1o-v%C3%A0-phanh-t%E1%BB%B1-%C4%91%E1%BB%99ng-c%C3%B3-th%E1%BB%B1c-s%E1%BB%B1-nh%E1%BA%A1y-kh%C3%B4ng-th%C3%AC-ch%C6%B0a-r%C3%B5-nh%C6%B0ng-ch/938326885003986,page_or_user_post,Về hệ thống cảnh báo và phanh tự động có thực sự nhạy ...,"Về hệ thống cảnh báo và phanh tự động có thực sự nhạy không thì chưa rõ, nhưng chắc chắn một điều là chiếc xe điện Vinfast VF9 này cũng đã đạt","site:facebook.com ""VinFast VF9"" ""lỗi thường gặp""",2026-09-15 19:46:51
https://www.facebook.com/namtramsac/videos/s%E1%BA%A1c-tr%E1%BB%A5-ac-l%E1%BB%97i-b%E1%BB%8B-d%E1%BB%ABng-s%E1%BA%A1c-v%C3%A0-c%C3%A1ch-x%E1%BB%AD-l%C3%BD/2062644591222862,video,Sạc trụ AC 11kw lỗi bị dừng sạc và Cách xử lý #vinfast ...,Sửa sạc vinfast -p14 *lỗi thường gặp ở sạc 400w đứt cáp Anh em ... Khối pin samsung sdi trên xe vinfast VF9 có gì? Cấu tạo và ... Jun ...,"site:facebook.com ""VinFast VF9"" ""lỗi thường gặp""",2026-09-15 19:46:51
https://www.facebook.com/61591663134094/videos/s%E1%BB%ADa-s%E1%BA%A1c-vinfast-p14l%E1%BB%97i-th%C6%B0%E1%BB%9Dng-g%E1%BA%B7p-%E1%BB%9F-s%E1%BA%A1c-400w-%C4%91%E1%BB%A9t-c%C3%A1panh-em-xem-c%C3%A1ch-x%E1%BB%AD-l%C3%BD-nh%C3%A9-c%C3%A1/944899045308622,video,Sửa sạc vinfast -p14 *lỗi thường gặp ở sạc 400w đứt cáp Anh ...,"SỬA CỔNG SẠC XE VINFAST VF9 – KHẮC PHỤC LỖI CCS2 ... May 16, 2026 ... Sửa sạc vinfast -p14 *lỗi thường gặp ở sạc 400w đứt cáp Anh em...","site:facebook.com ""VinFast VF9"" ""lỗi thường gặp""",2026-09-15 19:46:51
https://www.facebook.com/groups/congdonglienquangarena/posts/1305993908141857,group_post,Cập nhật nhiều lỗi vl,"An Mai ▻ Hội VinFast VF9, VF 9 Việt Nam™ (VinFastVF9ClubVN). 34w ... lỗi thường gặp cùng cách xử lý hiệu quả: Lỗi Sạc Ác Quy 12V:Trước ...","site:facebook.com ""VinFast VF9"" ""lỗi thường gặp""",2026-09-15 19:46:51
https://www.facebook.com/groups/1023069638660550/posts/1586608335640008,group_post,"Xin chào các anh/chị trong nhóm! Ngày 8/8, tôi mang xe ...","... lỗi thường gặp cùng cách xử lý hiệu quả: Lỗi Sạc Ác Quy 12V:Trước ... Thịnh Hạnh ▻ Hội VinFast VF9, VF 9 Việt Nam™ (VinFastVF9ClubVN).","site:facebook.com ""VinFast VF9"" ""lỗi thường gặp""",2026-09-15 19:46:51
https://www.facebook.com/tomvacuavn/videos/m%E1%BB%9F-t%E1%BB%91c-ic-vinfast-d%E1%BB%85-nh%C6%B0-%C4%83n-k%E1%BA%B9o-nh%E1%BB%8F-g%E1%BB%8Dn-ti%E1%BB%87n-mang-%C4%91i-ko-c%E1%BA%A7n-mua-m%C3%A1y-t%C3%ADnh-ko-c%E1%BA%A7n-/1420037699178211,video,Mở tốc IC vinfast dễ như ăn kẹo. Nhỏ gọn. Tiện mang đi. Ko ...,Sửa sạc vinfast -p14 *lỗi thường gặp ở sạc 400w đứt cáp Anh em. 03:35 ... SỬA CỔNG SẠC XE VINFAST VF9 – KHẮC PHỤC LỖI CCS2 ... May 16 ...,"site:facebook.com ""VinFast VF9"" ""lỗi thường gặp""",2026-09-15 19:46:54
https://www.facebook.com/groups/ninhbinhxin/posts/1790491011986341,group_post,Xe e bật adas tầm 60km vô lăng rung nhiều thì phải fix kiểu ...,Về câu chuyện của chiếc xe vinfast VF9 xong mọi người có cái thắc mắc ... Một số mã lỗi thường gặp trên Toyota Corolla Cross: C1A10 ...,"site:facebook.com ""VinFast VF9"" ""lỗi thường gặp""",2026-09-15 19:46:54
https://www.facebook.com/groups/xpandervietnamclub/posts/4256684057887302,group_post,"Adas chính là giải pháp, hoá ra cái màn và con cam đã giải ...",Một số mã lỗi thường gặp trên Toyota Corolla Cross: C1A10 ... Tran Thạch ▻ Hội Ô Tô Điện VinFast VF9 Việt Nam. 4w · Public · - ADAS ...,"site:facebook.com ""VinFast VF9"" ""lỗi thường gặp""",2026-09-15 19:46:54
https://www.facebook.com/61570376224920/videos/%C4%91%E1%BB%ABng-ch%E1%BB%A7-quan-khi-xe-b%E1%BA%A1n-b%E1%BB%8B-b%E1%BB%83-b%E1%BA%A1c-%C4%91%E1%BA%A1n-b%C3%A1nh-sau-%EF%B8%8Fnguy-c%C6%A1-c%C3%B3-th%E1%BB%83-d%E1%BA%ABn-%C4%91%E1%BA%BFn-%C4%91%E1%BB%99ng-c%C6%A1-/2116736685774971,video,Đừng chủ quan khi xe bạn bị bể bạc đạn bánh sau!!! ...,Sửa chữa lỗi thường gặp ở xe điện. 󱝍. Trần Chính and 4 others. 5 ... VinFast VF9 Các dòng xe Hybrid và xe điện nhập khẩu khác ✓ Sử ...,"site:facebook.com ""VinFast VF9"" ""lỗi thường gặp""",2026-09-15 19:46:54
https://www.facebook.com/ChungAuto.vnLongBienluxurycarscare/videos/t%E1%BA%A5m-b%E1%BA%A3o-v%E1%BB%87-pin-vinfast-vf5/1234217944524357,video,Tấm bảo vệ pin Vinfast VF5 | ChungAuto.vn Long Biên,"... lỗi thường gặp: • Pin yếu nhanh sau va chạm • Xe báo lỗi pin, giảm ... Thi công lắp đặt tấm bảo vệ pin Vinfast VF9 #datxexanh #baovepinvf9.","site:facebook.com ""VinFast VF9"" ""lỗi thường gặp""",2026-09-15 19:46:54
https://www.facebook.com/hoclaixebinhduong/videos/b%C3%A0i-t%C4%83ng-s%E1%BB%91-t%C4%83ng-t%E1%BB%91c-%C4%91%E1%BB%99-v%C3%A0i-l%E1%BB%9Di-chia-s%E1%BA%BD-gvhd-vothehung/1204016994166443,video,Bài tăng số tăng tốc độ vài lời chia sẽ từ gvhd #Vothehung ...,Bài ghép dọc và các lỗi thường gặp hạng b1b2 #Vothehung. 14:03 ... Sau 3s nóng bỏng tay #xuhuong #vinfast #VF9 #phuongxeluot. 00:49. Sau ...,"site:facebook.com ""VinFast VF9"" ""lỗi thường gặp""",2026-09-15 19:46:54
https://www.facebook.com/groups/3513138175438582/posts/26259582190367524,group_post,"🔥 BI GẦM G2 PLUS HCLIGHT - ""SIÊU PHẨM"" TĂNG SÁNG ...","Đăng Đồ Độ ▻ Hội VinFast VF9, VF 9 Việt Nam™ (VinFastVF9ClubVN) ... lỗi thường gặp ở nhiều dòng xe. Người dùng chỉ cần lắp đặt là có thể ...","site:facebook.com ""VinFast VF9"" ""lỗi thường gặp""",2026-09-15 19:46:54
https://www.facebook.com/vanthenguyenit/videos/h%C6%B0%E1%BB%9Bng-d%E1%BA%ABn-t%E1%BA%A1o-video-ai-veo-3-a-z-tuy%E1%BB%87t-chi%C3%AAu-x%C3%A2y-k%C3%AAnh-youtube-2026/1298602452126820,video,Hướng dẫn tạo video AI Veo 3 từ A-Z để xây kênh YouTube ...,Hướng dẫn tạo video AI Veo 3 từ A-Z để xây kênh YouTube view ngoại 2026! Cách làm đơn giản dễ áp dụng phù hợp dành cho người mới bắt đầu ...,"site:facebook.com ""VinFast VF9"" ""lỗi thường gặp""",2026-09-15 19:46:54
https://www.facebook.com/groups/330036855098294/posts/1576577390444228,group_post,Hộp điều khiển túi khí sau va chạm nổ túi cần reset lại ...,Các lỗi thường gặp • 4. Khắc phục • 4.1. Lắp điện trở công suất giả ... Về câu chuyện của chiếc xe vinfast VF9 xong mọi người có cái ...,"site:facebook.com ""VinFast VF9"" ""lỗi thường gặp""",2026-09-15 19:46:54
https://www.facebook.com/groups/cuongtruewireless/posts/1947221589401457,group_post,Explorer mà về giá này thì đã best p/p trong tầm 1.5 tỏi ...,"... ( chi phí nuôi xe, bảo dưỡng, đỗ xe, phí đường bộ,... ). Tôi đi xe cỏ ... vinfast vf9 đi cho đẳng cấp. 1y. Lão Nông. Ko ai đánh thuế giấc ...","site:facebook.com ""VinFast VF9"" ""chi phí nuôi xe bảo dưỡng""",2026-09-15 19:46:55
https://www.facebook.com/Autodaily/videos/ch%E1%BB%A7-xe-vinfast-vf-9-tu%E1%BB%99t-l%C3%B2ng-g%C3%B3p-%C3%BD-nh%E1%BB%AFng-%C4%91i%E1%BB%83m-c%E1%BA%A7n-c%E1%BA%A3i-thi%E1%BB%87n/1666996117429851,video,"Chủ xe VinFast VF 9 ""tuột lòng"" góp ý những điểm cần cải ...","Hình như con VF9 này còn chưa có bất cứ chứng chỉ quốc tế nào cỡ như Euro NCAP , thậm chí đến cỡ ao làng như Asean NCAP cũng chưa có luôn ...","site:facebook.com ""VinFast VF9"" ""khen chê chia sẻ kinh nghiệm""",2026-09-15 19:49:00
https://www.facebook.com/groups/1927097800974773/posts/2833410440343500,group_post,Độ bền xe VF9 sau mấy năm các bác lái rồi cho trải ...,"Trươc em đi camry đổi qua VF9 đi hơn 20k km, bảo dương lần 1 mất khoảng 700k. Đã đi xe điện thì em không muốn quay lại xe xăng vì quá sương!","site:facebook.com ""VinFast VF9"" ""khen chê chia sẻ kinh nghiệm""",2026-09-15 19:49:00
https://www.facebook.com/groups/aemexe/posts/3670297539791822,group_post,Vĩnh phát vẫn là 1 thứ gì đó vô cùng… nhạy cảm 🙂 khen bị ...,"Xe vf hoàn thiện chưa ngon, nội thất chưa đẹp. Có điều vận hành rẻ, bảo hành chuẩn, đồ thay sẵn mà rẻ. Đi xe sợ nhất lúc hỏng chờ đặt đồ ko ...","site:facebook.com ""VinFast VF9"" ""khen chê chia sẻ kinh nghiệm""",2026-09-15 19:49:00
https://www.facebook.com/hocgiahd/posts/%C4%91%C3%A2y-l%C3%A0-nh%E1%BA%ADn-x%C3%A9t-%C4%91%C3%A1nh-gi%C3%A1-kh%C3%A1ch-quan-tuy%E1%BB%87t-%C4%91%E1%BB%91i-v%E1%BB%81-vf9-sau-th%E1%BB%9Di-gian-d%C3%A0i-s%E1%BB%AD-d%E1%BB%A5ng-v/9317838828300133,page_or_user_post,"Đây là nhận xét, đánh giá khách quan tuyệt đối về VF9 sau ...","Ưu điểm của VF9 với mình là: Không gian rộng, ghế ngồi êm, form đẹp, xe dual motor nên tăng tốc mạnh do momen xoắn lớn và đạt cực đại ngay lập ...","site:facebook.com ""VinFast VF9"" ""khen chê chia sẻ kinh nghiệm""",2026-09-15 19:49:00
https://www.facebook.com/groups/xedienvinfastev/posts/2123678128063133,group_post,Các lỗi thường thấy của các chủ xe điện VF là ko hiểu ...,"Các lỗi thường thấy của các chủ xe điện VF là ko hiểu do vội cái j mà đang về lùi R quên về P, quăng chìa khoá trong xe, cài chốt seatbelt giả.","site:facebook.com ""VinFast VF9"" ""khen chê chia sẻ kinh nghiệm""",2026-09-15 19:49:00
https://www.facebook.com/groups/1023069638660550/posts/1259473768353468,group_post,Nói không phải khen chứ con xe nào nhà Phét cũng xấu ...,"Nói không phải khen chứ con xe nào nhà Phét cũng xấu đui mù, kể cả con VF9 nhìn không khác gì xe tang.","site:facebook.com ""VinFast VF9"" ""khen chê chia sẻ kinh nghiệm""",2026-09-15 19:49:00
https://www.facebook.com/groups/vinfastvf9/posts/1470068973803665,group_post,"Lần đầu tiên phượt bằng xe vf9, lái liên tục từ 5h sáng ...",Tính toán kỹ cho điểm nghỉ vừa sạc pin và ăn uống một cách hợp lý. Điều này giúp bạn tiết kiệm thời gian và ko lo hết điện giữa đường. 2. Chạy ...,"site:facebook.com ""VinFast VF9"" ""khen chê chia sẻ kinh nghiệm""",2026-09-15 19:49:00
https://www.facebook.com/groups/1927097800974773/posts/2989389241412285,group_post,Ae có công nhận VF9 đi phố nhẹ nhàng hơn Ford everes k ...,"Dũng HD sedona nào dài hơn vậy bác ngắn hơn vf9 nửa cm. Còn vf9 góc đánh lái nhỏ hơn, trục cơ sở còn hơn 10cm nữa nên mới bị góc đánh lại ...","site:facebook.com ""VinFast VF9"" ""khen chê chia sẻ kinh nghiệm""",2026-09-15 19:49:00
https://www.facebook.com/Autodaily/posts/%C4%91%C3%A1nh-gi%C3%A1-%C6%B0u-nh%C6%B0%E1%BB%A3c-%C4%91i%E1%BB%83m-mazda-cx-5-2026-c%C3%B3-%C4%91%C3%A1ng-%C4%91%E1%BB%83-ch%E1%BB%9D-%C4%91%E1%BB%A3i-/1179873384184492,page_or_user_post,"Đánh giá ưu, nhược điểm Mazda CX-5 2026: Có đáng để ...","Đánh giá ưu, nhược điểm Mazda CX-5 2026: Có đáng để chờ đợi? · Mazda CX-5 2026 nhận hơn 600 đơn đặt hàng trước ngày ra mắt, giá dự kiến ...","site:facebook.com ""Mazda CX-5"" ""đánh giá ưu nhược điểm""",2026-09-15 19:49:40
https://www.facebook.com/groups/aemexe/posts/3664306543724255,group_post,Anh em cho hỏi phân khúc MPV mà dùng hộp số 6AT thì ...,... Mazda CX-5 - Toyota CrossHybrid hay Honda CR V ạ Em muốn xe bền chạy ... đánh giá ưu nhược điểm giữa 2 xe cho chút ý kiến với. HRV thì ...,"site:facebook.com ""Mazda CX-5"" ""đánh giá ưu nhược điểm""",2026-09-15 19:49:40
https://www.facebook.com/dangsauvolang/posts/innova-cross-2026-c%C3%B3-g%C3%AC-m%E1%BB%9Bi-li%E1%BB%87u-c%C3%B3-l%E1%BA%A5y-l%E1%BA%A1i-ng%C3%B4i-vua-doanh-s%E1%BB%91-l%E1%BA%ABy-l%E1%BB%ABng-ng%C3%A0y-x%C6%B0a/1486639456836761,page_or_user_post,Innova Cross 2026 có gì mới? Liệu có lấy lại ngôi vua doanh số ...,"Mazda CX-5 và vũ khí chiến lược từ giá bán đến chi phí vận hành bình dân · May ... Đánh giá ưu nhược điểm chi tiết nhất · May be an image of car, road and ...","site:facebook.com ""Mazda CX-5"" ""đánh giá ưu nhược điểm""",2026-09-15 19:49:40
https://www.facebook.com/fordcity.vn/videos/jaecoo-j7-m%E1%BA%ABu-suv-phev-trung-qu%E1%BB%91c-khi%E1%BA%BFn-crv-cx5-v%C3%A0-territory-ph%E1%BA%A3i-d%C3%A8-ch%E1%BB%ABng-jaeco/1550442576493605,video,"JAECOO J7 Mẫu SUV PHEV Trung Quốc khiến CRV, CX5 và ...","... Mazda CX-5, Hyundai Tucson hay Kia Sportage hay không. Nội dung ... Đánh giá ưu, nhược điểm Anh em nghĩ sao về JAECOO J7 PHEV ...","site:facebook.com ""Mazda CX-5"" ""đánh giá ưu nhược điểm""",2026-09-15 19:49:40
https://www.facebook.com/groups/aemexe/posts/3363549633799949,group_post,Chuẩn bị tiền đi nào các vợ :)))) đèn hậu trông nét ác. Mazda CX ...,Chuẩn bị tiền đi nào các vợ :)))) đèn hậu trông nét ác. Mazda CX-5 ... Mazda CX-5 2025 chính thức ... đánh giá ưu nhược điểm của 2 chiếc với ạ. Xin cám ...,"site:facebook.com ""Mazda CX-5"" ""đánh giá ưu nhược điểm""",2026-09-15 19:49:40
https://www.facebook.com/dangsauvolang/posts/nghe-%C4%91%E1%BB%93n-l%C3%A0-xe-vinfast-m%E1%BB%9Bi-kh%C3%B4ng-th%E1%BA%A5y-%E1%BB%91ng-p%C3%B4-ch%E1%BA%AFc-l%E1%BA%A1i-thu%E1%BA%A7n-%C4%91i%E1%BB%87n-r%E1%BB%93i-c%C6%A1-m%C3%A0-con-s/1310406647793377,page_or_user_post,Nghe đồn là xe #VinFast mới. Không thấy ống pô chắc lại ...,Mazda CX-5 và vũ khí chiến lược từ giá bán đến chi phí vận hành bình ... Đánh giá ưu nhược điểm chi tiết nhất · May be an image of car ...,"site:facebook.com ""Mazda CX-5"" ""đánh giá ưu nhược điểm""",2026-09-15 19:49:40
https://www.facebook.com/groups/gearupvn/posts/1468003671431429,group_post,"Chào cả nhà, trong group có ai đang chạy Mazda CX5 ...","Mazda CX-5 lái chắc, form nhìn vẫn có gu sau nhiều năm Chứ có mấy ... Rất mong được nghe chia sẻ trải nghiệm thực tế từ các chủ xe.","site:facebook.com ""Mazda CX-5"" ""trải nghiệm thực tế""",2026-09-15 19:49:41
https://www.facebook.com/mazdathisomallsala/videos/b%E1%BA%AFt-%C4%91%E1%BA%A7u-m%C3%B9a-h%C3%A8-r%E1%BB%B1c-r%E1%BB%A1-mazda-cx-5-%C6%B0u-%C4%91%C3%A3i-%C4%91%E1%BA%BFn-80-tri%E1%BB%87u-%C4%91%E1%BB%93ngkh%C3%B4ng-c%E1%BA%A7n-ph%C3%B4-di%E1%BB%85n-ch%E1%BA%A5t/1558792879094643,video,BẮT ĐẦU MÙA HÈ RỰC RỠ - MAZDA CX-5 ƯU ĐÃI ĐẾN ...,"... ƯU ĐÃI ĐẾN 80 TRIỆU ĐỒNG* Không cần phô diễn, chất lượng của Mazda CX-5 được định hình từ những trải nghiệm thực tế...","site:facebook.com ""Mazda CX-5"" ""trải nghiệm thực tế""",2026-09-15 19:49:41
https://www.facebook.com/Mazdacamranh.vn/posts/%EF%B8%8Fb%E1%BA%AFt-%C4%91%E1%BA%A7u-k%E1%BB%B3-h%C3%A8-r%E1%BB%B1c-r%E1%BB%A1-c%C3%B9ng-mazda-cx-5kh%C3%B4ng-c%E1%BA%A7n-ph%C3%B4-di%E1%BB%85n-ch%E1%BA%A5t-l%C6%B0%E1%BB%A3ng-c%E1%BB%A7a-mazda-cx-/969552082500219,page_or_user_post,BẮT ĐẦU KỲ HÈ RỰC RỠ CÙNG MAZDA CX-5 Không ...,"BẮT ĐẦU KỲ HÈ RỰC RỠ CÙNG MAZDA CX-5 Không cần phô diễn, chất lượng của Mazda CX-5 được định hình từ những trải nghiệm thực tế và sự đồng ...","site:facebook.com ""Mazda CX-5"" ""trải nghiệm thực tế""",2026-09-15 19:49:41
https://www.facebook.com/groups/gearupvn/posts/1609196730645455,group_post,Em đang phân vân cx5 và tucson trong tầm giá 500-550 . ...,Ngoài ra em có xem thêm Geely monjaro vì thấy giá tốt và options nhiều nhưng trải nghiệm thực tế lại hơi ít. ... Mazda CX-5 là cái xe mình ...,"site:facebook.com ""Mazda CX-5"" ""trải nghiệm thực tế""",2026-09-15 19:49:41
https://www.facebook.com/mazdathanhhoa/posts/xem-kh%C3%A1-nhi%E1%BB%81u-m%E1%BA%ABu-xe-nh%C6%B0ng-cu%E1%BB%91i-c%C3%B9ng-em-v%E1%BA%ABn-th%E1%BA%A5y-cx-5-l%C3%A0-ph%C3%B9-h%E1%BB%A3p-nh%E1%BA%A5tch%E1%BB%8B-ng%C3%A2n-ch/1763794458742569,page_or_user_post,"“Xem khá nhiều mẫu xe, nhưng cuối cùng em vẫn thấy ...",... vẫn thấy CX-5 là phù hợp nhất.” Chị Ngân chia sẻ sau khi trải nghiệm thực tế và quyết định lựa chọn Mazda CX-5...,"site:facebook.com ""Mazda CX-5"" ""trải nghiệm thực tế""",2026-09-15 19:49:41
https://www.facebook.com/MazdaNinhThuanPR/videos/mazda-cx-5-tr%E1%BA%A3i-nghi%E1%BB%87m-th%E1%BB%B1c-t%E1%BA%BF-%C4%91%E1%BA%BFn-t%E1%BB%AB-kh%C3%A1ch-h%C3%A0ngmazda-cx-5-ti%E1%BA%BFp-t%E1%BB%A5c-chinh-ph%E1%BB%A5c-k/1601737251079632,video,TRẢI NGHIỆM THỰC TẾ ĐẾN TỪ KHÁCH HÀNG Mazda CX-5 ...,"Trong đoạn phỏng vấn dưới đây, Quý khách hàng Trần Anh Sô sẽ chia sẻ những trải nghiệm thực tế sau thời gian sử dụng Mazda CX-5 – từ cảm giác lái, sự tiện nghi ...","site:facebook.com ""Mazda CX-5"" ""trải nghiệm thực tế""",2026-09-15 19:49:41
https://www.facebook.com/61555656932875/videos/%C4%91%E1%BB%95i-l%E1%BB%91p-%C4%91%C3%BAng-cho-mazda-cx-5-tr%E1%BA%A3i-nghi%E1%BB%87m-th%E1%BB%B1c-t%E1%BA%BF-cho-th%E1%BA%A5y-s%E1%BB%B1-kh%C3%A1c-bi%E1%BB%87t-r%C3%B5-r%E1%BB%87tn%E1%BA%BFu-/1490408528696292,video,Đổi lốp đúng cho Mazda CX-5: Trải nghiệm thực tế ...,"Đổi lốp đúng cho Mazda CX-5: Trải nghiệm thực tế cho thấy sự khác biệt rõ rệt Nếu bạn đang sử dụng Mazda CX-5 và vẫn đang đi bộ lốp theo xe, ...","site:facebook.com ""Mazda CX-5"" ""trải nghiệm thực tế""",2026-09-15 19:49:41
https://www.facebook.com/mazdapmh/posts/d%C3%A0nh-cho-th%E1%BA%BF-h%E1%BB%87-tinh-hoa-kh%C3%B4ng-ng%E1%BB%ABng-t%C3%ACm-ki%E1%BA%BFm-nh%E1%BB%AFng-tr%E1%BA%A3i-nghi%E1%BB%87m-kh%C3%A1c-bi%E1%BB%87t-cx-60-/1574199021402176,page_or_user_post,MAZDA PHÚ MỸ HƯNG 📍 Địa chỉ: Số 314 Nguyễn Văn ...,Mazda CX-5 – Biểu Tượng Đẳng Cấp & Hiện Đại Mazda CX-5 thế hệ mới ... trải nghiệm thực tế và nhận ưu đãi hấp dẫn! Liên hệ ngay để biết ...,"site:facebook.com ""Mazda CX-5"" ""trải nghiệm thực tế""",2026-09-15 19:49:41
https://www.facebook.com/mazdalongbien0938909910/posts/mazda-cx-5-kh%E1%BA%B3ng-%C4%91%E1%BB%8Bnh-v%E1%BB%8B-th%E1%BA%BF-suv-qu%E1%BB%91c-d%C3%A2n-v%E1%BB%9Bi-ch%E1%BA%A5t-l%C6%B0%E1%BB%A3ng-nh%E1%BA%ADt-b%E1%BA%A3n-b%E1%BB%81n-b%E1%BB%89-c%C3%B9ng-ti/1080788934593867,page_or_user_post,Mazda CX-5 khẳng định vị thế SUV quốc dân với chất ...,"Mazda CX-5 khẳng định vị thế SUV quốc dân với chất lượng Nhật Bản ... trải nghiệm thực tế, nhận tư vấn ưu đãi hấp dẫn và tìm cho mình ...","site:facebook.com ""Mazda CX-5"" ""trải nghiệm thực tế""",2026-09-15 19:51:03
https://www.facebook.com/mazdamotors.vn/posts/d%C3%A0nh-cho-th%E1%BA%BF-h%E1%BB%87-tinh-hoa-kh%C3%B4ng-ng%E1%BB%ABng-t%C3%ACm-ki%E1%BA%BFm-nh%E1%BB%AFng-tr%E1%BA%A3i-nghi%E1%BB%87m-kh%C3%A1c-bi%E1%BB%87t-cx-60-/1504651661695305,page_or_user_post,Mazda Vietnam,Mazda CX-5 – Biểu Tượng Đẳng Cấp & Hiện Đại Mazda CX-5 thế hệ mới ... trải nghiệm thực tế và nhận ưu đãi hấp dẫn! Liên hệ ngay để biết ...,"site:facebook.com ""Mazda CX-5"" ""trải nghiệm thực tế""",2026-09-15 19:51:03
https://www.facebook.com/mazdanhatrang.vn/videos/ch%E1%BB%91t-mazda-cx-5-th%C3%A1ng-8-gi%C3%A1-t%E1%BB%91t-nh%E1%BA%A5t-n%C4%83m-nh%E1%BA%ADn-qu%C3%A0-ngh%E1%BB%89-d%C6%B0%E1%BB%A1ng-m%E1%BB%A9c-gi%C3%A1-c%E1%BB%B1c-k%E1%BB%B3-d%E1%BB%85-t/1051628137279137,video,CHỐT MAZDA CX-5 THÁNG 8: GIÁ TỐT NHẤT NĂM,"MAZDA CX-5 - TRẢI NGHIỆM THỰC TẾ ĐẾN TỪ KHÁCH HÀNG. 01:41. MAZDA CX-5 - TRẢI NGHIỆM THỰC TẾ ĐẾN TỪ KHÁCH HÀ... Mar 15, 2026 · 326 views.","site:facebook.com ""Mazda CX-5"" ""trải nghiệm thực tế""",2026-09-15 19:51:03
https://www.facebook.com/groups/958810459215066/posts/1642560047506767,group_post,Kích Hoạt Tính Năng Ẩn CX-5: Trải Nghiệm Lái Thông Minh ...,... Trải nghiệm thực tế: Vào cua ban đêm tự tin hơn hẳn Tầm nhìn không ... Mazda CX-5 biển 30K-580.29. Nó vẫn là chiếc xe gầm cao cỡ C ...,"site:facebook.com ""Mazda CX-5"" ""trải nghiệm thực tế""",2026-09-15 19:51:03
https://www.facebook.com/PhongBonAuto/posts/-mazda-cx-5-premium-2023-xe-%C4%91%E1%BA%B9p-cho-gia-%C4%91%C3%ACnhmazda-cx-5-premium-l%C3%A0-phi%C3%AAn-b%E1%BA%A3n-cao-/1750437903224450,page_or_user_post,Mazda CX-5 Premium - Sản xuất: 2023 - Động cơ: 2.0L xăng,"MAZDA CX-5 PREMIUM 2023 – XE ĐẸP CHO GIA ĐÌNH Mazda CX-5 Premium là phiên bản cao cấp, thiết kế hiện ... trải nghiệm thực tế anh chị nhé!","site:facebook.com ""Mazda CX-5"" ""trải nghiệm thực tế""",2026-09-15 19:51:03
https://www.facebook.com/mazdabinhtan/videos/m%E1%BB%99t-chi%E1%BA%BFc-xe-hi%E1%BB%83u-b%E1%BA%A1n-th%E1%BB%83-thao-hi%E1%BB%87n-%C4%91%E1%BA%A1i-v%C3%A0-linh-ho%E1%BA%A1t-nh%C6%B0-ch%C3%ADnh-b%E1%BA%A1n-sau-bu%E1%BB%95i-work/1052235723540733,video,"Một chiếc xe hiểu bạn: Thể thao, hiện đại và linh hoạt – như ...","Mazda CX-5 – Khi sự tinh tế gặp hiệu suất mạnh mẽ. Jun 14, 2026 ... Trải nghiệm thực tế hàng ghế 2 Mazda CX30. 02:26. Trải nghiệm thực tế ...","site:facebook.com ""Mazda CX-5"" ""trải nghiệm thực tế""",2026-09-15 19:51:03
https://www.facebook.com/manhquanautohcm/posts/%F0%9D%90%8C%F0%9D%90%9A%F0%9D%90%B3%F0%9D%90%9D%F0%9D%90%9A-%F0%9D%90%82%F0%9D%90%97-%F0%9D%9F%93-%F0%9D%90%8D%F0%9D%90%9A%CC%82%F0%9D%90%A7%F0%9D%90%A0-%F0%9D%90%82%F0%9D%90%9A%CC%82%CC%81%F0%9D%90%A9-%F0%9D%90%8C%F0%9D%90%9A%CC%80%F0%9D%90%A7-%F0%9D%90%87%F0%9D%90%A2%CC%80%F0%9D%90%A7%F0%9D%90%A1-%F0%9D%90%86%F0%9D%90%A8%F0%9D%90%AD%F0%9D%90%9E%F0%9D%90%9C%F0%9D%90%A1-%F0%9D%90%86%F0%9D%90%93-%F0%9D%9F%90%F0%9D%90%8A-%F0%9D%9F%91%F0%9D%9F%94%F0%9D%9F%8E-%F0%9D%90%8D%F0%9D%90%9E%CC%81%F0%9D%90%AD-%F0%9D%90%8D%F0%9D%90%A1%F0%9D%90%AE%CC%9B-%F0%9D%90%92%F0%9D%90%A8%F0%9D%90%A7%F0%9D%90%B2-%F0%9D%90%92%F0%9D%90%9A%F0%9D%90%A7%F0%9D%90%A0-%F0%9D%90%8D%F0%9D%90%A1%F0%9D%90%AE%CC%9B-%F0%9D%90%99%F0%9D%90%A2%F0%9D%90%A7-/1485274173599061,page_or_user_post,𝐌𝐚𝐳𝐝𝐚 𝐂𝐗-𝟓 𝐍𝐚̂𝐧𝐠 𝐂𝐚̂́𝐩 𝐌𝐚̀𝐧 𝐇𝐢̀𝐧𝐡 𝐆𝐨𝐭𝐞𝐜𝐡 𝐆𝐓 ...,Mazda CX-5 Nâng Cấp Màn Hình Gotech ... trải nghiệm thực tế ngay! ----- MẠNH QUÂN AUTO ...,"site:facebook.com ""Mazda CX-5"" ""trải nghiệm thực tế""",2026-09-15 19:51:03
https://www.facebook.com/groups/cx5vn/posts/4272510516349108,group_post,LÁI THỬ NGAY TẠI SHOWROOM PHẠM VĂN ĐỒNG 🌟 ...,"TRẢI NGHIỆM THỰC TẾ – LÁI THỬ NGAY TẠI SHOWROOM PHẠM VĂN ĐỒNG Quý ... Xe Mazda CX-5 của bạn đã có món phụ kiện ""quốc dân"" này chưa ...","site:facebook.com ""Mazda CX-5"" ""trải nghiệm thực tế""",2026-09-15 19:51:03
https://www.facebook.com/mazdacantho.vn/posts/%C4%91%E1%BA%B7c-quy%E1%BB%81n-ngh%E1%BB%89-d%C6%B0%E1%BB%A1ng-th%C6%B0%E1%BB%A3ng-l%C6%B0u-d%C3%A0nh-ri%C3%AAng-cho-qu%C3%BD-kh%C3%A1ch-h%C3%A0ng-s%E1%BB%9F-h%E1%BB%AFu-tuy%E1%BB%87t-t%C3%A1c-s/122212651442372242,page_or_user_post,90. Không chỉ mang đến trải nghiệm lái thăng hoa và ...,Mazda CX-5 – Biểu Tượng Đẳng Cấp & Hiện Đại Mazda CX-5 thế hệ mới ... trải nghiệm thực tế và nhận ưu đãi hấp dẫn! Liên hệ ngay để biết ...,"site:facebook.com ""Mazda CX-5"" ""trải nghiệm thực tế""",2026-09-15 19:51:03
https://www.facebook.com/3scar.vn/videos/mazda-cx-5-premium-2021-n%C3%A2ng-c%E1%BA%A5p-radar-adas-zin-ch%C3%ADnh-h%C3%A3ngchi%E1%BA%BFc-cx-5-premium-202/3278153275716292,video,MAZDA CX-5 PREMIUM 2021 – NÂNG CẤP RADAR ADAS ...,"Bật sáng là yên tâm: Trải nghiệm thực tế Mazda CX-5 lên đèn. 00:23. Bật sáng là yên tâm: Trải nghiệm thực tế Mazda CX-5 lê... Aug 10, 2026 ...","site:facebook.com ""Mazda CX-5"" ""trải nghiệm thực tế""",2026-09-15 19:51:03
https://www.facebook.com/trunganhgara.on/videos/-cx-5-r%C6%A1-l%C3%A1i-ph%C3%A1t-ti%E1%BA%BFng-k%C3%AAu-l%E1%BB%99p-c%E1%BB%99p-ph%E1%BB%A5c-h%E1%BB%93i-ngay-kh%C3%B4ng-c%E1%BA%A7n-thay-m%E1%BB%9Bi-b%E1%BA%A1n-%C4%91ang-s%E1%BB%AD/679548588294081,video,"CX-5 RƠ LÁI, PHÁT TIẾNG KÊU “LỘP CỘP” – PHỤC HỒI ...","... Mazda CX-5 và gặp tình trạng: ❌ Vô | Trung Tâm Sửa Chữa Ô Tô Trung ... Lỗi thường gặp sau một thời gian sử dụng, nhất là các dòng CX-5 ...","site:facebook.com ""Mazda CX-5"" ""lỗi thường gặp""",2026-09-15 19:51:06
https://www.facebook.com/groups/1608431275911966/posts/25599375509724207,group_post,Góc chia sẻ thắc mắc 1 Xin chào các bác. Hôm nay em sẽ ...,"Góc chia sẻ thắc mắc 1 Xin chào các bác. Hôm nay em sẽ giải đáp cho các bác lỗi thường gặp ... Trịnh Phúc Thọ ▻ Hội Mazda CX-5, CX5 Việt Nam™ (CX ...","site:facebook.com ""Mazda CX-5"" ""lỗi thường gặp""",2026-09-15 19:51:06
https://www.facebook.com/garathoidaibonbanh/videos/anh-em-n%C3%AAn-l%C6%B0u-l%E1%BA%A1i-%C4%91i-nh%C3%A9-l%E1%BB%97i-k%C3%A9o-phanh-tay-m%C3%A0-v%E1%BA%ABn-tr%C3%B4i-d%E1%BB%91c-r%E1%BA%A5t-hay-g%E1%BA%B7p-%C4%91%C3%B3-%E1%BA%A1-gar/1263572632370164,video,"Anh em nên lưu lại đi nhé, lỗi kéo phanh tay mà vẫn trôi dốc rất ...","lỗi thường gặp trên các dòng xe mazda, kéo phanh vẫn trôi dố... Jul 8, 2026 ... Xử lý tiếng kêu khó chịu từ thước lái trên Mazda CX-5 #garacongthanh. 00:49. Xử lý ...","site:facebook.com ""Mazda CX-5"" ""lỗi thường gặp""",2026-09-15 19:51:06
https://www.facebook.com/trunganhgara.on/posts/-cx-5-r%C6%A1-l%C3%A1i-ph%C3%A1t-ti%E1%BA%BFng-k%C3%AAu-l%E1%BB%99p-c%E1%BB%99p-ph%E1%BB%A5c-h%E1%BB%93i-ngay-kh%C3%B4ng-c%E1%BA%A7n-thay-m%E1%BB%9Bi-b%E1%BA%A1n-%C4%91ang-s%E1%BB%AD/682573554622418,page_or_user_post,"CX-5 RƠ LÁI, PHÁT TIẾNG KÊU “LỘP CỘP” – PHỤC HỒI ...","... Mazda CX-5 và gặp tình trạng: ❌ Vô lăng có cảm giác rơ, rung nhẹ ... Lỗi thường gặp sau một thời gian sử dụng, nhất là các dòng CX-5 ...","site:facebook.com ""Mazda CX-5"" ""lỗi thường gặp""",2026-09-15 19:51:06
https://www.facebook.com/oxuanthao.445149/videos/-k%E1%BA%BFt-n%E1%BB%91i-c%E1%BA%A3m-bi%E1%BA%BFn-%C3%A1p-su%E1%BA%A5t-l%E1%BB%91p-mazda-th%C3%A0nh-c%C3%B4ng-r%E1%BB%93i-m%C3%A0-v%E1%BA%ABn-kh%C3%B4ng-hi%E1%BB%87n-th%C3%B4ng-s%E1%BB%91-%C4%91%E1%BB%AB/1357517819054547,video,Kết nối cảm biến áp suất lốp Mazda thành công rồi mà vẫn ...,"✓ Những lỗi thường gặp khi cài đặt TPMS và cách khắc phục nhanh. ... Mazda CX-5 của bạn đang bị ""giấu"" những tính năng xịn xò ... Aug 26 ...","site:facebook.com ""Mazda CX-5"" ""lỗi thường gặp""",2026-09-15 19:51:06
https://www.facebook.com/groups/434674818957957/posts/850079267417508,group_post,"Chuyên Sửa Lỗi Gương Xe Mazda - Nhanh, Uy Tín, Giá Tốt!","Chúng tôi chuyên sửa lỗi gương Mazda uy tín – xử lý tận gốc các lỗi thường gặp, tiết kiệm chi phí, bảo hành dài hạn. ... Hội Mazda CX-5, CX5 Việt ...","site:facebook.com ""Mazda CX-5"" ""lỗi thường gặp""",2026-09-15 19:51:06
https://www.facebook.com/groups/594865905874003/posts/1349548230405763,group_post,"Những Lỗi Thường Gặp , Nhưng Ít Ai Chủ Động! #Bomlop","Những Lỗi Thường Gặp , Nhưng Ít Ai Chủ Động! #Bomlop. ... Những Lỗi Thường Gặp , Nhưng Ít Ai Chủ Động! ... Xe mới về! Mazda Cx-5 Premium Exclusive 2.0 AT ...","site:facebook.com ""Mazda CX-5"" ""lỗi thường gặp""",2026-09-15 19:51:06
https://www.facebook.com/61560047521459/videos/mazda-cx-8-h%E1%BB%8Fng-m%E1%BA%B7t-h%C3%ADt-h%E1%BB%8Fng-l%E1%BB%91c-qu%E1%BA%A1t-%C4%91%E1%BB%99ng-c%C6%A1-k%C3%AAu-th%C3%AC-x%E1%BB%AD-l%C3%AD-nh%C6%B0-th%E1%BA%BF-n%C3%A0onamanhgar/1731587381460855,video,"Mazda CX-8. Hỏng mặt hít, hỏng lốc, quạt động cơ kêu thì xử ...","Kiểm tra dàn gầm, thay phuộc Mazda CX-5 #garagequangdinh #baoduongxe #suachuaoto #oto #cx5 ... lỗi thường gặp trên điều hòa xe mazda 3, anh em ...","site:facebook.com ""Mazda CX-5"" ""lỗi thường gặp""",2026-09-15 19:51:06
https://www.facebook.com/groups/491815095502132/posts/1275254327158201,group_post,cần giúp đỡ ! e chào các bác ! e đang gặp xe mazda 6 ...,Hôm nay em sẽ giải đáp cho các bác lỗi thường gặp trên các dòng xe ... Mình cần tìm gara khu vực Hà Đông – Hà Nội sửa Mazda CX-5 với 2 vấn đề: 1.,"site:facebook.com ""Mazda CX-5"" ""lỗi thường gặp""",2026-09-15 19:51:06
https://www.facebook.com/phukiennoithatxehoi/videos/ch%E1%BB%89-ch%E1%BB%8Dn-m%C3%A0u-%C4%91en-l%E1%BB%97i-th%C6%B0%E1%BB%9Dng-g%E1%BA%B7p-nh%E1%BA%A5t-khi-ch%E1%BB%8Dn-m%C3%A0u-th%E1%BA%A3m-%C3%B4-t%C3%B4nhi%E1%BB%81u-ng%C6%B0%E1%BB%9Di-ch%E1%BB%8Dn-m%C3%A0u-/1603294824373164,video,Chỉ chọn màu đen – Lỗi thường gặp nhất khi chọn màu thảm ...,LÓT SÀN 360 MAZDA CX-5 Mazda CX-5 sau khi nâng cấp. 00:36. LÓT ... Chỉ chọn màu đen – Lỗi thường gặp nhất khi chọn màu thảm ô tô...,"site:facebook.com ""Mazda CX-5"" ""lỗi thường gặp""",2026-09-15 19:51:06
https://www.facebook.com/groups/grabcar.vn/posts/1937356053789316,group_post,"Chuyên Sửa Lỗi Gương Xe Mazda - Nhanh, Uy Tín, Giá Tốt!","Chúng tôi chuyên sửa lỗi gương Mazda uy tín – xử lý tận gốc các lỗi thường gặp, tiết kiệm chi phí, bảo hành dài hạn. ... Mazda CX-5 2.0AT ...","site:facebook.com ""Mazda CX-5"" ""lỗi thường gặp""",2026-09-15 19:51:49
https://www.facebook.com/loi.nguyen.361873/videos/thay-qu%E1%BA%A1t-gi%E1%BA%A3i-nhi%E1%BB%87t-%C4%91%E1%BB%99ng-c%C6%A1-cho-mazda-cx8-0784895959-cx8-mazda-l%E1%BB%A3i-auto-trung-h/1608480340851275,video,Thay quạt giải nhiệt động cơ cho Mazda CX8 0784895959 ...,"lỗi thường gặp trên điều hòa xe mazda 3, anh em nên lưu lại khi. 00 ... Mazda CX-5 điều hòa không mát, nguyên nhân lại do hết g ...","site:facebook.com ""Mazda CX-5"" ""lỗi thường gặp""",2026-09-15 19:51:49
https://www.facebook.com/groups/vncx5club/posts/1364189769015808,group_post,E cần bán xe quốc dân này. Giá hợp lý 67x,"Hội Mazda CX-5, CX5 Việt Nam (VNCX5Club). Trần Phong󰞋2h ... lỗi thường gặp trên gương điện Mazda Linh kiện chất lượng: xương ...","site:facebook.com ""Mazda CX-5"" ""lỗi thường gặp""",2026-09-15 19:51:49
https://www.facebook.com/viet.porsche.2025/videos/check-xe-mazda-6-2020-cho-em-kh%C3%A1ch-t%E1%BA%A1i-h%C3%A0-n%E1%BB%99i/1635175808038849,video,#Check xe mazda 6 2020 cho em khách tại hà nội | Việt Porsche,"Mazda CX-5 điều hòa không mát, nguyên nhân lại do hết g... May 28 ... lỗi thường gặp trên điều hòa xe mazda 3, anh em nên lưu lại ...","site:facebook.com ""Mazda CX-5"" ""lỗi thường gặp""",2026-09-15 19:51:49
https://www.facebook.com/groups/vncx5club/posts/1183259697108817,group_post,Lippo - lip trước- bậc lên xuống cho cx5 2018-2025 bác ...,MAZDA CX-5 2.0 PREMIUM 2022 – 1 CHỦ GỐC HÀ NỘI Phiên bản ... lỗi thường gặp trên gương điện Mazda Linh kiện chất lượng ...,"site:facebook.com ""Mazda CX-5"" ""lỗi thường gặp""",2026-09-15 19:51:49
https://www.facebook.com/61558506852607/videos/quy-tr%C3%ACnh-th%C3%A1o-l%E1%BA%AFp-h%E1%BB%99p-s%E1%BB%91-c%E1%BB%A7a-mazda-autoism-phanmemoto-tailieusuachua-thongsokit/766097333016525,video,Quy trình tháo lắp hộp số của Mazda #autoism #phanmemoto ...,"Bảo dưỡng hệ thống điều hòa Mazda CX-5 Kiểm tra tổng thể hệ. 00:07 ... lỗi thường gặp trên dòng xe mazda, xe mazda 3 thi thoảng chết ...","site:facebook.com ""Mazda CX-5"" ""lỗi thường gặp""",2026-09-15 19:51:49
https://www.facebook.com/groups/hoiotocu.hcm/posts/2054366708656119,group_post,Xe bán: Mazda 6 2.0 Premium - sản xuất 2023,"Đời 2015, bản full, máy xăng tiết kiệm nhiên liệu, đã fix hết các lỗi thường gặp. ... 󰞋22h󰞋󱟠. 󳄫. MAZDA CX-5 2.0 PREMIUM 2022 – ĐỎ PHA ...","site:facebook.com ""Mazda CX-5"" ""lỗi thường gặp""",2026-09-15 19:51:49
https://www.facebook.com/vithuviofficial/videos/3-m%E1%BA%ABu-xe-m%C3%ACnh-%C4%91%C3%A1nh-gi%C3%A1-cao-trong-ph%C3%A2n-kh%C3%BAc-cuv-h%E1%BA%A1ng-c-vithuvi-vtmgr/1763164631369800,video,3 mẫu xe mình đánh giá cao trong phân khúc CUV hạng C ...,Về mặt chi phí nuôi xe. Bảo dưỡng xe điện thì bao giờ nó cũng sẽ là đơn giản và ít tiền hơn so với xe xăng rồi nếu mà chúng ta không phải ...,"site:facebook.com ""Mazda CX-5"" ""chi phí nuôi xe bảo dưỡng""",2026-09-15 19:51:51
https://www.facebook.com/groups/aemexe/posts/3772682036220038,group_post,Loanh quanh 1 tỷ thì nên chọn Sportage 2026 HEV hay ...,... chi phí nuôi xe bảo dưỡng các thứ cũng rẻ hơn. 7w. Nguyễn Triệu ... Mazda CX-5 xong sờ lên Mazda CX-60 ý… kiểu kiểu thế. Chạy thì k rõ ...,"site:facebook.com ""Mazda CX-5"" ""chi phí nuôi xe bảo dưỡng""",2026-09-15 19:51:51
https://www.facebook.com/groups/431401395145676/posts/1375104717442001,group_post,"Chào các bác, em tìm hiểu xe Mazda CX5 từ lâu rồi, thấy ...","1. Ngoại thất – Sang trọng & hiện đại ở cả hai bản Mâm xe 19 inch thể thao, đèn LED thích ứng thông minh đều có đủ. Tuy nhiên bản Premium ...","site:facebook.com ""Mazda CX-5"" ""khen chê chia sẻ kinh nghiệm""",2026-09-15 19:51:53
https://www.facebook.com/groups/gearupvn/posts/1305844094314055,group_post,Cố lên tí lấy Xê ích Năm 🙂 Nhiều bài hỏi chọn xe hạng B ...,Nếu anh/chị đang cân nhắc mua Mazda CX-5 nhưng chưa rõ nên chọn bản nào hợp lý với nhu cầu và ngân sách thì đây là bài viết cực kỳ đáng đọc!,"site:facebook.com ""Mazda CX-5"" ""khen chê chia sẻ kinh nghiệm""",2026-09-15 19:51:53
https://www.facebook.com/groups/aemexe/posts/3158154644339450,group_post,"1. Là độ rộng. Đúng, cx5 chật hơn terri vs tuc, m ...","Nay có 1 bài viết về độ rộng của cx5 đã đưa ra nhiều tranh luận, 1 bên mua rồi thì cố mà khen vs 1 bên ko có xe thì đừng nhận xét. Tuy nhiên với ...","site:facebook.com ""Mazda CX-5"" ""khen chê chia sẻ kinh nghiệm""",2026-09-15 19:51:53
https://www.facebook.com/groups/gearupvn/posts/1116705359894597,group_post,#GearUpVN #GearUpYearEnd2024 Em xin chia sẻ về sở ...,"- Trải nghiệm lái: Vô lăng to nặng có trợ lực, cầm chắc tay. Động cơ turbo mạnh mẽ, máy xe gầm lên như PKL khi nhấn ga. Khi bật chế độ sport, ...","site:facebook.com ""Mazda CX-5"" ""khen chê chia sẻ kinh nghiệm""",2026-09-15 19:51:53
https://www.facebook.com/groups/gearupvn/posts/1117894976442302,group_post,Mazda CX5 đồng hành gần 3 năm 🤣 Tìm đến Lux SA với ...,"Khen chê thật ra vẫn còn rất nhiều, không thể kể hết. Bài viết mục đích để chia sẻ một số trải nghiệm để mọi người có cái nhìn khách quan ...","site:facebook.com ""Mazda CX-5"" ""khen chê chia sẻ kinh nghiệm""",2026-09-15 19:51:53
https://www.facebook.com/groups/gearupvn/posts/1490736265824836,group_post,Em đang phân vân cx30 với cx5 giá same nhau cho gđ 4 ...,Em đang phân vân cx30 với cx5 giá same nhau cho gđ 4 người. Các bác nào đã trải nghiệm 2 con trên em xin tí review ạ!,"site:facebook.com ""Mazda CX-5"" ""khen chê chia sẻ kinh nghiệm""",2026-09-15 19:51:53
https://www.facebook.com/groups/aemexe/posts/3148312525323662,group_post,Cho em hỏi cảm giác lái của cx5 2020 với 2023 có khác ...,CX5 bản 2.0 cao cấp so với 2.5 AWD cao cấp. Mức tiêu thụ nhiên liệu chênh nhiều không mọi người. Và cảm nhận khi lái khác biệt nhiều không Các ...,"site:facebook.com ""Mazda CX-5"" ""khen chê chia sẻ kinh nghiệm""",2026-09-15 19:51:53
https://www.facebook.com/groups/594865905874003/posts/1100940935266495,group_post,Các bác cho em hỏi sang tuần em lấy cx-5 ở mazda giải phóng ...,Các bác cho em hỏi sang tuần em lấy cx-5 ở mazda giải phóng hà nội. Mà em k có kinh nghiệm thì lúc nhận xe nên kiểm tra những j ạ( bản 2025 ạ),"site:facebook.com ""Mazda CX-5"" ""khen chê chia sẻ kinh nghiệm""",2026-09-15 19:51:53
https://www.facebook.com/groups/431401395145676/posts/857066715912473,group_post,Nên mua vf6 hay cx5 deluxe tại thời điểm này các bác nhỉ ...,"CX-5 thì có cảm giác lái tốt, có không gian thoải mái hơn, có thương hiệu phổ biến hơn, đỡ mất giá hơn. Thiết kế CX-5 cá nhân em thấy cũng có ...","site:facebook.com ""Mazda CX-5"" ""khen chê chia sẻ kinh nghiệm""",2026-09-15 19:51:53
https://www.facebook.com/groups/xesantafe/posts/4716995348316354,group_post,"tất cả đều ok, trừ cái mâm quá ẹ làm cho xe mất sang... :(((","Hyundai Santa Fe 2021 vừa ra mắt tại Việt Nam có ... SANTAFE 2021 FACELIFT: SĂM SOI, ĐÁNH GIÁ ƯU NHƯỢC ĐIỂM VÀ GIÁ. 5y ... Hyundai Santa Fe Full Xăng 2024 ...","site:facebook.com ""Hyundai Santa Fe"" ""đánh giá ưu nhược điểm""",2026-09-15 19:54:05
https://www.facebook.com/groups/otosaigon2023/posts/1076780197661209,group_post,"Mai Sơn – QL45, Tổ công tác Đội CSGT đường bộ cao tốc số 3 ...","... Hyundai Santa Fe lưu thông có dấu hiệu che biển ... Hyundai Santa Fe lưu thông có dấu hiệu che biển số. ... đánh giá ưu, nhược điểm cả. Xã hội ngày càng phát ...","site:facebook.com ""Hyundai Santa Fe"" ""đánh giá ưu nhược điểm""",2026-09-15 19:54:05
https://www.facebook.com/hyundaibinhduong3s/videos/tr%E1%BA%A3i-nghi%E1%BB%87m-th%E1%BB%B1c-t%E1%BA%BF-%C3%A2m-thanh-t%E1%BB%AB-h%E1%BB%87-th%E1%BB%91ng-loa-bose-tr%C3%AAn-hyundai-santa-fe-hyundai-/4313363558879341,video,Trải nghiệm thực tế âm thanh từ hệ thống loa BOSE trên ...,Trải nghiệm thực tế âm thanh từ hệ thống loa BOSE trên Hyundai Santa Fe. #Hyundai #HyundaiBinhDuong #SantaFe #BOSE #amthanh.,"site:facebook.com ""Hyundai Santa Fe"" ""trải nghiệm thực tế""",2026-09-15 19:54:23
https://www.facebook.com/Hyundai3SQuangNam/videos/-m%E1%BB%8Di-h%C3%A0nh-tr%C3%ACnh-%C4%91%E1%BB%81u-tr%E1%BB%9F-n%C3%AAn-%C3%BD-ngh%C4%A9a-h%C6%A1n-khi-%C4%91%C6%B0%E1%BB%A3c-%C4%91%E1%BB%93ng-h%C3%A0nh-c%C3%B9ng-hyundai-santa-fe/1046933454441310,video,Mọi hành trình đều trở nên ý nghĩa hơn khi được đồng hành ...,"... Hyundai Santa Fe. Sở hữu không gian nội thất rộng rãi, tiện nghi ... trải nghiệm thực tế. #HyundaiQuangNam #HyundaiSantaFe #SantaFe ...","site:facebook.com ""Hyundai Santa Fe"" ""trải nghiệm thực tế""",2026-09-15 19:54:23
https://www.facebook.com/Autodaily/videos/santa-fe-hybrid-%E1%BB%9F-ch%E1%BA%BF-%C4%91%E1%BB%99-ev-th%E1%BA%BF-n%C3%A0o-soi-khoang-m%C3%A1y-xem-th%E1%BA%BF-n%C3%A0o/800787609793995,video,Santa Fe Hybrid ở chế độ EV! Soi khoang máy xem thế nào ...,com/watch?v=Fu_qhpzPJD4. youtube.com. Ưu nhược điểm Hyundai Santa Fe Hybrid - Trải nghiệm thực tế tại. 10mo. Trần Viết Cường. Y xì carnival hev.,"site:facebook.com ""Hyundai Santa Fe"" ""trải nghiệm thực tế""",2026-09-15 19:54:23
https://www.facebook.com/groups/gearupvn/posts/1470854027813060,group_post,"Hỏi mua xe cũ ít bác nào hỏi em này, cá nhân mình thấy ...",Nhiều xe bây giờ nhồi option nhưng trải nghiệm thực tế lại không dùng đến mấy. ... Hyundai Santa Fe 2027 xác nhận có động cơ EREV nhưng ...,"site:facebook.com ""Hyundai Santa Fe"" ""trải nghiệm thực tế""",2026-09-15 19:54:23
https://www.facebook.com/HyundaiHungYen/videos/santa-fe-2026-v%C3%AC-h%E1%BA%A1nh-ph%C3%BAc-c%E1%BB%A7a-nh%E1%BB%AFng-ng%C6%B0%E1%BB%9Di-th%C3%A2n-y%C3%AAu-%EF%B8%8Fnhi%E1%BB%81u-anh-kh%C3%A1ch-t%C3%A2m-s%E1%BB%B1-v%E1%BB%9Bi-/902513719299241,video,SANTA FE 2026 – VÌ HẠNH PHÚC CỦA NHỮNG NGƯỜI ...,"Ghé em lái thử và trải nghiệm thực tế ""vệ sĩ thép"" cho gia ... Hyundai Santa Fe Hybrid – Mạnh mẽ, sang trọng và tiết kiệm trong từng.","site:facebook.com ""Hyundai Santa Fe"" ""trải nghiệm thực tế""",2026-09-15 19:54:23
https://www.facebook.com/HyundaiVinhYen.VN061/videos/-santa-fe-hybrid-xe-x%C4%83ng-k%E1%BA%BFt-h%E1%BB%A3p-%C4%91i%E1%BB%87nl%E1%BB%B1a-ch%E1%BB%8Dn-th%C3%B4ng-minh-cho-gia-%C4%91%C3%ACnh-hi%E1%BB%87n-%C4%91%E1%BA%A1itr/1453881126173531,video,SANTA FE HYBRID - XE XĂNG KẾT HỢP ĐIỆN LỰA CHỌN ...,... Hyundai Santa Fe Hybrid đang trở thành lựa chọn được nhiều khách ... Trải nghiệm thực tế Santa Fe Hybrid tại Hyundai Vĩnh Yên ...,"site:facebook.com ""Hyundai Santa Fe"" ""trải nghiệm thực tế""",2026-09-15 19:54:23
https://www.facebook.com/hyundaiviettript/videos/c%C6%A1-h%E1%BB%99i-s%E1%BB%9F-h%E1%BB%AFu-hyundai-santafe-%C6%B0u-%C4%91%C3%A3i-%C4%91%E1%BA%B7c-quy%E1%BB%81n-l%C3%AAn-t%E1%BB%9Bi-220-tri%E1%BB%87u-%C4%91%E1%BB%93ngli%C3%AAn-doanh-/1009094454879664,video,CƠ HỘI SỞ HỮU HYUNDAI SANTAFE: ƯU ĐÃI ĐẶC ...,... Hyundai Santa Fe với những chính sách hỗ trợ tài chính vượt trội. ... trải nghiệm thực tế và nhận báo giá chi tiết nhất. Thông tin liên ...,"site:facebook.com ""Hyundai Santa Fe"" ""trải nghiệm thực tế""",2026-09-15 19:54:23
https://www.facebook.com/hyundaidongdo.com.vn/videos/santafe-b%E1%BB%8B-ch%C3%AA-thi%E1%BA%BFt-k%E1%BA%BF-nh%C6%B0ng-nh%C3%ACn-m%E1%BB%A9c-gi%C3%A1-hi%E1%BB%87n-t%E1%BA%A1i-c%C3%B3-th%E1%BB%83-ph%E1%BA%A3i-suy-ngh%C4%A9-l%E1%BA%A1i-hyu/1562248285527234,video,"Santafe bị chê thiết kế, nhưng nhìn mức giá hiện tại có thể ...","HYUNDAI SANTA FE giảm 160 triệu Lăn bánh đưa trước 300 triệu Cơ ... Nhưng thật ra, khi nhìn kỹ hơn và trải nghiệm thực tế, mình nghĩ ...","site:facebook.com ""Hyundai Santa Fe"" ""trải nghiệm thực tế""",2026-09-15 19:54:23
https://www.facebook.com/hyundaisonghan.com.vn/videos/-b%C3%A0n-giao-santafe-hybrid-kh%E1%BB%9Fi-%C4%91%E1%BA%A7u-th%E1%BB%8Bnh-v%C6%B0%E1%BB%A3ng-2026-kh%C3%B4ng-ch%E1%BB%89-l%C3%A0-m%E1%BB%99t-chi%E1%BA%BFc-xe-san/2353519015389659,video,BÀN GIAO SANTAFE HYBRID – KHỞI ĐẦU THỊNH VƯỢNG ...,"HYUNDAI SANTA FE HYBRID VIN 2026 – SẴN XE, GIAO NGAY Xe có ... Trải nghiệm thực tế các dòng xe Hyundai mới nhất trên nhiều ...","site:facebook.com ""Hyundai Santa Fe"" ""trải nghiệm thực tế""",2026-09-15 19:54:23
https://www.facebook.com/hyundaimiennamxedulich/posts/tr%E1%BA%A3i-nghi%E1%BB%87m-l%C3%A1i-th%E1%BB%AD-%C4%91%E1%BB%89nh-cao-c%C3%B9ng-hyundai-santa-fe-accent-stargazer-xkh%C3%A1m-ph%C3%A1-c%E1%BA%A3/1117519083723919,page_or_user_post,💥TRẢI NGHIỆM LÁI THỬ ĐỈNH CAO CÙNG HYUNDAI SANTA ...,TRẢI NGHIỆM LÁI THỬ ĐỈNH CAO CÙNG HYUNDAI SANTA FE – ACCENT ... trải nghiệm thực tế các dòng xe ... Hyundai Santa Fe ✓ Chủ sở hữu Hyundai Palisade ...,"site:facebook.com ""Hyundai Santa Fe"" ""trải nghiệm thực tế""",2026-09-15 19:54:23
https://www.facebook.com/HyundaiHaiPhong/posts/-si%C3%AAu-%C6%B0u-%C4%91%C3%A3i-hot-th%C3%A1ng-n%C3%A0y-hyundai-santa-fe-gi%E1%BA%A3m-ngay-110-tri%E1%BB%87u-%C4%91%E1%BB%93ng-ch%E1%BB%89-trong-t/1501036874277328,page_or_user_post,"Siêu ưu đãi ""HOT"" tháng này: Hyundai Santa Fe giảm ngay ...","... trải nghiệm thực tế! ------------------------- HYUNDAI HẢI PHÒNG ... Siêu ưu đãi ""HOT"" tháng này: Hyundai Santa Fe giảm ngay 110 triệu đồng!","site:facebook.com ""Hyundai Santa Fe"" ""trải nghiệm thực tế""",2026-09-15 19:56:29
https://www.facebook.com/teinvietnam/videos/hyundai-santafe-v%C3%AC-sao-thay-c%E1%BA%B7p-phu%E1%BB%99c-sau-l%E1%BA%A1i-t%E1%BB%91n-kh%C3%A1-nhi%E1%BB%81u-chi-ph%C3%AD/1988575275028726,video,HYUNDAI SANTAFE - VÌ SAO THAY CẶP PHUỘC SAU LẠI ...,"Hyundai Santa Fe chuẩn an toàn cho gia đình, vững tâm trên mọi hành ... Anh em cần trải nghiệm thực tế hoặc muốn tìm hiểu thêm thì cứ ...","site:facebook.com ""Hyundai Santa Fe"" ""trải nghiệm thực tế""",2026-09-15 19:56:29
https://www.facebook.com/HyundaiHaiPhong/posts/-c%E1%BA%A7m-l%C3%A1i-hyundai-ch%C3%A1y-c%C3%B9ng-world-cup-2026-%EF%B8%8F-kh%C3%B4ng-kh%C3%AD-t%E1%BA%A1i-hyundai-h%E1%BA%A3i-ph%C3%B2ng-ngay/1836850080696004,page_or_user_post,🔥 CẦM LÁI HYUNDAI – CHÁY CÙNG WORLD CUP 2026! ...,"⚽ Trải nghiệm thực tế các mẫu xe nổi bật: ✨ Hyundai Creta ✨ Hyundai Santa Fe ✨ Hyundai Tucson Cảm nhận khả năng vận hành mạnh mẽ, công ...","site:facebook.com ""Hyundai Santa Fe"" ""trải nghiệm thực tế""",2026-09-15 19:56:29
https://www.facebook.com/61590315944391/videos/-hyundai-santa-fe-d%E1%BA%ABn-%C4%91%E1%BA%A7u-t%E1%BA%A7m-cao-%C4%91%E1%BA%B3ng-c%E1%BA%A5p-sang-tr%E1%BB%8Dng-thi%E1%BA%BFt-k%E1%BA%BF-l%E1%BB%99t-x%C3%A1c-uy-l%E1%BB%B1c-ki/1573098377697042,video,"HYUNDAI SANTA FE – DẪN ĐẦU TẦM CAO, ĐẲNG CẤP ...","HYUNDAI SANTA FE – DẪN ĐẦU TẦM CAO, ĐẲNG CẤP SANG TRỌNG! ​✨ Thiết kế lột xác uy ... trải nghiệm thực tế ngay nhé anh chị ơi! ❤️ ...","site:facebook.com ""Hyundai Santa Fe"" ""trải nghiệm thực tế""",2026-09-15 19:56:29
https://www.facebook.com/groups/463475593809375/posts/3599594230197480,group_post,Hyundai Santa Fe 2020 Máy Xăng Premium 😍 -Xe mua ...,... Kính mời anh chị đến xem xe trực tiếp và trải nghiệm thực tế!. Log in · Hyundai Santa Fe 2020 Máy Xăng Premium -Xe mua mới 1 chủ-.,"site:facebook.com ""Hyundai Santa Fe"" ""trải nghiệm thực tế""",2026-09-15 19:56:29
https://www.facebook.com/3m.365group/videos/hyundai-santa-fe-x-phim-c%C3%A1ch-nhi%E1%BB%87t-3m-crystalline-cr-blk-kh%C3%B4ng-c%E1%BA%A7n-thay-%C4%91%E1%BB%95i-ngo%E1%BA%A1/2425397801272715,video,Hyundai Santa Fe x Phim cách nhiệt 3M Crystalline CR BLK ...,Hyundai Santa Fe x Phim cách nhiệt 3M Crystalline CR BLK ... Thì có thể lựa chọn mẫu phim 3M này để trải nghiệm thực tế trước khi ...,"site:facebook.com ""Hyundai Santa Fe"" ""trải nghiệm thực tế""",2026-09-15 19:56:29
https://www.facebook.com/61576535140325/posts/hyundai-santa-fe-thi%E1%BA%BFt-k%E1%BA%BF-vu%C3%B4ng-v%E1%BB%A9c-k%E1%BA%BFt-h%E1%BB%A3p-c%C3%B9ng-c%E1%BB%A5m-%C4%91%C3%A8n-led-ch%E1%BB%AF-h-t%E1%BA%A1o-n%C3%AAn-m%E1%BB%99t-d/122123311844884504,page_or_user_post,Hyundai Gia Lai - Xuân Sơn - 0865555341,HYUNDAI SANTA FE Thiết kế vuông vức kết hợp cùng cụm đèn LED chữ ... trải nghiệm thực tế #santafe #HyundaiGiaLai #hyundai #gialai ...,"site:facebook.com ""Hyundai Santa Fe"" ""trải nghiệm thực tế""",2026-09-15 19:56:29
https://www.facebook.com/hyundaibariavungtau89/posts/-all-new-santa-fe-g25-khi-%C3%B4ng-vua-suv-l%E1%BB%99t-x%C3%A1c-ho%C3%A0n-to%C3%A0nqu%C3%AAn-%C4%91i-nh%E1%BB%AFng-%C4%91%C6%B0%E1%BB%9Dng-cong-/1449056600561907,page_or_user_post,Hyundai Bà Rịa Vũng Tàu,"... Hyundai Santa Fe 2025 với diện mạo ""vuông vức"" đầy kiêu hãnh, đậm ... Trải nghiệm thực tế. #hyundaibariavungtau #hyundaistargazer ...","site:facebook.com ""Hyundai Santa Fe"" ""trải nghiệm thực tế""",2026-09-15 19:56:29
https://www.facebook.com/61575340166298/videos/nh%E1%BA%ADn-c%E1%BB%8Dc-l%C3%AAn-%C4%91%C6%A1n-th%C3%A0nh-c%C3%B4ng-hyundai-santafe-hybrid-2026-cho-a-trai-%C4%91%E1%BA%BFn-t%E1%BB%AB-h%C3%A0-n%E1%BB%99i/1180607317521054,video,Nhận cọc lên đơn thành công Hyundai Santafe Hybrid 2026 ...,"... Hyundai Santa Fe Hybrid SUV 7 chỗ “chuẩn phong cách - tiết kiệm ... Trải nghiệm thực tế mang lại: • Đề-pa mượt, tăng tốc êm • Di chuyển ...","site:facebook.com ""Hyundai Santa Fe"" ""trải nghiệm thực tế""",2026-09-15 19:56:29
https://www.facebook.com/groups/223972474981761/posts/1858521738193485,group_post,🔥 ĐANG VỀ – Hyundai Santa Fe 2.5L HTRAC Premium 2021 🔥,ĐANG VỀ – Hyundai Santa Fe 2.5L HTRAC Premium ... ĐANG VỀ – Hyundai Santa Fe 2.5L HTRAC ... • Các lỗi thường gặp trên ô tô. • Kinh nghiệm bảo ...,"site:facebook.com ""Hyundai Santa Fe"" ""lỗi thường gặp""",2026-09-15 19:56:31
https://www.facebook.com/groups/exauto.net/posts/4541131146145320,group_post,Hướng dẫn sử dung Launch X431 Pro3 OCP chẩn đoán ...,"Hướng dẫn sử dung Launch X431 Pro3 OCP chẩn đoán Hyundai Santa Fe ... Hyundai Santa Fe 2019**, giúp anh em nhanh chóng ... Một số mã lỗi thường gặp trên Toyota ...","site:facebook.com ""Hyundai Santa Fe"" ""lỗi thường gặp""",2026-09-15 19:56:31
https://www.facebook.com/groups/exauto.net/posts/4535381786720256,group_post,**Xe báo lỗi ADAS – gara xử lý sao cho kịp tiến độ?** Không ...,Một số mã lỗi thường gặp trên Toyota Corolla Cross: C1A10 ... Hướng dẫn sử dung Launch X431 Pro3 OCP chẩn đoán Hyundai Santa Fe 2019 ...,"site:facebook.com ""Hyundai Santa Fe"" ""lỗi thường gặp""",2026-09-15 19:56:31
https://www.facebook.com/groups/aemexe/posts/3145417738946474,group_post,Chào anh em! Mình đang tìm hiểu và so sánh giữa KIA Sonet,"... chi phí nuôi xe, bảo dưỡng thaco cũng khá chuyên nghiệp và nhanh ... Hyundai Santa Fe ( bản xăng ) hoặc Hybrid Innova Hybrid Carnival ...","site:facebook.com ""Hyundai Santa Fe"" ""chi phí nuôi xe bảo dưỡng""",2026-09-15 19:56:32
https://www.facebook.com/groups/aemexe/posts/3661310387357204,group_post,Bỏ qua ngoại hình thì có nên hít Santafe 2.5 turbo không ...,Bỏ qua ngoại hình thì có nên hít Santafe 2.5 turbo không các bác. Tháng đi tầm 1000km chủ yếu đi phố phần lớn là đi một mình.,"site:facebook.com ""Hyundai Santa Fe"" ""khen chê chia sẻ kinh nghiệm""",2026-09-15 19:56:34
https://www.facebook.com/groups/aemexe/posts/3758834757604766,group_post,Chia sẻ của một chủ nhân santafe trong hội nhóm.,"Mình đang đi cả sorento và carnival thì thấy santafe mới có sự cân bằng tốt giữa 2 con xe của mình, không quá chật như sorento và không thừa ...","site:facebook.com ""Hyundai Santa Fe"" ""khen chê chia sẻ kinh nghiệm""",2026-09-15 19:56:34
https://www.facebook.com/groups/aemexe/posts/3473698396118405,group_post,Nhờ anh em tư vấn giúp mình với. Mình đang tính mua ...,Anh em nào đã từng dùng qua Santa Fe hoặc có kinh nghiệm với dòng xe này chia sẻ thật giúp mình với nhé · No photo description available ...,"site:facebook.com ""Hyundai Santa Fe"" ""khen chê chia sẻ kinh nghiệm""",2026-09-15 19:56:34
https://www.facebook.com/groups/gearupvn/posts/1426411672257296,group_post,Hello ae. Có vẻ ae chê hyundai santafe mới quá nhỉ. E ...,"Ngoài ra bạn này cũng đáng được khen vì tính chất off -road nghiêm túc: body-on-frame, hộp số phụ, 2 khóa vi sai trước sau, lội nước 700 mm ...","site:facebook.com ""Hyundai Santa Fe"" ""khen chê chia sẻ kinh nghiệm""",2026-09-15 19:56:34
https://www.facebook.com/AutoPhapAnh/videos/chu%E1%BA%A9n-xe-gia-%C4%91%C3%ACnh-hyundai-santafe-2008-at-5-ng%C3%A0y-%C4%91%E1%BB%95i-tr%E1%BA%A3-100-h%E1%BB%97-tr%E1%BB%A3-giao-xe-t%E1%BA%ADn-/1446243250295059,video,Chuẩn xe gia đình - Hyundai SantaFe 2008 AT 5 NGÀY ĐỔI ...,"Chuẩn xe gia đình - Hyundai SantaFe 2008 AT 5 NGÀY ĐỔI TRẢ 100% - HỖ TRỢ GIAO XE TẬN NƠI Xe về sẽ được kiểm tra từ lột sàn, máy móc, ...","site:facebook.com ""Hyundai Santa Fe"" ""khen chê chia sẻ kinh nghiệm""",2026-09-15 19:56:34
https://www.facebook.com/groups/2001625779919235/posts/28122973714024418,group_post,"💵 9xx triệu mầm non, tìm SUV 7 chỗ vừa rộng vừa giữ zá. ...","SantaFe là cái tên để cân đối Hyundai SantaFe 2.5AT Premium 2022 🛣️ Odo 68.000km Form đẹp, nội thất rộng rãi, option đầy đủ, đi gia đình ...","site:facebook.com ""Hyundai Santa Fe"" ""khen chê chia sẻ kinh nghiệm""",2026-09-15 19:56:34
https://www.facebook.com/hyundaibariavungtau89/videos/kh%C3%A1m-ph%C3%A1-chi-ti%E1%BA%BFt-all-new-santafe-2024/862971939186948,video,"Hyundai Santa Fe 2024 ra mắt Việt Nam: Giá từ 1,069 đến ...","Hyundai Santa Fe 2024 ra mắt Việt Nam: Giá từ 1069 đến 1365 tỷ, Động cơ 2.5L và 2.5L tăng áp, 5 phiên bản, có ADAS Nhận ngay ưu đãi khi ...","site:facebook.com ""Hyundai Santa Fe"" ""khen chê chia sẻ kinh nghiệm""",2026-09-15 19:56:34
https://www.facebook.com/Quangdaixinhdep/videos/1-c%E1%BA%B7p-santafe-m%C3%A1y-d%E1%BA%A7u-cho-anh-em-tham-kh%E1%BA%A3o-nh%C3%A9/1404697871570576,video,1 Cặp SANTAFE máy dầu cho anh em tham khảo nhé | Ngô ...,Về thông số của nó. Cho những anh em nào chưa biết chiếc xe này ha. Hyundai Santafe đời hai ngàn trăm hai mươi. Và em này là một chủ mua mới từ ...,"site:facebook.com ""Hyundai Santa Fe"" ""khen chê chia sẻ kinh nghiệm""",2026-09-15 19:56:34
https://www.facebook.com/groups/481809853126062/posts/1652353879404981,group_post,Người ta hay đặt Hyundai Santa Fe cạnh Toyota Fortuner ...,Mình thì lại thấy thiết kế San mới đẹp. Mẫu cũ nhìn không hiện đại . Đang đi bản Cali 6 ghế không gì để chê. Xăng cộ cũng ko quá hao cho 1 con xe 2.5 turbo.,"site:facebook.com ""Hyundai Santa Fe"" ""khen chê chia sẻ kinh nghiệm""",2026-09-15 19:56:34
https://www.facebook.com/groups/524442369821809/posts/1274626368136735,group_post,E cần mua cross chính chủ. Em xin inbox thông tin ạ,"... Hyundai Tucson, Ford Territory, Toyota Innova Cross. Mua mới từ tháng 7/2025 ... Bác nào đánh giá ưu nhược điểm giúp e với. E thì nhu cầu đi làm gần ...","site:facebook.com ""Hyundai Tucson"" ""đánh giá ưu nhược điểm""",2026-09-15 19:57:13
https://www.facebook.com/hyundaidongsaigon3s/posts/c%E1%BA%A7n-s%E1%BB%91-%C4%91i%E1%BB%87n-t%E1%BB%AD-sau-v%C3%B4-l%C4%83ngch%E1%BA%A1m-nh%E1%BA%B9-sang-s%E1%BB%91-m%C6%B0%E1%BB%A3ttr%C3%AAn-hyundai-tucson-tr%E1%BA%A3i-nghi%E1%BB%87m-l/1459243292876104,page_or_user_post,Cần số được bố trí ngay sau vô lăng giúp ...,"... Hyundai Tucson, trải nghiệm lái không chỉ đơn giản là di chuyển mà ... trải nghiệm thực tế tính năng. HYUNDAI ...","site:facebook.com ""Hyundai Tucson"" ""trải nghiệm thực tế""",2026-09-15 19:57:14
https://www.facebook.com/baottcs/posts/tr%E1%BA%A3i-nghi%E1%BB%87m-th%E1%BB%B1c-t%E1%BA%BF-hyundai-tucson-hybrid-v%C3%A0-palisade-hybrid-m%E1%BB%9Bi-t%E1%BA%A1i-vi%E1%BB%87t-nam/1511210544379103,page_or_user_post,Trải nghiệm thực tế Hyundai Tucson Hybrid và Palisade ...,Trải nghiệm thực tế Hyundai Tucson Hybrid và Palisade Hybrid mới tại Việt Nam. Hyundai Thành Công tổ chức lái thử Tucson Hybrid và Palisade ...,"site:facebook.com ""Hyundai Tucson"" ""trải nghiệm thực tế""",2026-09-15 19:57:14
https://www.facebook.com/groups/1303596676829453/posts/2462765530912556,group_post,Em đang phân vân Ford Territory và Hyundai Tucson ...,"Em đang phân vân Ford Territory và Hyundai Tucson, ngoài ra ... anh/chị đã trải nghiệm thực tế cho e xin lời khuyên với ạ · Châu Quảng ...","site:facebook.com ""Hyundai Tucson"" ""trải nghiệm thực tế""",2026-09-15 19:57:14
https://www.facebook.com/HyundaiHungYen/videos/hyundai-tucson-l%E1%BB%B1a-ch%E1%BB%8Dn-r%E1%BB%99ng-r%C3%A3i-v%C3%A0-%C3%AAm-%C3%A1i-an-t%C3%A2m-tr%C3%AAn-m%E1%BB%8Di-h%C3%A0nh-tr%C3%ACnh-%EF%B8%8Fnhi%E1%BB%81u-b%C3%A1c-/1572774324227003,video,HYUNDAI TUCSON – LỰA CHỌN RỘNG RÃI VÀ ÊM ÁI 🚙 ...,... trải nghiệm thực tế nhé! ... HYUNDAI TUCSON – CHUẨN MỰC MỚI CỦA SUV HIỆN ĐẠI Hyundai Tucson là sự.,"site:facebook.com ""Hyundai Tucson"" ""trải nghiệm thực tế""",2026-09-15 19:57:14
https://www.facebook.com/xecungyeuxenhuvo/videos/l%C3%A1i-th%E1%BB%AD-hyundai-tucson-hybrid-gi%C3%A1-999-tri%E1%BB%87u-%C4%91%E1%BB%93ng-v%C6%B0%E1%BB%A3t-tr%E1%BB%99i-h%C6%A1n-m%C3%A1y-x%C4%83ng-%C3%AAm-%C3%A1i-h%C6%A1/2552271595186215,video,Lái thử Hyundai Tucson hybrid giá 999 triệu đồng: Vượt trội ...,"HYUNDAI TUCSON – PHÁ VỠ MỌI GIỚI HẠN Với Hyundai Tucson, mọi giới ... trải nghiệm thực tế mọi người sẽ không nhận ra cái cái cái phần ...","site:facebook.com ""Hyundai Tucson"" ""trải nghiệm thực tế""",2026-09-15 19:57:14
https://www.facebook.com/Auto365vnThanhHoa2T/videos/tr%E1%BA%A3i-nghi%E1%BB%87m-th%E1%BB%B1c-t%E1%BA%BF-camera-540-tr%C3%AAn-tucson-2025/1512979923133038,video,""" HYUNDAI TUCSON 2025 - HỆ THỐNG CAMERA 540 ĐỘ ...",""" HYUNDAI TUCSON 2025 - HỆ THỐNG CAMERA 540 ĐỘ PHÂN GIẢI CAO Trải nghiệm thực tế hệ thống camera 540 độ trên Hyundai Tucson 2025 tại Auto365 ...","site:facebook.com ""Hyundai Tucson"" ""trải nghiệm thực tế""",2026-09-15 19:57:14
https://www.facebook.com/groups/895283950545312/posts/29115775801402749,group_post,Các bác cho e tham khảo giữa cross và Tucson con nào đi ...,HandsomeMouse4458 ▻ Hội Hyundai Tucson Việt Nam™ (TucsonClubVN) ... trải nghiệm thực tế. Vì chỉ lái thử thì m thấy xe nào cũng ok cả. Về ...,"site:facebook.com ""Hyundai Tucson"" ""trải nghiệm thực tế""",2026-09-15 19:57:14
https://www.facebook.com/Hyundai3sTuyenQuang/videos/s%E1%BB%B1-ki%E1%BB%87n-tr%C6%B0ng-b%C3%A0y-hyundai-tucsoncheck-in-ngay-nh%E1%BA%ADn-qu%C3%A0-li%E1%BB%81n-tayhyundai-tuy%C3%AAn-qua/907888081569659,video,SỰ KIỆN TRƯNG BÀY HYUNDAI TUCSON CHECK IN NGAY ...,"Trải nghiệm thực tế Hyundai Tucson – SUV 5 chỗ với thiết kế mạnh mẽ, không gian rộng rãi, trang bị tiện nghi và công nghệ an toàn hàng đầu phân ...","site:facebook.com ""Hyundai Tucson"" ""trải nghiệm thực tế""",2026-09-15 19:57:14
https://www.facebook.com/groups/230374825122219/posts/1407962104030146,group_post,Cho mình hỏi thông số tính trong hệ thống của gói an toàn ...,Hội Hyundai Tucson Việt Nam™ (TucsonClubVN). Albert Le󰞋7h ... Anh em nào đã trải nghiệm thực tế hệ thống này chưa nhỉ. Theo bảng ...,"site:facebook.com ""Hyundai Tucson"" ""trải nghiệm thực tế""",2026-09-15 19:57:14
https://www.facebook.com/HyundaiAnKhanh.Official/posts/-t%C3%ADnh-n%C4%83ng-m%E1%BB%9Bi-c%E1%BB%A7a-hyundai-tucson-t%E1%BB%B1-d%E1%BA%ABn-l%E1%BB%91i-%C4%91%E1%BA%BFn-qu%C3%A1n-ph%E1%BB%9F-anh-hai-%C4%91ang-hot-nh%E1%BA%A5t-/715634304893460,page_or_user_post,🚗 TÍNH NĂNG MỚI CỦA HYUNDAI TUCSON 🙌 👉 ...,"TÍNH NĂNG MỚI CỦA HYUNDAI TUCSON Tự dẫn lối đến quán Phở ... Trải nghiệm thực tế tại Hyundai An Khánh, nơi mang đến cho bạn ...","site:facebook.com ""Hyundai Tucson"" ""trải nghiệm thực tế""",2026-09-15 19:59:19
https://www.facebook.com/groups/230374825122219/posts/1412280213598335,group_post,"Kv hà đông, em muốn tham khảo tucson 1.6tb có cửa sổ ...",Hội Hyundai Tucson Việt Nam™ (TucsonClubVN). Anonymous participant ... Bên em sẵn đủ xe trải nghiệm thực tế ạ. Phiền nhà mình inbox hoặc ...,"site:facebook.com ""Hyundai Tucson"" ""trải nghiệm thực tế""",2026-09-15 19:59:19
https://www.facebook.com/HyundaiHungYen/posts/h%C3%A9-l%E1%BB%99-chi-ph%C3%AD-nu%C3%B4i-hyundai-tucson-h%C3%A0ng-th%C3%A1ngchi-ph%C3%AD-s%E1%BB%AD-d%E1%BB%A5ng-hyundai-tucson-%E1%BB%9F-m%E1%BB%A9c/1327018609438655,page_or_user_post,Hé lộ chi phí 'nuôi' Hyundai Tucson hàng tháng,Hé lộ chi phí 'nuôi' Hyundai Tucson hàng tháng Chi phí sử dụng Hyundai Tucson ... trải nghiệm thực tế tại ...,"site:facebook.com ""Hyundai Tucson"" ""trải nghiệm thực tế""",2026-09-15 19:59:19
https://www.facebook.com/vickychivaswhisky/posts/tu%E1%BA%A7n-sau-em-l%E1%BA%A1i-%C4%91i-ph%C3%A1-l%C3%A0ng-ph%C3%A1-x%C3%B3m-c%C3%B3-b%C3%A1c-n%C3%A0o-mu%E1%BB%91n-%C4%91%C6%B0%E1%BB%A3c-l%E1%BA%A7n-%C4%91%E1%BA%A7u-b%C6%B0%E1%BB%9Bc-l%C3%AAn-em-n%C3%B3-/2116576555562194,page_or_user_post,Tuần sau em lại đi phá làng phá xóm! Có Bác nào muốn ...,Lần này là bộ đôi Hyundai Tucson Hybrid và Palisade Hybrid chuẩn bị bước vào chương trình lái thử và trải nghiệm thực tế dành cho khách mời vào ...,"site:facebook.com ""Hyundai Tucson"" ""trải nghiệm thực tế""",2026-09-15 19:59:19
https://www.facebook.com/HyundaiAnKhanh.Official/posts/-hyundai-tucson-b%E1%BA%A3n-l%C4%A9nh-d%E1%BA%ABn-l%E1%BB%91i-%C6%B0u-%C4%91%C3%A3i-d%E1%BA%ABn-%C4%91%E1%BA%A7uch%E1%BB%89-v%E1%BB%9Bi-650-tri%E1%BB%87u-%C4%91%E1%BB%93ng-l%C4%83n-b%C3%A1nh-b/940614172395471,page_or_user_post,"🔥 HYUNDAI TUCSON – BẢN LĨNH DẪN LỐI, ƯU ĐÃI ...","HYUNDAI TUCSON – BẢN LĨNH DẪN LỐI, ƯU ĐÃI DẪN ĐẦU Chỉ với 650 ... Trải nghiệm thực tế các mẫu xe Hyundai với: ✨ Khả năng vận hành ...","site:facebook.com ""Hyundai Tucson"" ""trải nghiệm thực tế""",2026-09-15 19:59:19
https://www.facebook.com/2TVietNamAuto.vn/videos/hyundai-tucson-2025-l%E1%BA%AFp-c%E1%BB%91p-%C4%91i%E1%BB%87n-th%C3%B4ng-minh-%C4%91%C3%A1-c%E1%BB%91p-tr%E1%BA%A3i-nghi%E1%BB%87m-th%E1%BB%B1c-t%E1%BA%BF-sau-khi-h/750387550924280,video,Hyundai Tucson 2025 lắp cốp điện thông minh & đá cốp,HYUNDAI TUCSON 2025 - NÂNG CẤP CỐP ĐIỆN THÔNG MINH & ĐÁ CỐP Trải nghiệm thực tế sau khi hoàn thiện: ✓ Mở cốp bằng chân siêu tiện lợi - chạm ...,"site:facebook.com ""Hyundai Tucson"" ""trải nghiệm thực tế""",2026-09-15 19:59:19
https://www.facebook.com/groups/otoplusvn/posts/27514735858188353,group_post,Nhà mình đã trải nghiệm xăng E10 chưa ? Xe Tucson ...,Thu Anh ▻ Hội Hyundai Tucson +. 12w · Public · Túc đb em thử đổ e5 ... Tôi sẽ chỉ nói căn cứ trên trải nghiệm thực tế mà tôi đã trực tiếp ...,"site:facebook.com ""Hyundai Tucson"" ""trải nghiệm thực tế""",2026-09-15 19:59:19
https://www.facebook.com/HyundaiPVD/posts/-hyundai-tucson-gi%C3%A1-%C6%B0u-%C4%91%C3%A3i-c%E1%BB%B1c-k%E1%BB%B3-h%E1%BA%A5p-d%E1%BA%ABn-s%E1%BB%9F-h%E1%BB%AFu-ngay-m%E1%BA%ABu-suv-%C4%91%C6%B0%E1%BB%A3c-y%C3%AAu-th%C3%ADch-h%C3%A0n/1466610588830451,page_or_user_post,HYUNDAI TUCSON – GIÁ ƯU ĐÃI CỰC KỲ HẤP DẪN! Sở ...,HYUNDAI TUCSON – GIÁ ƯU ĐÃI CỰC KỲ HẤP DẪN! Sở hữu ngay mẫu SUV được yêu ... Ghé Hyundai Phạm Văn Đồng để trải nghiệm thực tế nhé!,"site:facebook.com ""Hyundai Tucson"" ""trải nghiệm thực tế""",2026-09-15 19:59:19
https://www.facebook.com/groups/2002880133155411/posts/9585349684908380,group_post,🚨 TÌM HIỂU CÁC KÝ HIỆU BÁO LỖI TRÊN XE Ô TÔ – ...,❌ Hyundai Tucson bản 1.6 Turbo sx 2023 – Trắng / nội thất đen ... ✓ Phân tích nguyên nhân và xử lý các lỗi thường gặp. ✓ Sử dụng ...,"site:facebook.com ""Hyundai Tucson"" ""lỗi thường gặp""",2026-09-15 19:59:40
https://www.facebook.com/tu.vietsaf/posts/h%E1%BB%99p-s%E1%BB%91-ly-h%E1%BB%A3p-k%C3%A9p-hyundai-kia-7-c%E1%BA%A5p-m%C3%A3-h%E1%BB%99p-s%E1%BB%91-d7uf1-h%E1%BB%99p-s%E1%BB%91-d7uf1-l%C3%A0-h%E1%BB%99p-ly-h%E1%BB%A3p-k/1174777080259922,page_or_user_post,"👉Hộp số ly hợp kép Hyundai, Kia 7 cấp mã hộp số D7UF1 ...","... Hyundai Tucson, Hyundai Kona, Kia Sportage, Kia K5,... Ưu điểm ... lỗi thường gặp nhất đối với hộp số này là: Mất số lùi (R). Mất ...","site:facebook.com ""Hyundai Tucson"" ""lỗi thường gặp""",2026-09-15 19:59:40
https://www.facebook.com/garathoidaibonbanh/posts/thay-d%C3%A2y-cam-%C3%B4-t%C3%B4-xe-hyundai-tucson-khi-n%C3%A0o-c%E1%BA%A7n-ph%E1%BA%A3i-thay-v%E1%BB%9Bi-c%C3%A1c-d%C3%B2ng-xe-c%C5%A9-ho%E1%BA%B7/263779439545302,page_or_user_post,Thay dây cam ô tô xe hyundai tucson khi nào cần phải thay,Thay dây cam ô tô xe hyundai tucson khi nào cần phải thay với ... lỗi thường gặp trên xe Toyota Altis đời cũ anh em nếu mua xe cũ nên ...,"site:facebook.com ""Hyundai Tucson"" ""lỗi thường gặp""",2026-09-15 19:59:40
https://www.facebook.com/garathoidaibonbanh/posts/%C4%91i%E1%BB%81u-h%C3%B2a-xe-hyundai-tucson-kh%C3%B4ng-m%C3%A1t-v%C3%A0-nh%E1%BB%AFng-m%E1%BB%A5c-c%E1%BA%A7n-l%C3%A0m-gara_th%E1%BB%9Di_%C4%91%E1%BA%A1i_b%E1%BB%91n_b%C3%A1nh/1056632673593304,page_or_user_post,điều hòa xe hyundai tucson không mát và những mục cần ...,... hòa xe hyundai tucson không mát và những mục cần làm #gara_thời_đại_bốn_bánh # ... lỗi thường gặp trên xe Toyota Altis đời cũ anh em nếu mua xe cũ ...,"site:facebook.com ""Hyundai Tucson"" ""lỗi thường gặp""",2026-09-15 19:59:40
https://www.facebook.com/HyundaiHaiDuong3S/posts/%C4%91%E1%BB%99i-h%C3%ACnh-xe-g%E1%BA%A7m-cao-5-ch%E1%BB%97-%E1%BA%A5n-t%C6%B0%E1%BB%A3ng-c%E1%BB%A7a-hyundai-%EF%B8%8F-hyundai-venuel%C3%A0-d%C3%B2ng-xe-m%E1%BB%9Bi-ra-/933437505456365,page_or_user_post,ĐỘI HÌNH XE GẦM CAO 5 CHỖ ẤN TƯỢNG CỦA HYUNDAI,... Hyundai Tucson Tucson có ngoại hình mạnh mẽ cùng khả năng vận hành ... NHỮNG LỖI THƯỜNG GẶP KHI LÁI XE – BẠN CÓ ĐANG MẮC PHẢI?,"site:facebook.com ""Hyundai Tucson"" ""lỗi thường gặp""",2026-09-15 19:59:40
https://www.facebook.com/tuan.kieungoc.9/videos/s%E1%BB%ADa-ch%E1%BB%AFa-h%E1%BB%99p-s%E1%BB%91-dct-huyndai-kia/2146341569185886,video,Hộp số ly hợp kép (DCT – Dual Clutch Transmission) 7 cấp ...,"Được sử dụng trên: Hyundai: Tucson 1.6 T-GDi, Elantra Sport, Kona ... Các lỗi thường gặp ở hộp số DCT : 1. Lỗi rung giật ở tốc độ ...","site:facebook.com ""Hyundai Tucson"" ""lỗi thường gặp""",2026-09-15 19:59:40
https://www.facebook.com/groups/230374825122219/posts/1316175903208767,group_post,"Xin chào anh em, Hiện tại tôi cũng đang ngắm nghía 2 con ...",... lỗi thường gặp trên dòng tucson được không ? Do là con xe đầu nên ... Hyundai Tucson 2.0 xăng đặc biệt sx 2026 chạy 400km chưa thay dầu ...,"site:facebook.com ""Hyundai Tucson"" ""lỗi thường gặp""",2026-09-15 19:59:40
https://www.facebook.com/groups/aemexe/posts/3770555053099403,group_post,"Tucson hay HRV HEV. Chào các bác, e đang phân vân ...",Lái_Mới197 ▻ Hội Yêu Xe Hyundai Tucson Việt Nam™ (TucsonClubVN) ... lỗi thường gặp trên dòng tucson được không ? Do là con xe đầu nên ...,"site:facebook.com ""Hyundai Tucson"" ""lỗi thường gặp""",2026-09-15 19:59:40
https://www.facebook.com/garathoidaibonbanh/posts/%C4%91i%E1%BB%81u-h%C3%B2a-xe-%C3%B4-t%C3%B4-ch%E1%BA%ADp-ch%E1%BB%9Dn-l%C3%BAc-m%C3%A1t-l%C3%BAc-kh%C3%B4ng-xe-hyundai-tucson-%C4%91i%E1%BB%81u_h%C3%B2a_%C3%B4_t%C3%B4_kh%C3%B4/445814134675164,page_or_user_post,Điều hòa xe ô tô chập chờn lúc mát lúc không xe hyundai ...,"Điều hòa xe ô tô chập chờn lúc mát lúc không xe hyundai tucson #điều_hòa_ô_tô_không_mát, #sửa_điều_hòa_ô_tô, #hyundai_tucson # ... lỗi thường gặp ...","site:facebook.com ""Hyundai Tucson"" ""lỗi thường gặp""",2026-09-15 19:59:40
https://www.facebook.com/HyundaiHaiDuong3S/posts/-%C6%B0u-%C4%91%C3%A3i-l%C3%AAn-t%E1%BB%9Bi-50-l%E1%BB%87-ph%C3%AD-tr%C6%B0%E1%BB%9Bc-b%E1%BA%A1-hyundai-h%E1%BA%A3i-d%C6%B0%C6%A1ng-h%E1%BB%97-tr%E1%BB%A3-l%C3%AAn-%C4%91%E1%BA%BFn-%F0%9D%9F%B1%F0%9D%9F%AC-%F0%9D%97%B9%F0%9D%97%B2%CC%A3%CC%82-%F0%9D%97%BD%F0%9D%97%B5%F0%9D%97%B6%CC%81/1307496924717086,page_or_user_post,💥 ƯU ĐÃI LÊN TỚI 50% LỆ PHÍ TRƯỚC BẠ 🎯 Hyundai ...,... Hyundai Tucson - SUV 5 chỗ bán chạy Top10 thế giới ⚡ Hyundai ... NHỮNG LỖI THƯỜNG GẶP KHI LÁI XE – BẠN CÓ ĐANG MẮC PHẢI?,"site:facebook.com ""Hyundai Tucson"" ""lỗi thường gặp""",2026-09-15 19:59:40
https://www.facebook.com/HoiOtoTP/posts/7215ee9c/1200261595603612,page_or_user_post,Hội Ôtô và Thiết bị động lực Thành phố Hồ Chí Minh's post,"... lỗi thường gặp (ví dụ P0033 cho vấn đề mạch điện bypass, P2261 cho ... Hyundai Tucson 2017 hoặc Kia Sportage turbo để tuân thủ tiêu ...","site:facebook.com ""Hyundai Tucson"" ""lỗi thường gặp""",2026-09-15 19:59:43
https://www.facebook.com/groups/346784219057497/posts/2378297999239432,group_post,🚛 Hệ Thống Common Rail Trên Động Cơ Diesel – Chủ Xe ...,"... Lỗi Thường Gặp ❌ Van SCV hỏng → xe rung, hụt ga, chết máy. ❌ Kim ... Hyundai Tucson 2017 Em chào mọi người, e có chiếc xe Tucson đời ...","site:facebook.com ""Hyundai Tucson"" ""lỗi thường gặp""",2026-09-15 19:59:43
https://www.facebook.com/groups/346784219057497/posts/2694496820952880,group_post,Cho em hỏi con bmw 750li e66 bị tình trạng bơm abs hoạt ...,Quyền Nguyễn ▻ Hội Hyundai Tucson +. 1y · Public · Bị như này có ... [CHIA SẺ KỸ THUẬT] Lỗi thường gặp trên hệ thống ABS có bầu tích áp ...,"site:facebook.com ""Hyundai Tucson"" ""lỗi thường gặp""",2026-09-15 19:59:43
https://www.facebook.com/groups/409448393400927/posts/1504173717261717,group_post,Tucson máy dầu 2022 không có nhớ ghế trong khi giá niêm ...,"Những Lỗi Thường Gặp ❌ Van SCV hỏng → xe rung, hụt ga, chết máy ... Chuyên cung cấp phụ tùng Hyundai Tucson! -mặt ca lăng-chắn bùn ...","site:facebook.com ""Hyundai Tucson"" ""lỗi thường gặp""",2026-09-15 19:59:43
https://www.facebook.com/groups/trident.vn/posts/2134894010193509,group_post,GÓC HỎI ĐÁP: ABS FAULT TRIDENT 660 Tối ngày mưa gió ...,Quyền Nguyễn ▻ Hội Hyundai Tucson +. 1y · Public · Bị như này có ... [CHIA SẺ KỸ THUẬT] Lỗi thường gặp trên hệ thống ABS có bầu tích áp ...,"site:facebook.com ""Hyundai Tucson"" ""lỗi thường gặp""",2026-09-15 19:59:43
https://www.facebook.com/thoidaibonbanh/videos/b%E1%BA%A3o-d%C6%B0%E1%BB%A1ng-xe-honda-crv-mua-c%C5%A9-l%E1%BA%A1i-c%E1%BA%A7n-ki%E1%BB%83m-tra-nh%E1%BB%AFng-g%C3%AC-ph%E1%BA%A7n-2-gara_th%E1%BB%9Di_%C4%91%E1%BA%A1i_b%E1%BB%91n/2224626978364915,video,Bảo dưỡng xe honda crv mua cũ lại cần kiểm tra những gì ...,"lỗi thường gặp trên các dòng xe mazda, kéo phanh vẫn trôi dố... Jul ... xe hyundai tucson điều hòa không mát, bác chủ vẫn chọn ... Jun ...","site:facebook.com ""Hyundai Tucson"" ""lỗi thường gặp""",2026-09-15 19:59:43
https://www.facebook.com/groups/346784219057497/posts/2478164462586118,group_post,Sau hệ thống điều hòa anh em nghiên cứu hệ thống sưởi ...,"... Lỗi thường gặp trên hệ thống sưởi • Không có hơi nóng trong cabin ... Hyundai Tucson 2017 Em chào mọi người, e có chiếc xe Tucson đời ...","site:facebook.com ""Hyundai Tucson"" ""lỗi thường gặp""",2026-09-15 19:59:43
https://www.facebook.com/groups/hondacb300rvietnamclub/posts/1986207932103114,group_post,"Các bro cho m hỏi, xe đang chạy bình thường, thay cặp lốp ...",Quyền Nguyễn ▻ Hội Hyundai Tucson +. 1y · Public · Bị như này có ... [CHIA SẺ KỸ THUẬT] Lỗi thường gặp trên hệ thống ABS có bầu tích áp ...,"site:facebook.com ""Hyundai Tucson"" ""lỗi thường gặp""",2026-09-15 19:59:43
https://www.facebook.com/groups/3263483093864578/posts/4281865928692951,group_post,hộp điều khiển động cơ (ECU) Hyundai Porter II hàng tháo ...,"... Hyundai Tucson, Hyundai Kona, Kia Sportage, Kia K5,.. . Ưu điểm ... Thực tế các lỗi thường gặp nhất đối với hộp số này là ...","site:facebook.com ""Hyundai Tucson"" ""lỗi thường gặp""",2026-09-15 19:59:43
https://www.facebook.com/groups/782915695970352/posts/1585507119044535,group_post,"Hộp số ly hợp kép Hyundai, Kia 7 cấp mã hộp số D7UF1","... Hyundai Tucson, Hyundai Kona, Kia Sportage, Kia K5,... Ưu điểm ... lỗi thường gặp nhất đối với hộp số này là: Mất số lùi (R). Mất ...","site:facebook.com ""Hyundai Tucson"" ""lỗi thường gặp""",2026-09-15 19:59:43
https://www.facebook.com/groups/1053626114731871/posts/26163077406693395,group_post,"Nên chọn Cx5 pre active, Hyundai Tucson, Territory hay VF8 đây ...","Nên chọn Cx5 pre active, Hyundai Tucson ... Nên chọn Cx5 pre active, Hyundai Tucson, Territory hay VF8 ... chi phí nuôi xe, bảo dưỡng bảo trì Ter đắt hơn ...","site:facebook.com ""Hyundai Tucson"" ""chi phí nuôi xe bảo dưỡng""",2026-09-15 19:59:49
https://www.facebook.com/groups/aemexe/posts/3766962900125285,group_post,## Hyundai Tucson 1.6 Turbo Facelift: Sau ...,"Hưởng ứng minigame tháng 7, hôm nay mình xin phép lên bài chia sẻ tâm sự của một tấm chiếu mới – lần đầu mua xe và cũng là lần đầu sở hữu một ...","site:facebook.com ""Hyundai Tucson"" ""khen chê chia sẻ kinh nghiệm""",2026-09-15 19:59:51
https://www.facebook.com/groups/aemexe/posts/3760948047393437,group_post,Hàng 2 Hyundai tucson khi lắp 1 ghế trẻ em vào thì còn đủ chỗ ...,Hàng 2 Hyundai tucson khi lắp 1 ghế trẻ em vào thì còn đủ chỗ 2 người lớn ngồi ổn ko mn?,"site:facebook.com ""Hyundai Tucson"" ""khen chê chia sẻ kinh nghiệm""",2026-09-15 19:59:51
https://www.facebook.com/groups/gearupvn/posts/1587568102808318,group_post,E xin chào các bác. Sau 1 thời gian tìm hiểu em đưa được ...,"Em xin ý kiến của các bác có kinh nghiệm mua xe với ạ. Nhà em 2 vợ chồng + 1 bé 3Y, dự kiến sinh thêm. Sử dụng đi nội thành bình thường, chắc ...","site:facebook.com ""Hyundai Tucson"" ""khen chê chia sẻ kinh nghiệm""",2026-09-15 19:59:51
https://www.facebook.com/groups/975393949297416/posts/ch%E1%BB%A7-xe-hyundai-tucson-%C4%91%E1%BB%9Di-2018-t%E1%BB%AB-khi-mua-xe-%C4%91%E1%BA%BFn-nay-ch%C6%B0a-t%E1%BB%ABng-m%E1%BB%99t-l%E1%BA%A7n-thay-d%E1%BA%A7u/3095862850583838,group_post,chủ xe hyundai tucson đời 2018 từ khi mua xe đến nay ...,"Lúc mua, đồng hồ xe hiển thị đã lăn bánh khoảng 60.000km. Trong một năm qua, anh chạy khoảng hơn 40.000km, tức trung bình hơn 3.000km mỗi tháng, ...","site:facebook.com ""Hyundai Tucson"" ""khen chê chia sẻ kinh nghiệm""",2026-09-15 19:59:51
https://www.facebook.com/dqmtrieu/posts/ch%E1%BB%A7-xe-hyundai-tucson-v%C3%A0-%C4%91%E1%BA%A1i-l%C3%BD-l%C3%A0o-cai-c%C3%A3i-v%C3%A3-v%C3%AC-mua-xe-11-th%C3%A1ng-%C4%91%C3%A3-ph%E1%BA%A3i-b%E1%BB%95-m%C3%A1y/706955531434623,page_or_user_post,"Chủ xe Hyundai Tucson và đại lý Lào Cai cãi vã vì ""mua xe ...","Chủ xe Hyundai Tucson và đại lý Lào Cai cãi vã vì ""mua xe 11 tháng đã phải bổ máy"" Chủ xe trong trường hợp này là anh K, sống tại Lào Cai.","site:facebook.com ""Hyundai Tucson"" ""khen chê chia sẻ kinh nghiệm""",2026-09-15 19:59:51
https://www.facebook.com/chootocugiare/videos/tucson-2019-16-turbo-1-ch%E1%BB%A7-si%C3%AAu-%C4%91%E1%BA%B9p/1065488072601729,video,"#Tucson 2019 1.6 Turbo, 1 chủ siêu đẹp | Mr Nam - Chợ ô tô ...","xe cũ thời điểm này là dễ sở hữu nhất rồi ! Tucson 1.6 turbo mà có hơn 500 cho ae chơi . Lh em 0329758984 e tư vấn thêm - in Cam Pha, Vietnam.","site:facebook.com ""Hyundai Tucson"" ""khen chê chia sẻ kinh nghiệm""",2026-09-15 19:59:51
https://www.facebook.com/vgtnews/posts/tucson-2026-%C4%91%E1%BA%ADp-m%E1%BA%A1nh-m%E1%BB%9Bi-boxy-%C4%91%E1%BB%95i-ngo%C3%A0inh%E1%BB%AFng-h%C3%ACnh-%E1%BA%A3nh-ch%E1%BA%A1y-th%E1%BB%AD-m%E1%BB%9Bi-nh%E1%BA%A5t-c%E1%BB%A7a-hyun/1440838224078348,page_or_user_post,TUCSON 2026 ĐẬP MẠNH MỚI: BOXY ĐỔI NGOÀI Những ...,TUCSON 2026 ĐẬP MẠNH MỚI: BOXY ĐỔI NGOÀI Những hình ảnh chạy thử mới nhất của Hyundai Tucson thế hệ mới (NX5) đang gây xôn xao .,"site:facebook.com ""Hyundai Tucson"" ""khen chê chia sẻ kinh nghiệm""",2026-09-15 19:59:51
https://www.facebook.com/groups/gearupvn/posts/1283880833177048,group_post,Hyundai Tucson N-line hay Subaru Forester 2.0iS EyeSight?,"Chào mọi người, Em đang phân vân giữa Hyundai Tucson N-line và Subaru Forester 2.0i-S EyeSight để mua cho ba mẹ sử dụng (chủ yếu là đi 2 người).","site:facebook.com ""Hyundai Tucson"" ""khen chê chia sẻ kinh nghiệm""",2026-09-15 19:59:51
https://www.facebook.com/groups/otofun2021/posts/1402876581300948,group_post,Ít người đi Tucson bảo rằng chiếc xe này kém bền ...,"Bản AWD mạnh, leo dốc nhẹ nhàng, bốc hơn mong đợi! Cabin êm, bọn tây khen lấy khen để, đường VN thì giờ ngon như tây, thậm chí ngon hơn, đi cao ...","site:facebook.com ""Hyundai Tucson"" ""khen chê chia sẻ kinh nghiệm""",2026-09-15 19:59:51
https://www.facebook.com/groups/gearupvn/posts/1415493610015769,group_post,Các bác đi Tucson 1.6 Turbo trên 10v có bị tình trạng hao ...,Mong các bác cho e xin thêm hướng xử lý với ạ xe Tucson 2020 1.6 turbo Em đã thay côn mới và chỉnh heo kéo càng cua 72mm cả 2 càng Tình trạng ...,"site:facebook.com ""Hyundai Tucson"" ""khen chê chia sẻ kinh nghiệm""",2026-09-15 19:59:51
https://www.facebook.com/HondaOtoLATA/videos/-c%C3%B3-m%E1%BB%99t-%C6%B0u-%C4%91%C3%A3i-%C4%91ang-%C3%A1p-d%E1%BB%A5ng-cho-honda-br-v-nh%C6%B0ng-kh%C3%B4ng-ph%E1%BA%A3i-ai-c%C5%A9ng-%C4%91%C6%B0%E1%BB%A3c-bi%E1%BA%BFtng%C6%B0/1630006931578772,video,Có một ưu đãi đang áp dụng cho Honda BR-V… nhưng ...,... Đánh giá ưu - nhược điểm ✓ Giải đáp mọi câu hỏi của khách hàng ... Honda CR-V L/G Tặng 50% lệ phí trước bạ ✓ Honda BR-V L Tặng ...,"site:facebook.com ""Honda CR-V"" ""đánh giá ưu nhược điểm""",2026-09-15 20:01:52
https://www.facebook.com/groups/3097305706963742/posts/29086564460944511,group_post,Tên kỹ thuật chuẩn về chức năng của “nồi xe tay ga” là 👇 ...,"hay xe 7 chỗ như Honda CR-V, Mitsubishi Outlander… đều sử dụng ... Đánh giá ưu nhược điểm của hộp số CVT • So sánh hộp số CVT với các ...","site:facebook.com ""Honda CR-V"" ""đánh giá ưu nhược điểm""",2026-09-15 20:01:52
https://www.facebook.com/HondaNgheAnVinh/videos/-45-gi%C3%A2y-kh%C3%A1m-ph%C3%A1-khoang-l%C3%A1i-honda-cr-v-eb%C6%B0%E1%BB%9Bc-v%C3%A0o-l%C3%A0-m%C3%AA-%EF%B8%8F-thi%E1%BA%BFt-k%E1%BA%BF-hi%E1%BB%87n-%C4%91%E1%BA%A1i-sang/1549333746657421,video,🚗 45 giây khám phá khoang lái Honda CR-V e! Bước vào ...,... Honda CR-V e đang chinh phục hàng ngàn khách hàng! Trải nghiệm thực tế ngay tại Honda Ôtô Vinh. ☎️ Hotline Kinh doanh: 093 123 8558 #HondaCRV #CRVeHEV ...,"site:facebook.com ""Honda CR-V"" ""trải nghiệm thực tế""",2026-09-15 20:02:10
https://www.facebook.com/HondaOtoHaNoiAnKhanh/videos/-honda-cr-v-s%E1%BA%B5n-s%C3%A0ng-cho-m%E1%BB%8Di-h%C3%A0nh-tr%C3%ACnhthi%E1%BA%BFt-k%E1%BA%BF-hi%E1%BB%87n-%C4%91%E1%BA%A1i-kh%C3%B4ng-gian-r%E1%BB%99ng-r%C3%A3i-v%E1%BA%ADn/2083985582194033,video,HONDA CR-V – SẴN SÀNG CHO MỌI HÀNH TRÌNH Thiết ...,"Trải nghiệm thực tế hàng ghế thứ 3 của Honda CR-V L! 00:51. Trải nghiệm thực tế hàng ghế thứ 3 của Honda CR-V L!... Jun 13, 2026 ...","site:facebook.com ""Honda CR-V"" ""trải nghiệm thực tế""",2026-09-15 20:02:10
https://www.facebook.com/xecungyeuxenhuvo/posts/t%E1%BA%A5t-t%E1%BA%A7n-t%E1%BA%ADt-v%E1%BB%81-chi%E1%BA%BFc-honda-cr-v-ehev-rs-phi%C3%AAn-b%E1%BA%A3n-l%C4%83p-r%C3%A1p-trong-n%C6%B0%E1%BB%9Bc-li%E1%BB%87u-ch%E1%BA%A5t-l/1441695904661472,page_or_user_post,Tất tần tật về chiếc Honda CR-V e:HEV RS phiên bản LĂP ...,Tất tần tật về chiếc Honda CR-V e:HEV RS phiên bản LĂP RÁP trong ... Vậy trải nghiệm thực tế của nó là như thế nào? Hãy cùng mình tìm ...,"site:facebook.com ""Honda CR-V"" ""trải nghiệm thực tế""",2026-09-15 20:02:10
https://www.facebook.com/HondaOtoSGQ2/videos/-tr%E1%BA%A3i-nghi%E1%BB%87m-th%E1%BB%B1c-t%E1%BA%BF-h%C3%A0ng-gh%E1%BA%BF-th%E1%BB%A9-3-c%E1%BB%A7a-honda-cr-v-lkh%C3%A1ch-h%C3%A0ng-xem-xe-gh%C3%A9-ngay-h/1009627748090798,video,Trải nghiệm thực tế hàng ghế thứ 3 của Honda CR-V L! Khách ...,Trải nghiệm thực tế hàng ghế thứ 3 của Honda CR-V L! Khách hàng xem xe ghé ngay Honda Ô tô Sài Gòn - Quận 2 nhé!,"site:facebook.com ""Honda CR-V"" ""trải nghiệm thực tế""",2026-09-15 20:02:10
https://www.facebook.com/groups/gearupvn/posts/1228099342088531,group_post,Honda CR-V có xứng đáng là xe 5+2 quốc dân không ...,Honda CR-V có xứng đáng là xe 5+2 quốc dân không các bác? Ba ... ” Nhưng khi trải nghiệm thực tế thì phải nói thật ra sự thành công ...,"site:facebook.com ""Honda CR-V"" ""trải nghiệm thực tế""",2026-09-15 20:02:10
https://www.facebook.com/Autodaily/videos/honda-crv-e-hev-hybrid-ngon-nh%E1%BA%A5t-vi%E1%BB%87t-nam/1294806891963169,video,Trải nghiệm thực tế Honda CRV e-HEV - Hybrid ngon nhất ...,Trải nghiệm thực tế Honda CRV e-HEV - Hybrid ngon nhất Việt Nam ... Honda CR-V eHEV hybrid lắp ráp tại Việt Nam #biccar #cha... Feb 2 ...,"site:facebook.com ""Honda CR-V"" ""trải nghiệm thực tế""",2026-09-15 20:02:10
https://www.facebook.com/hondaotobienhoaclub/posts/honda-cr-v-l-2023-gi%C3%A1-ch%E1%BB%89-t%E1%BB%AB-865-tri%E1%BB%87u-li%E1%BB%87u-c%C3%B3-%C4%91%C3%A1ng-%C4%91%E1%BB%83-c%C3%A2n-nh%E1%BA%AFc%EF%B8%8F-li%C3%AAn-h%E1%BB%87-ngay-ho/1563618805777591,page_or_user_post,HONDA CR-V L 2023 - Giá chỉ từ 865 Triệu liệu có đáng để ...,HONDA CR-V L 2023 - Giá chỉ từ 865 Triệu liệu có đáng để cân nhắc ... trải nghiệm thực tế. Honda Ô tô Đồng Nai – Biên Hòa kính mời Quý ...,"site:facebook.com ""Honda CR-V"" ""trải nghiệm thực tế""",2026-09-15 20:02:10
https://www.facebook.com/Autodaily/videos/ch%E1%BA%A1y-%C4%91%C6%B0%E1%BB%9Dng-%C4%91%C3%A8o-d%E1%BB%91c-m%E1%BB%9Bi-th%E1%BA%A5y-honda-cr-v-ehev-rs-th%E1%BB%B1c-s%E1%BB%B1-kh%C3%A1c-bi%E1%BB%87tautodaily-honda-/865843056506071,video,Chạy đường đèo dốc mới thấy Honda CR-V e:HEV RS thực ...,Chạy đường đèo dốc mới thấy Honda CR-V e:HEV RS thực sự khác biệt! ... Trải nghiệm thực tế Honda CRV e-HEV - Hybrid ngon nhất Việt Nam ...,"site:facebook.com ""Honda CR-V"" ""trải nghiệm thực tế""",2026-09-15 20:02:10
https://www.facebook.com/hondaototienthudanang/posts/%EF%B8%8Fnh%C3%ACn-l%E1%BA%A1i-h%C3%A0nh-tr%C3%ACnh-30-n%C4%83m-c%E1%BB%A7a-cr-v-m%E1%BA%ABu-suv-%E1%BA%A5n-t%C6%B0%E1%BB%A3ng-v%E1%BB%9Bi-doanh-s%E1%BB%91-b%C3%A1n-h%C3%A0ng-to%C3%A0n/1523103853157855,page_or_user_post,⭐️Nhìn lại hành trình 30 năm của CR-V – Mẫu SUV ấn ...,"... Honda CR-V tại đại lý để nâng tầm phong cách sống! >>> Hotline 1800 ... Mỗi buổi tham quan, mỗi câu hỏi và mỗi trải nghiệm thực tế đều ...","site:facebook.com ""Honda CR-V"" ""trải nghiệm thực tế""",2026-09-15 20:02:10
https://www.facebook.com/hondaotobienhoaclub/posts/-honda-cr-v-hybrid-m%E1%BB%99t-b%C3%ACnh-nhi%C3%AAn-li%E1%BB%87u-mu%C3%B4n-d%E1%BA%B7m-ti%E1%BA%BFn-t%E1%BB%9Binh%E1%BA%B9-g%C3%A1nh-n%E1%BB%97i-lo-v%E1%BB%81-nhi%C3%AAn/1573611404778331,page_or_user_post,"HONDA CR-V HYBRID – MỘT BÌNH NHIÊN LIỆU, MUÔN ...","... trải nghiệm thực tế. Honda Ô tô Đồng Nai – Biên Hòa kính mời Quý khách đến đại lý để lái thử Honda CR-V Hybrid, trực tiếp cảm nhận sự êm ái ...","site:facebook.com ""Honda CR-V"" ""trải nghiệm thực tế""",2026-09-15 20:02:10
https://www.facebook.com/groups/344496473007425/posts/2259373398186380,group_post,🚘 HONDA CR-V L 2021 | ODO 60.000 KM 🔥 Bản L cao ...,HONDA CR-V L 2021 | ODO 60.000 KM Bản L cao cấp – option ... trải nghiệm thực tế. May be an image ...,"site:facebook.com ""Honda CR-V"" ""trải nghiệm thực tế""",2026-09-15 20:02:13
https://www.facebook.com/lopBinhLinh/videos/l%E1%BB%91p-cho-honda-cr-v-b%E1%BB%81n-%C3%AAm-ch%E1%BB%8Dn-sao-b%C3%A0i-test-th%E1%BB%A9-nh%E1%BA%A5t-%C4%91i-ph%E1%BB%91-c%C3%B3-d%E1%BB%85-ch%E1%BB%8Bu-kh%C3%B4ngv%E1%BB%9Bi-/1062723219679515,video,LỐP CHO HONDA CR-V — BỀN & ÊM CHỌN SAO| Bài test ...,LỐP CHO HONDA CR-V — BỀN & ÊM CHỌN SAO| Bài test thứ nhất: Đi phố có dễ chịu không? Với Honda CR-V ... trải nghiệm thực tế còn có cảm giác khi xe ...,"site:facebook.com ""Honda CR-V"" ""trải nghiệm thực tế""",2026-09-15 20:02:13
https://www.facebook.com/hondaautobinhphuoc/posts/-l%C3%A1i-th%E1%BB%AD-honda-cr-v-ehev-tr%E1%BA%A3i-nghi%E1%BB%87m-ch%C3%A2n-th%E1%BA%ADt-%E1%BA%A5n-t%C6%B0%E1%BB%A3ng-t%E1%BB%ABng-kho%E1%BA%A3nh-kh%E1%BA%AFc-b%E1%BA%A1n-%C4%91an/1658624336269455,page_or_user_post,"🍃 LÁI THỬ HONDA CR-V e:HEV – TRẢI NGHIỆM CHÂN THẬT, ...","... trải nghiệm thực tế Honda CR-V e:HEV tại chương trình lái thử đặc biệt do Honda Ôtô Bình Phước – Đồng Phú tổ chức. ✨ Tại chương trình, Quý khách sẽ được ...","site:facebook.com ""Honda CR-V"" ""trải nghiệm thực tế""",2026-09-15 20:02:13
https://www.facebook.com/hondaotophamvandong26/posts/-%C4%91%C4%83ng-k%C3%BD-l%C3%A1i-th%E1%BB%AD-honda-t%E1%BA%A1i-nh%C3%A0-tr%E1%BA%A3i-nghi%E1%BB%87m-xe-theo-c%C3%A1ch-c%E1%BB%A7a-b%E1%BA%A1nb%E1%BA%ADn-r%E1%BB%99n-ch%C6%B0a-ti%E1%BB%87n/122199341846943015,page_or_user_post,ĐĂNG KÝ LÁI THỬ HONDA TẠI NHÀ – TRẢI NGHIỆM XE ...,"... Trải nghiệm thực tế trước khi đưa ra quyết định ✨ Đặc biệt, đừng bỏ lỡ cơ hội trải nghiệm Honda CR-V e – mẫu SUV hybrid nổi bật với khả ...","site:facebook.com ""Honda CR-V"" ""trải nghiệm thực tế""",2026-09-15 20:02:13
https://www.facebook.com/Hondaotohatinh/posts/-tr%E1%BA%A3i-nghi%E1%BB%87m-th%E1%BB%B1c-t%E1%BA%BF-ch%E1%BB%8Dn-ngay-chi%E1%BA%BFc-xe-%C3%B4t%C3%B4-honda-ph%C3%B9-h%E1%BB%A3p-nh%E1%BA%A5t-b%E1%BA%A1n-%C4%91ang-t%C3%ACm-ki%E1%BA%BFm/1495822429222995,page_or_user_post,🔥 TRẢI NGHIỆM THỰC TẾ – CHỌN NGAY CHIẾC XE ÔTÔ ...,"TRẢI NGHIỆM THỰC TẾ – CHỌN NGAY CHIẾC XE ÔTÔ HONDA PHÙ HỢP NHẤT ... Honda CR-V – SUV cao cấp, vận hành mạnh mẽ Nổi bật với: ✓ Công ...","site:facebook.com ""Honda CR-V"" ""trải nghiệm thực tế""",2026-09-15 20:02:13
https://www.facebook.com/hondaotophamvandong26/videos/honda-cr-v-chu%E1%BA%A9n-gu-cho-nh%E1%BB%AFng-ai-th%C3%ADch-c%E1%BA%A3m-gi%C3%A1c-l%C3%A1i-%C4%91%E1%BB%89nh-cao-v%E1%BB%9Bi-s%E1%BB%B1-n%E1%BB%95i-b%E1%BA%ADt-v%E1%BB%9Bi-/1349274923309041,video,Honda CR V chuẩn gu cho những ai thích cảm giác lái đỉnh ...,"Trải nghiệm thực tế hàng ghế thứ 3 của Honda CR-V L! 00:51. Trải nghiệm thực tế hàng ghế thứ 3 của Honda CR-V L!... Jun 13, 2026 ...","site:facebook.com ""Honda CR-V"" ""trải nghiệm thực tế""",2026-09-15 20:02:13
https://www.facebook.com/groups/399829987748376/posts/1565268001204563,group_post,CR-V là cái tên được nhắc khá nhiều khi chọn SUV cho ...,"... trải nghiệm thực tế. Các bác đã đi CR-V lâu rồi cho em hỏi: **điểm ... Honda CR-V có thiết kế hiện đại, không gian rộng rãi, vận ...","site:facebook.com ""Honda CR-V"" ""trải nghiệm thực tế""",2026-09-15 20:02:13
https://www.facebook.com/HTXHaiphong.Go/videos/t%E1%BB%AB-honda-cr-v-sang-limo-green-tr%E1%BA%A3i-nghi%E1%BB%87m-th%E1%BB%B1c-t%E1%BA%BF-thay-%C4%91%E1%BB%95i-ho%C3%A0n-to%C3%A0n-g%C3%B3c-nh%C3%ACn-v%E1%BB%81/1285755342464554,video,TỪ HONDA CR-V SANG LIMO GREEN: TRẢI NGHIỆM THỰC ...,"TỪ HONDA CR-V SANG LIMO GREEN: TRẢI NGHIỆM THỰC TẾ THAY ĐỔI HOÀN TOÀN GÓC NHÌN VỀ XE ĐIỆN Với xe điện, ba điều khiến mọi người quan tâm ...","site:facebook.com ""Honda CR-V"" ""trải nghiệm thực tế""",2026-09-15 20:02:13
https://www.facebook.com/thanhphatauto.net/videos/l%E1%BA%AFp-%C4%91%E1%BA%B7t-b%E1%BB%99-c%E1%BA%A3m-bi%E1%BA%BFn-zin-honda-crv-t%E1%BA%A1i-h%E1%BB%93-ch%C3%AD-minhhondacrv-cambien/2004056823650545,video,Lắp đặt bộ cảm biến Zin Honda Crv tại Hồ Chí Minh ...,Hưởng dẫn anh em xử lý lỗi thường gặp khi lắp màn CRV 2024 ( ... Nâng tầm đẳng cấp xe sang cho Honda CR-V 2025 với cửa hít tự. 00:42 ...,"site:facebook.com ""Honda CR-V"" ""lỗi thường gặp""",2026-09-15 20:02:15
https://www.facebook.com/buihieu561989/videos/s%E1%BB%ADa-l%E1%BB%97i-m%C3%A0n-h%C3%ACnh-honda-crv-ch%E1%BB%9Bp-%C4%91en-b%E1%BA%AFt-b%E1%BB%87nh-chu%E1%BA%A9n-l%E1%BA%A5y-ngay-c%E1%BA%A3nh-b%C3%A1o-x%C3%B3t-v%C3%AD-cho-/1042458465381547,video,Sửa Lỗi Màn Hình Honda CRV Chớp Đen Bắt Bệnh Chuẩn ...,Hưởng dẫn anh em xử lý lỗi thường gặp khi lắp màn CRV 2024 ( ... Biến Honda CR-V thành chiếc xe thông ...,"site:facebook.com ""Honda CR-V"" ""lỗi thường gặp""",2026-09-15 20:02:15
https://www.facebook.com/minhhoang666/videos/tr%E1%BA%A3i-nghi%E1%BB%87m-gh%E1%BA%BF-ch%E1%BB%89nh-%C4%91i%E1%BB%87n-honda-cr-v-tho%E1%BA%A3i-m%C3%A1i-tr%C3%AAn-m%E1%BB%8Di-h%C3%A0nh-tr%C3%ACnh/1020861217364389,video,Trải nghiệm ghế chỉnh điện Honda CR-V: Thoải mái trên mọi ...,Trải nghiệm ghế chỉnh điện Honda CR-V: Thoải mái trên mọi hành trình. ... Hưởng dẫn anh em xử lý lỗi thường gặp khi lắp màn CRV 2024 (. 01:44 ...,"site:facebook.com ""Honda CR-V"" ""lỗi thường gặp""",2026-09-15 20:02:15
https://www.facebook.com/61565011919959/videos/honda-crv-n%C3%B3-b%E1%BB%8B-l%E1%BB%97i-%C4%91en-m%C3%A0n-c%C3%B3-b%C3%A1c-bi%E1%BA%BFt-c%C3%A1ch-fix-ko-nh%E1%BB%89-hondacrv-applecarplay/2190631621737000,video,"Honda CRV nó bị lỗi đen màn, có bác biết cách fix ko nhỉ ...",Hưởng dẫn anh em xử lý lỗi thường gặp ... Honda CR-V 2026 nâng cấp Box Android Maxviss Giữ nguyên ...,"site:facebook.com ""Honda CR-V"" ""lỗi thường gặp""",2026-09-15 20:02:15
https://www.facebook.com/HondaKit/videos/hud-honda-crv-2026-l/1198218082489657,video,Hud hiển thị full thông tin theo xe HONDA CRV L 2026: 1. Tốc ...,"Honda CR-V Hev 2026 với Cam360 và Cam Lane Watch, vừa hiện đại. 01:52 ... Hưởng dẫn anh em xử lý lỗi thường gặp khi lắp màn CRV 2024 (.","site:facebook.com ""Honda CR-V"" ""lỗi thường gặp""",2026-09-15 20:02:15
https://www.facebook.com/cuong.kt.trang.nam/videos/em-chia-s%E1%BA%BB-th%C3%AAm-c%C3%A1ch-l%E1%BA%AFp-v%C3%A0-h%E1%BB%8Dc-l%E1%BA%A1i-l%E1%BB%87nh-auto-1-ch%E1%BA%A1m-lxk-cho-crv-2021-xaykenh-ho/27783982827908210,video,Em chia sẻ thêm cách lắp và học lại lệnh Auto 1 chạm lxk cho ...,Hưởng dẫn anh em xử lý lỗi thường gặp khi lắp màn CRV 2024 ( ... Check Test Honda CRV bị đâm đầu Chiếc Honda CR-V này từng bị va. 01 ...,"site:facebook.com ""Honda CR-V"" ""lỗi thường gặp""",2026-09-15 20:02:15
https://www.facebook.com/dubaicarevn68/videos/c%E1%BB%91p-%C4%91i%E1%BB%87n-zin-c%E1%BB%A7a-cr-v-li%E1%BB%87u-c%C3%B3-th%E1%BB%B1c-s%E1%BB%B1-%C4%83n-%C4%91%E1%BB%A9t-c%E1%BB%91p-%C4%91i%E1%BB%87n-%C4%91%E1%BB%99-/1727412518561614,video,"Cốp điện zin của CR-V liệu có thực sự ""ăn đứt"" cốp điện độ ...","Hưởng dẫn anh em xử lý lỗi thường gặp khi lắp màn CRV 2024 (. 01:44 ... ✓✓✓ Honda CR-V – Công nghệ tiên phong, an toàn vượt. 00:27 ...","site:facebook.com ""Honda CR-V"" ""lỗi thường gặp""",2026-09-15 20:02:15
https://www.facebook.com/100090172485604/videos/led-n%E1%BB%99i-th%E1%BA%A5t-l%E1%BA%AFp-%C4%91%E1%BA%B7t-chu%E1%BA%A9n-zin-cho-%F0%9D%90%87%F0%9D%90%A8%F0%9D%90%A7%F0%9D%90%9D%F0%9D%90%9A-%F0%9D%90%82%F0%9D%90%91%F0%9D%90%95-%F0%9D%9F%90%F0%9D%9F%8E%F0%9D%9F%90%F0%9D%9F%94/4120335508111086,video,Led nội thất lắp đặt chuẩn zin cho 𝐇𝐨𝐧𝐝𝐚 𝐂𝐑𝐕 𝟐𝟎𝟐𝟔 | Phụ ...,"Hưởng dẫn anh em xử lý lỗi thường gặp khi lắp màn CRV ... Jul 4, 2026 · 264 views. Mỗi Ngày Một Tông Màu Trên Honda CR-V: Bạn Chọn Tông Màu ...","site:facebook.com ""Honda CR-V"" ""lỗi thường gặp""",2026-09-15 20:02:15
https://www.facebook.com/hondaotobacgiangdinhke/videos/kh%C3%A1-ch%E1%BA%AFc-l%C3%A0-nhi%E1%BB%81u-b%C3%A1c-ch%C6%B0a-bi%E1%BA%BFt-t%C3%A1c-d%E1%BB%A5ng-c%E1%BB%A7a-n%C3%BAt-n%C3%A0y-/990874210141492,video,Khá chắc là nhiều bác chưa biết tác dụng của nút này | Honda ...,"Đoàn Văn Hải ▻ Hội Honda CR-V, CRV Việt Nam™ (CR-VClubVN). 10w ... Hưởng dẫn anh em xử lý lỗi thường gặp khi lắp màn CRV 2024 (canbus) ...","site:facebook.com ""Honda CR-V"" ""lỗi thường gặp""",2026-09-15 20:02:15
https://www.facebook.com/dubaicare369/videos/m%C3%A0n-h%C3%ACnh-nguy%C3%AAn-kh%E1%BB%91i-d%C3%A0nh-ri%C3%AAng-cho-honda-cr-v-n%C3%A2ng-c%E1%BA%A5p-m%C3%A0n-h%C3%ACnh-android-105-inc/1064791916280289,video,Màn hình nguyên khối dành riêng cho Honda CR-V 🚘✨ ...,Màn hình nguyên khối dành riêng cho Honda CR-V ✨ Nâng cấp màn ... Hưởng dẫn anh em xử lý lỗi thường gặp khi lắp màn CRV 2024 (. 01:44 ...,"site:facebook.com ""Honda CR-V"" ""lỗi thường gặp""",2026-09-15 20:02:15
https://www.facebook.com/khoacarcar/videos/honda-hrv-l%C3%AAn-c%E1%BA%A5u-h%C3%ACnh-%C4%91%C3%A8n-%C4%91%E1%BB%99-full-led-c%E1%BB%B1c-kh%E1%BB%A7ng-c%C3%B3-6-bi-led-si%C3%AAu-s%C3%A1ng/2581050258999178,video,Honda HRV lên cấu hình đèn độ full led cực khủng có 6 bi ...,"""THAY ÁO MỚI"" CHO HONDA CR-V 2025 VỚI LED NỘI THẤT AMBIENT. 02:33 ... Hưởng dẫn anh em xử lý lỗi thường gặp khi lắp màn CRV 2024 (. 01 ...","site:facebook.com ""Honda CR-V"" ""lỗi thường gặp""",2026-09-15 20:02:44
https://www.facebook.com/toanthinhgara/videos/gara-to%C3%A0n-th%E1%BB%8Bnh/896402863260460,video,Hướng dẫn vệ sinh cảm biến lưu lượng khí nạp MAF | GARA ...,"2011 Honda CR-V: máy lạnh không mát, máy sưởi không nóng. Cùng xem mình kiểm tra từ đâu và tìm ra bệnh gì nha! ❄️ ❄️ · Danytung ...","site:facebook.com ""Honda CR-V"" ""lỗi thường gặp""",2026-09-15 20:02:44
https://www.facebook.com/groups/902710323677600/posts/2099895107292443,group_post,mai e có típ nha mn ơi,... lỗi thường gặp • Kiểm tra/bổ sung gas khi cần Máy lọc nước ... BÁN XE HONDA CR-V 2013 - MÁY 2.0 Honda CR-V 2013 | 5 chỗ | Máy ...,"site:facebook.com ""Honda CR-V"" ""lỗi thường gặp""",2026-09-15 20:02:44
https://www.facebook.com/groups/770582546925014/posts/2068133380503251,group_post,#OP141609,... Honda CR-V ALL NEW 2026 : 1.600K / Ngày Mazda CX8 2024 Premium ... lỗi thường gặp và khả năng đi đường dài với ạ. Đặc biệt đang khá ...,"site:facebook.com ""Honda CR-V"" ""lỗi thường gặp""",2026-09-15 20:02:44
https://www.facebook.com/groups/409784213222807/posts/2031216924412853,group_post,SỬA MÁY LỌC NƯỚC HN | RO KHÔNG RA NƯỚC – NƯỚC YẾU,"Để lâu → tắc lõi, hỏng bơm, tốn tiền hơn. ⸻ Các lỗi thường gặp: • Máy ... Gia đình cần nâng cấp xe muốn nhượng lại Honda CR- V 2021 bản L kịch ...","site:facebook.com ""Honda CR-V"" ""lỗi thường gặp""",2026-09-15 20:02:44
https://www.facebook.com/toanthangauto318/videos/vios-%C4%91%E1%BA%ADu-t%E1%BA%A1i-ch%E1%BB%97-m%E1%BA%A5t-l%E1%BA%A1nh-ch%E1%BB%89-l%E1%BA%A1nh-khi-xe-ch%E1%BA%A1ytoanthangauto-suachuaoto-xuhuong/880026831752560,video,"Vios đậu tại chỗ mất lạnh, chỉ lạnh khi xe chạy#toanthangauto ...","... Honda CR-V, and Nissan 350Z engines. The tutorial shows the tools needed, such as a power tool and diagnostic filters, being used to ...","site:facebook.com ""Honda CR-V"" ""lỗi thường gặp""",2026-09-15 20:02:44
https://www.facebook.com/groups/groupnguoivietcali/posts/28796220229983781,group_post,Lớp Zumba cùng Jason tại Mile Square Park và Studio ở ...,... lỗi thường gặp khi thi. HỌC THEO KHẢ NĂNG CỦA TỪNG ... CHÁY HÀNG NGAY KHI VỀ — HONDA CR-V HYBRID SPORT TOURING FULL OPTION ĐÃ CẬP BẾN!,"site:facebook.com ""Honda CR-V"" ""lỗi thường gặp""",2026-09-15 20:02:44
https://www.facebook.com/groups/902710323677600/posts/2095213924427228,group_post,Sứa đạn & sứa sợi . Chân gà sốt thái mox gân bò,... lỗi thường gặp • Kiểm tra/bổ sung gas khi cần Máy lọc nước ... BÁN XE HONDA CR-V 2013 - MÁY 2.0 Honda CR-V 2013 | 5 chỗ | Máy ...,"site:facebook.com ""Honda CR-V"" ""lỗi thường gặp""",2026-09-15 20:02:44
https://www.facebook.com/xehay/videos/g%C3%B3c-nh%C3%ACn-ford-kh%C3%B4ng-ph%C3%A1t-minh-ra-%C3%B4-t%C3%B4-nh%C6%B0ng-thay-%C4%91%E1%BB%95i-c%E1%BA%A3-th%E1%BA%BF-gi%E1%BB%9Bi-xehayvn-c%E1%BA%A3m-%C6%A1n-/1537857591711619,video,[GÓC NHÌN] Ford không phát minh ra ô tô… nhưng thay đổi cả ...,Kênh TikTok chính thức của Xe Hay: https://tiktok. com/@xehay_official Fanpage Xe Hay: http://facebook.com/xehay Fanpage Hùng Lâm: https://www.,"site:facebook.com ""Honda CR-V"" ""chi phí nuôi xe bảo dưỡng""",2026-09-15 20:02:46
https://www.facebook.com/groups/gearupvn/posts/1070344081197392,group_post,"Chào các bác, tụi mình mua chiếc xe CRV-Hybrid này ...","Chào các bác, tụi mình mua chiếc xe CRV-Hybrid này từ tháng 6 và đã có trải nghiệm hơn 11.000km cùng em nó nên bây giờ mới dám chia sẽ những","site:facebook.com ""Honda CR-V"" ""khen chê chia sẻ kinh nghiệm""",2026-09-15 20:02:47
https://www.facebook.com/groups/gearupvn/posts/1267090754856056,group_post,Sống đủ lâu để thấy Honda CRV trở thành lựa chọn ...,Sống đủ lâu để thấy Honda CRV trở thành lựa chọn “không thể ADAS hơn” trong tầm giá. Nhà em quyết định lên đời Honda CRV nhưng lăn tăn bản L và ...,"site:facebook.com ""Honda CR-V"" ""khen chê chia sẻ kinh nghiệm""",2026-09-15 20:02:47
https://www.facebook.com/groups/gearupvn/posts/1077364783828655,group_post,Hưởng ứng phong trào của ae trong group: #grearUpvn200k,"Bởi vậy với cá nhân mình, với số tiền bỏ ra để sở hữu CRV HEV là hoàn toàn xứng đáng với những giá trị mà nó đem lại cho chủ xe. - Nếu được chọn ...","site:facebook.com ""Honda CR-V"" ""khen chê chia sẻ kinh nghiệm""",2026-09-15 20:02:47
https://www.facebook.com/groups/399829987748376/posts/1587581798973183,group_post,Dùng CR-V một thời gian mới thấy đây là mẫu xe càng đi ...,"CRV đời 2024 trở lên thì cách âm tốt rồi, công nghệ full, cảm giác lái và tăng tốc đều mượt và thật. Nói chung cơ bản miễn chê!","site:facebook.com ""Honda CR-V"" ""khen chê chia sẻ kinh nghiệm""",2026-09-15 20:02:47
https://www.facebook.com/groups/CRVVietnam/posts/26022562910746337,group_post,🔥 Body Kit Thể Thao Cho Honda CR-V – Lên form là thấy ...,"Quả kèo cuối ngày cho Honda CR-V Một gói nâng cấp toàn diện, vừa tiện ích vừa nâng cao trải nghiệm âm nhạc trên xe: ✓ Cốp điện + đá cốp thông ...","site:facebook.com ""Honda CR-V"" ""khen chê chia sẻ kinh nghiệm""",2026-09-15 20:02:47
https://www.facebook.com/groups/gearupvn/posts/1473353114229818,group_post,"xin đánh giá ưu nhược điểm của tính năng ACC, adaptive ...","... đánh giá ưu nhược điểm của tính năng ACC, adaptive cruise control ... Nguyễn Đình Luyện3h. Em muốn thay nội thất con kia seltos mà thấy tư ...","site:facebook.com ""Kia Seltos"" ""đánh giá ưu nhược điểm""",2026-09-15 20:04:54
https://www.facebook.com/groups/aemexe/posts/2195590480595876,group_post,Xin chào mn! Em đang tìm 1 con xe giá tầm 500-700 triệu ...,"700 thì mua kia seltos, gầm cao, ngoại hình ổn, cốp và chỗ ngồi ... Đánh giá Ưu Nhược Điểm vận hành BEIJING X7 từ chủ xe - LÊN XE TV. 4y ...","site:facebook.com ""Kia Seltos"" ""đánh giá ưu nhược điểm""",2026-09-15 20:04:54
https://www.facebook.com/groups/4473610469591554/posts/4475556322730302,group_post,"CỘNG ĐỒNG YARIS CROSS VIÊT NAMI * Mẹo xe, Phụ kiện & ...","Nhóm được thành lập với mục tiêu kết nối những người sử dụng **Toyota Yaris Cross**, cùng nhau chia sẻ kinh nghiệm thực tế, đánh giá ưu nhược điểm ... Kia Seltos, ...","site:facebook.com ""Kia Seltos"" ""đánh giá ưu nhược điểm""",2026-09-15 20:04:54
https://www.facebook.com/kiagiaiphong.vn/videos/kia-new-seltos-tr%E1%BA%A3-tr%C6%B0%E1%BB%9Bc-20-nh%E1%BA%ADn-xe-ngay/4143856682552861,video,THÁNG 10 SỞ HỮU KIA SELTOS GIẢM NGAY ...,THÁNG 10 SỞ HỮU KIA SELTOS GIẢM NGAY 50 ... ▪️ Hỗ trợ trả sau đến 80% - thủ tục đơn giản ▪️ Trải nghiệm thực tế - đăng ký miễn phí.,"site:facebook.com ""Kia Seltos"" ""trải nghiệm thực tế""",2026-09-15 20:04:55
https://www.facebook.com/kialaichau/videos/tr%E1%BA%A3-tr%C6%B0%E1%BB%9Bc-ch%E1%BB%89-t%E1%BB%AB-20-nh%E1%BA%ADn-xe-ngay/1248577460824859,video,KIA SELTOS ƯU ĐÃI 50% PHÍ TRƯỚC BẠ – SỞ HỮU ...,... Trải nghiệm thực tế - đăng ký miễn phí. ⚡ Xe có sẵn – giao ngay ... Chốt KIA Seltos cuối Tháng 3 | Lăn Bánh KIA Seltos mới nhất | Rộng ...,"site:facebook.com ""Kia Seltos"" ""trải nghiệm thực tế""",2026-09-15 20:04:55
https://www.facebook.com/groups/1102206536936881/posts/2455920274898827,group_post,Em đang cần lắp camera 360 cho kia seltos luxury 2026 ...,Em đang cần lắp camera 360 cho kia seltos luxury 2026 mà em k biết nên lắp loại nào. ... HN mời bác qua bên em trải nghiệm thực tế AUTOPLAY Lô 11- ...,"site:facebook.com ""Kia Seltos"" ""trải nghiệm thực tế""",2026-09-15 20:04:55
https://www.facebook.com/kia103langha.vn/posts/-kia-seltos-suv-%C4%91%C3%B4-th%E1%BB%8B-tr%E1%BA%BB-trung-c%C3%B4ng-ngh%E1%BB%87-hi%E1%BB%87n-%C4%91%E1%BA%A1i-trong-th%C3%A1ng-04-n%C3%A0y-kia-mazda/927041473465181,page_or_user_post,"🔥 KIA SELTOS – SUV ĐÔ THỊ TRẺ TRUNG, CÔNG NGHỆ HIỆN ...","KIA SELTOS – SUV ĐÔ THỊ TRẺ TRUNG, CÔNG NGHỆ HIỆN ... KIA SELTOS – SUV ĐÔ THỊ TRẺ TRUNG, CÔNG ... trải nghiệm thực tế và nhận báo giá ưu đãi tốt ...","site:facebook.com ""Kia Seltos"" ""trải nghiệm thực tế""",2026-09-15 20:04:55
https://www.facebook.com/groups/aemexe/posts/3042930635861852,group_post,"Seltos bản mới thì đẹp, mẫu mới, bản Luxury sale có báo e ...","... Kia Seltos Luxury với Creta bản cao - Seltos bản mới thì đẹp, mẫu ... Nghia Tran bác ko nên commnet khi chưa được trải nghiệm thực tế.","site:facebook.com ""Kia Seltos"" ""trải nghiệm thực tế""",2026-09-15 20:04:55
https://www.facebook.com/oxuanthao.445149/posts/-kia-y%C3%AAn-ngh%C4%A9a-ch%C3%ADnh-s%C3%A1ch-m%E1%BB%9Bi-th%C3%A1ng-092026-new-kia-seltos-at-deluxe-luxury-s%E1%BA%B5n-%C4%91/28319913747648878,page_or_user_post,Deluxe – Luxury 🎨 Sẵn Đỏ & Trắng – giao ...,... Kia Seltos AT – Deluxe – Luxury Sẵn Đỏ & Trắng – giao ngay tại Hà ... trải nghiệm thực tế và giá trị chiếc xe mang lại? Mời anh ...,"site:facebook.com ""Kia Seltos"" ""trải nghiệm thực tế""",2026-09-15 20:04:55
https://www.facebook.com/rongvietotovt/videos/camera-360-%C4%91%E1%BB%99-icar-elliview-v5-th%C3%A1ch-th%E1%BB%A9c-m%E1%BB%8Di-%C4%91i%E1%BB%83m-m%C3%B9/512791341377372,video,CAMERA 360 ĐỘ ICAR ELLIVIEW V5 x KIA SELTOS - THÁCH ...,"... KIA Seltos tiếng Việt, cảm ứng lên màn hình xe ~~~~~~~~~ ⚙️ ... Trải nghiệm thực tế màn hình liền camera 360 AKALA THÁI NGUYÊN (1) ...","site:facebook.com ""Kia Seltos"" ""trải nghiệm thực tế""",2026-09-15 20:04:55
https://www.facebook.com/groups/3777382749158753/posts/4454410748122613,group_post,E vẫn mua mắt camera lùi xe Kia Seltos nhé. Bác nào lên ...,E vẫn mua mắt camera lùi xe Kia Seltos nhé. Bác nào lên đời camera 360 để lại ... Mời các bác qua trải nghiệm thực tế độ nét của màn hình nhé!,"site:facebook.com ""Kia Seltos"" ""trải nghiệm thực tế""",2026-09-15 20:05:59
https://www.facebook.com/kiabuonho/videos/tr%E1%BA%A3-tr%C6%B0%E1%BB%9Bc-ch%E1%BB%89-20-nh%E1%BA%ADn-xe-ngay/1269550954723906,video,🔥KIA SELTOS ƯU ĐÃI LÊN ĐẾN 55 TRIỆU,KIA SELTOS ƯU ĐÃI LÊN ĐẾN 55 TRIỆU - TRẢ TRƯỚC CHỈ TỪ 114 TRIỆU ... Trải nghiệm thực tế - đăng ký miễn phí. ▪️ Xe có sẵn – giao ngay ...,"site:facebook.com ""Kia Seltos"" ""trải nghiệm thực tế""",2026-09-15 20:05:59
https://www.facebook.com/showroomkiatruongchinh/posts/-s%E1%BB%B1-ki%E1%BB%87n-%C4%91ang-di%E1%BB%85n-ra-roadshow-l%C3%A1i-th%E1%BB%AD-cafe-cu%E1%BB%91i-tu%E1%BA%A7n-k%E1%BB%B7-nguy%C3%AAn-c%C3%B4ng-ngh%E1%BB%87-n%C3%A2ng-t/1694966442638122,page_or_user_post,"[ SỰ KIỆN ĐANG DIỄN RA ] ROADSHOW, LÁI THỬ CAFE ...","... trải nghiệm thực tế các dòng xe cực hot do THACO AUTO phân phối: Kia Sorento HEV, Kia Sportage HEV, Kia Seltos, Mazda CX-5, Mazda CX-30 ...","site:facebook.com ""Kia Seltos"" ""trải nghiệm thực tế""",2026-09-15 20:05:59
https://www.facebook.com/kiadaknong/posts/-m%E1%BB%9F-r%E1%BB%99ng-tr%E1%BA%A3i-nghi%E1%BB%87m-c%C3%A1-nh%C3%A2n-h%C3%B3a-c%C3%B9ng-new-sonet-new-seltoskh%C3%B4ng-ch%E1%BB%89-ch%E1%BB%8Dn-m%E1%BB%99t-chi/1661906385940048,page_or_user_post,Kia Đăk Nông,"... Lắk hoặc đến showroom để trải nghiệm thực tế, nhận tư vấn phiên bản phù hợp và báo giá ưu đãi mới nhất. #KiaVietnam #NewSonet #NewSeltos #KiaDakNong ...","site:facebook.com ""Kia Seltos"" ""trải nghiệm thực tế""",2026-09-15 20:05:59
https://www.facebook.com/groups/317231236652017/posts/1118356079872858,group_post,🚘 **KIA SELTOS – GIẢM GIÁ LÊN TỚI 50 TRIỆU ĐỒNG ...,KIA SELTOS – GIẢM GIÁ LÊN TỚI 50 TRIỆU ĐỒNG** **Ưu đãi dành ... trải nghiệm thực tế trước khi xuống tiền * 🛠️ **Bảo hành 5 năm ...,"site:facebook.com ""Kia Seltos"" ""trải nghiệm thực tế""",2026-09-15 20:05:59
https://www.facebook.com/groups/1102206536936881/posts/2477299972760857,group_post,"Xin chào mọi người, em mới đặt cọc Seltos và cũng là lái ...",Em đang cần lắp camera 360 cho kia seltos luxury 2026 mà em k biết nên lắp loại nào. ... Mời các bác qua trải nghiệm thực tế độ nét của màn hình ...,"site:facebook.com ""Kia Seltos"" ""trải nghiệm thực tế""",2026-09-15 20:05:59
https://www.facebook.com/otoplaymongcai.vn/posts/l%E1%BB%97i-r%E1%BA%A5t-hay-g%E1%BA%B7p-tr%C3%AAn-m%C3%A0n-xe-kia-soluto-cerato-seltos-sedona-morning-khi-c%C3%A0i-%E1%BB%A9ng-/185758596963187,page_or_user_post,"Lỗi rất hay gặp trên màn xe KIA Soluto, Cerato, Seltos, Sedona ...","6 lỗi hay gặp ở màn hình KIA Seltos, Soluto, Cerato, Morning, Sedona khi cài Youtube. Hướng dẫn xử lý 6 lỗi thường gặp trên màn hình xe .","site:facebook.com ""Kia Seltos"" ""lỗi thường gặp""",2026-09-15 20:06:01
https://www.facebook.com/groups/raovatmuabanbimson/posts/3683216838501415,group_post,Kia Seltos 2022 1.6 Pre,"Kia Seltos 2022 1.6 Pre Odo: 4v6 km, 1 chủ tư ... Kia Seltos 2022 1.6 Pre Odo: 4v6 km, 1 chủ tư ... lỗi thường gặp trong thực tế sản xuất HỌC PHÍ ...","site:facebook.com ""Kia Seltos"" ""lỗi thường gặp""",2026-09-15 20:06:01
https://www.facebook.com/groups/317231236652017/posts/924005639307904,group_post,Các bác đang đi xe SELTOS cảm thấy xe mình bị TRỄ Ì GA ...,"Hội Kia Seltos Việt Nam - (SeltosClubVN). HOÀNG TUẤN󰞋Dec 1, 2024 ... QUANG TIẾN TRỄ GA Các lỗi thường gặp SOLATI _TRANSIT _SPRINTER ...","site:facebook.com ""Kia Seltos"" ""lỗi thường gặp""",2026-09-15 20:06:01
https://www.facebook.com/suaotoXuyenMoc/videos/h%E1%BA%A1-tuplo-thay-gi%C3%A0n-l%E1%BA%A1nh-xe-kia-k3-20220911927779-0911547779-%C4%91%E1%BB%83-%C4%91%C6%B0%E1%BB%A3c-h%E1%BB%97-tr%E1%BB%A3-t%E1%BB%91t-n/1573660003812572,video,Hạ tuplo thay giàn lạnh xe KIA K3 2022 📞0911.92.7779- ...,"“Cốp điện zin của Kia Seltos hay lỗi, đóng mở chập chờn?” 01:34. “Cốp ... Lỗi thường gặp trên xe Kia Morning mùi xăng rất nhiều trong xe ...","site:facebook.com ""Kia Seltos"" ""lỗi thường gặp""",2026-09-15 20:06:01
https://www.facebook.com/groups/1102206536936881/posts/2462352097588978,group_post,Ngay lúc này. Ae đi SELTOS mà đang găp tình trạng gạt ...,Hội Kia Seltos Việt Nam™ (SeltosClubVN). Tổng Kho Cần Gạt Mưa Cao ... lỗi thường gặp • Lắp đặt máy lọc nước mới • Thay lõi lọc định kỳ ...,"site:facebook.com ""Kia Seltos"" ""lỗi thường gặp""",2026-09-15 20:06:01
https://www.facebook.com/groups/kiasonet.official/posts/841585110738215,group_post,"Check ESC , đề không nổ máy , bệnh gì vậy các bác !",Xe mình KIA Seltos cũng mới bị. 1y. Chu Quang Thành. Xe tôi cũng ... những lỗi thường gặp khi máy không nổ là do đâu a e?xe mình đời 2019 ...,"site:facebook.com ""Kia Seltos"" ""lỗi thường gặp""",2026-09-15 20:06:01
https://www.facebook.com/groups/460873835692577/posts/1392300372549914,group_post,Kia sonet chưa có sấy thì tiện lắp luôn bộ cảnh báo điểm ...,"Các lỗi thường gặp • 4. Khắc phục • 4.1. Lắp điện trở công suất giả ... Kia Seltos với nâng cấp 4 bi gầm Xlight X3Pro siêu hot, ánh ...","site:facebook.com ""Kia Seltos"" ""lỗi thường gặp""",2026-09-15 20:06:01
https://www.facebook.com/DoXeHayHP/posts/-vf3-b%E1%BB%8B-l%E1%BB%97i-%C4%91%E1%BB%ABng-hoang-mang-%C4%91%C3%A2y-l%C3%A0-c%C3%A1ch-x%E1%BB%AD-l%C3%BD-nhanh-g%E1%BB%8Dn-nhi%E1%BB%81u-ch%E1%BB%A7-xe-vf3-%C4%91ang-ho/1210729560845256,page_or_user_post,🔧 VF3 BỊ LỖI? ĐỪNG HOANG MANG – ĐÂY LÀ CÁCH XỬ ...,"... lỗi thường gặp, vài thao tác cơ bản và một chút kiên nhẫn! Trong ... KIA Seltos tiếng Việt, cảm ứng lên màn hình xe ~~~~~~~~~ ⚙️ ...","site:facebook.com ""Kia Seltos"" ""lỗi thường gặp""",2026-09-15 20:06:01
https://www.facebook.com/61577292414396/posts/mua-b%C3%A1n-xe-c%C5%A9-trung-xe-c%E1%BB%8F-%C4%91%E1%BA%B9p-nh%E1%BB%AFng-l%E1%BB%97i-th%C6%B0%E1%BB%9Dng-g%E1%BA%B7p-tr%C3%AAn-xe-h%C3%A0n-xu-h%C6%B0%E1%BB%9Bng/122163580142909747,page_or_user_post,mua bán xe cũ# Trung xe cỏ đẹp# những lỗi thường gặp trên ...,... bán xe cũ# Trung xe cỏ đẹp# những lỗi thường gặp trên xe Hàn# xu hướng ... Con kia seltos thì răng. 11w · 1 like. Trung xe cỏ đẹp. 0985552955.,"site:facebook.com ""Kia Seltos"" ""lỗi thường gặp""",2026-09-15 20:06:01
https://www.facebook.com/groups/936866700280476/posts/2047678669199268,group_post,Đi lại 15km trên ngày cần tìm creta Em mua xe dân dùng ...,"Lỗi thường gặp trên Creata Chào Ae hội, e mới lấy bằng có ý định mua ... Xe kia seltos luxury và creta bản đặc biệt thì cái nào oki hơn ...","site:facebook.com ""Kia Seltos"" ""lỗi thường gặp""",2026-09-15 20:06:01
https://www.facebook.com/groups/1693312967515830/posts/3201991093314669,group_post,"Phụ gia đổ két nước MR,Rocket - phụ gia tiết kiệm nhiên ...","Những Lỗi Thường Gặp ❌ Van SCV hỏng → xe rung, hụt ga, chết máy ... Senfineco Miền Bắc ▻ Hội Kia Seltos Việt Nam™ (SeltosClubVN).","site:facebook.com ""Kia Seltos"" ""lỗi thường gặp""",2026-09-15 20:06:42
https://www.facebook.com/groups/345713636690072/posts/789448472316584,group_post,"Hello cả nhà, e mới lấy creta 2022 được 1 ngày, thấy vô ...","Lỗi thường gặp trên Creata Chào Ae hội, e mới lấy bằng có ý định mua ... nen mua creta hay kia seltos ?? Hoàng Cara and 13 others. 14 ...","site:facebook.com ""Kia Seltos"" ""lỗi thường gặp""",2026-09-15 20:06:42
https://www.facebook.com/groups/raovatmuabanbimson/posts/3607562386066861,group_post,"🪐LÔ ĐẤT ĐẸP – GIÁ MỀM TẠI NGỌC TRẠO, BỈM SƠN 🔥 🫰 ...","Kia Seltos 2022 pre Odo: 4v6 km, 1 chủ tư nhân full lịch sử Bốn lốp ... lỗi thường gặp trong thực tế sản xuất HỌC PHÍ 7.000.000 ĐỒNG ...","site:facebook.com ""Kia Seltos"" ""lỗi thường gặp""",2026-09-15 20:06:42
https://www.facebook.com/groups/2912589325708925/posts/3922915548009626,group_post,Em cần tìm xe creata đỏ ạ,"Lỗi thường gặp trên Creata Chào Ae hội, e mới lấy bằng có ý định mua ... Xe kia seltos luxury và creta bản đặc biệt thì cái nào oki hơn ...","site:facebook.com ""Kia Seltos"" ""lỗi thường gặp""",2026-09-15 20:06:42
https://www.facebook.com/groups/1174871316212452/posts/1675834752782770,group_post,"‼️ Xe bị rung lắc, ì ga, tốn nhiên liệu, khói đen thì nên sử ...","Senfineco Miền Bắc ▻ Hội Kia Seltos Việt Nam™ (SeltosClubVN) ... Những Lỗi Thường Gặp ❌ Van SCV hỏng → xe rung, hụt ga, chết máy ...","site:facebook.com ""Kia Seltos"" ""lỗi thường gặp""",2026-09-15 20:06:42
https://www.facebook.com/groups/431401395145676/posts/1092887655663710,group_post,Hiện tại peugeot 2008 active với kia seltos 2024 bản ...,"Em thì đánh giá cao động cơ smartstream 1.5G của seltos hơn. Dàn máy làm cảm giác lái rất chắc chắn, đi đường trường hay trong phố đều ổn ...","site:facebook.com ""Kia Seltos"" ""khen chê chia sẻ kinh nghiệm""",2026-09-15 20:06:45
https://www.facebook.com/groups/gearupvn/posts/1581788853386243,group_post,Cần tư vấn,"Dẫn vợ ra thử các xe, cho ngồi ghế phụ và ghế sau. Vợ thích chiếc nào thì múc chiếc đó, kèo này bạn không theo vợ là đi 2 bánh tiếp thôi à ...","site:facebook.com ""Kia Seltos"" ""khen chê chia sẻ kinh nghiệm""",2026-09-15 20:06:45
https://www.facebook.com/groups/431401395145676/posts/1034636534822156,group_post,seltos/ sonet 1. Về mùi “say xe”: em là ng ...,"Cảm nhận của ng mới lấy bằng, mua xe lần đầu tầm giá 650~750 tr, creta/ brv -g/ xforce/ seltos/ sonet 1. Về mùi “say xe”: em là ng say xe nặng , ...","site:facebook.com ""Kia Seltos"" ""khen chê chia sẻ kinh nghiệm""",2026-09-15 20:06:45
https://www.facebook.com/groups/gearupvn/posts/443397433892063,group_post,"Chào các bác, chiều nay e + thằng bạn có lượn ...","Bác ko được chê, bác mà chê mấy review ăn tiền lại vào bảo bác trải nghiệm ko đủ lâu, ko đủ sâu, ko đủ kiến thức đánh giá phiến diện đấy, ...","site:facebook.com ""Kia Seltos"" ""khen chê chia sẻ kinh nghiệm""",2026-09-15 20:06:45
https://www.facebook.com/groups/aemexe/posts/3579106512244259,group_post,"Kia Seltos 2026 ra mắt tại Ấn Độ, giá quy đổi ...","Kia Seltos 2026 ra mắt tại Ấn Độ, giá quy đổi tiền Việt chỉ hơn 350 triệu Kia Seltos 2026 vừa bổ sung phiên bản HTE (O) tại thị trường Ấn ...","site:facebook.com ""Kia Seltos"" ""khen chê chia sẻ kinh nghiệm""",2026-09-15 20:06:45
https://www.facebook.com/kiabinhdinh.vn/videos/h%C6%B0%E1%BB%9Bng-d%E1%BA%ABn-thay-l%E1%BB%91p-d%E1%BB%B1-ph%C3%B2ng-kia-seltos/377902246564089,video,HƯỚNG DẪN THAY LỐP DỰ PHÒNG KIA SELTOS BẠN ĐÃ ...,"Nếu xe của bạn cần thay kính lái Kia Seltos, hãy liên hệ FixAuto để được kiểm tra và tư vấn giải pháp phù hợp. FixAuto – Chăm sóc & nâng cấp ...","site:facebook.com ""Kia Seltos"" ""khen chê chia sẻ kinh nghiệm""",2026-09-15 20:06:45
https://www.facebook.com/groups/gearupvn/posts/1124516135780186,group_post,"Cuối tuần rồi em cọc con Seltos bản Turbo Deluxe, lăn ...","Cuối tuần rồi em cọc con Seltos bản Turbo Deluxe, lăn bánh Hà Tĩnh 730 củ. Bản này là bản base nhưng máy 1.5 Turbo, có điều hòa tự động 2 vùng, ...","site:facebook.com ""Kia Seltos"" ""khen chê chia sẻ kinh nghiệm""",2026-09-15 20:06:45
https://www.facebook.com/Hunglamxehay/videos/c%C3%B9ng-ch%E1%BB%A7-xe-th%E1%BA%B3ng-tay-%C4%91%C3%A1nh-gi%C3%A1-%C6%B0unh%C6%B0%E1%BB%A3c-%C4%91i%E1%BB%83m-toyota-hybrid-tr%C3%AAn-cross-v%C3%A0-altis-%C4%91%C6%B0/1359429884928445,video,Cùng chủ xe thẳng tay đánh giá Ưu/Nhược điểm TOYOTA ...,"Cùng chủ xe thẳng tay đánh giá Ưu/Nhược điểm TOYOTA HYBRID ... Đối với mình, Toyota Vios không chỉ là một chiếc xe, mà là một. 00:29 ...","site:facebook.com ""Toyota Vios"" ""đánh giá ưu nhược điểm""",2026-09-15 20:06:57
https://www.facebook.com/groups/otosaigon2023/posts/708492891156610,group_post,"Cho anh em nào chưa biết về hộp số tự động, chạy bằng ...","... Đánh giá ưu nhược điểm của hộp số CVT 4 - So sánh hộp số CVT với các ... Ví dụ xe dùng Transaxle: Toyota Vios, Honda Civic, Hyundai ...","site:facebook.com ""Toyota Vios"" ""đánh giá ưu nhược điểm""",2026-09-15 20:06:57
https://www.facebook.com/groups/4718064574878572/posts/28638134419111586,group_post,Rocky X CVT 2023 DP 20 Cicilan 4565 x 5thn,"Điển hình trong đó có Toyota Corolla, Toyota Vios, Honda City, VinFast Fadil… ... Đánh giá ưu nhược điểm của hộp số CVT 4 - So sánh hộp số CVT với ...","site:facebook.com ""Toyota Vios"" ""đánh giá ưu nhược điểm""",2026-09-15 20:06:57
https://www.facebook.com/TayBacToyota/videos/-c%C3%B9ng-tr%E1%BA%A3i-nghi%E1%BB%87m-toyota-vios-si%C3%AAu-ti%E1%BA%BFt-ki%E1%BB%87m-nhi%C3%AAn-li%E1%BB%87u-b%E1%BA%A1n-%C4%91ang-t%C3%ACm-ki%E1%BA%BFm-m%E1%BB%99t-ch/800564228681902,video,🚗 Cùng Trải Nghiệm Toyota Vios - Siêu Tiết Kiệm Nhiên Liệu 🌟 ...,... trải nghiệm thực tế Toyota Vios. Chắc chắn bạn sẽ bị thuyết phục bởi sự tiết kiệm và hiệu quả mà chiếc xe này mang lại! #ToyotaVios #TietKiemNhienLieu ...,"site:facebook.com ""Toyota Vios"" ""trải nghiệm thực tế""",2026-09-15 20:06:58
https://www.facebook.com/ToyotaThaiBinh/videos/-toyota-vios-chi%E1%BA%BFc-xe-qu%E1%BB%91c-d%C3%A2n-%C4%91%E1%BB%93ng-h%C3%A0nh-c%C3%B9ng-gia-%C4%91%C3%ACnh-vi%E1%BB%87t-khi-nh%E1%BA%AFc-%C4%91%E1%BA%BFn-m%E1%BB%99t-m%E1%BA%ABu/1999523717324965,video,TOYOTA VIOS – CHIẾC XE QUỐC DÂN ĐỒNG HÀNH CÙNG ...,... trải nghiệm thực tế Toyota Vios! #ToyotaVios #XeQuocDan #ToyotaHungThinhPhatThaiBinh #Vios2025 #XeGiaDinh #SedanQuocDan #ToyotaVietnam ...,"site:facebook.com ""Toyota Vios"" ""trải nghiệm thực tế""",2026-09-15 20:06:58
https://www.facebook.com/PhuTaiDucGroup.15TranPhu/videos/5-l%C3%BD-do-n%C3%AAn-ch%E1%BB%8Dn-toyota-vios-th%E1%BB%9Di-%C4%91i%E1%BB%83m-n%C3%A0yb%E1%BA%A1n-t%C3%ACm-ki%E1%BA%BFm-m%E1%BA%ABu-xe-th%E1%BB%B1c-d%E1%BB%A5ng-b%E1%BB%81n-b%E1%BB%89-v/1800577957604046,video,5 LÝ DO NÊN CHỌN TOYOTA VIOS THỜI ĐIỂM NÀY Bạn tìm ...,ĐẦU TƯ XE LẦN ĐẦU – CHỌN NGAY TOYOTA VIOS ĐỂ AN TÂM & TIẾT KIỆM ... Nếu bạn muốn trải nghiệm thực tế hoặc cần tư vấn phiên bản phù hợp nhất.,"site:facebook.com ""Toyota Vios"" ""trải nghiệm thực tế""",2026-09-15 20:06:58
https://www.facebook.com/ToyotaHaNamOfficial/videos/-toyota-vios-xe-qu%E1%BB%91c-d%C3%A2n-c%E1%BB%A7a-ng%C6%B0%E1%BB%9Di-vi%E1%BB%87t-b%E1%BB%81n-b%E1%BB%89-qua-n%C4%83m-th%C3%A1ngc%C3%B3-nh%E1%BB%AFng-m%E1%BA%ABu-xe-kh%C3%B4n/4346420132168314,video,"TOYOTA VIOS – “XE QUỐC DÂN” CỦA NGƯỜI VIỆT, BỀN BỈ ...","TOYOTA VIOS – “XE QUỐC DÂN” CỦA NGƯỜI VIỆT, BỀN BỈ QUA NĂM THÁNG Có ... trải nghiệm thực tế nhất. Pages · Businesses · Automotive, Aircraft ...","site:facebook.com ""Toyota Vios"" ""trải nghiệm thực tế""",2026-09-15 20:06:58
https://www.facebook.com/toyotathaihoatuliem.com.vn/videos/mua-xe-gia-%C4%91%C3%ACnh-%C4%91i-10-n%C4%83m-ch%E1%BA%A1y-v%E1%BA%ABn-t%E1%BB%91t-kh%C3%B4ng-lo-h%E1%BB%8Fng-v%E1%BA%B7tn%E1%BA%BFu-%C4%91%C3%B3-l%C3%A0-ti%C3%AAu-ch%C3%AD-c%E1%BB%A7a-b/1036562002282826,video,"MUA XE GIA ĐÌNH: ĐI 10 NĂM CHẠY VẪN TỐT, KHÔNG LO ...",... TOYOTA VIOS! Được mệnh ... trải nghiệm thực tế! ---------------------------------------- TOYOTA THÁI HÒA TỪ LIÊM ...,"site:facebook.com ""Toyota Vios"" ""trải nghiệm thực tế""",2026-09-15 20:06:58
https://www.facebook.com/toyotadungtienphuyen/videos/toyota-vios-2026-b%E1%BB%A9t-ph%C3%A1-gi%C3%A1-tr%E1%BB%8B-%C4%91%E1%BB%93ng-h%C3%A0nh-m%E1%BB%8Di-h%C3%A0nh-tr%C3%ACnh-toyota-vios-v%E1%BA%ABn-ti%E1%BA%BFp-t/801589309003085,video,"TOYOTA VIOS 2026 – BỨT PHÁ GIÁ TRỊ, ĐỒNG HÀNH MỌI ...","Đừng bỏ lỡ cơ hội trải nghiệm thực tế & nhận ưu đãi đặc biệt tại Toyota Dũng Tiến! --------------------- TOYOTA VIOS 2026 – ENHANCED VALUE, ...","site:facebook.com ""Toyota Vios"" ""trải nghiệm thực tế""",2026-09-15 20:06:58
https://www.facebook.com/ToyotaAnSuong/posts/vios-kh%C3%B4ng-ch%E1%BB%89-xu%E1%BA%A5t-hi%E1%BB%87n-trong-showroom-m%C3%A0-tr%C3%AAn-nh%E1%BB%AFng-h%C3%A0nh-tr%C3%ACnh-th%E1%BB%B1c-t%E1%BA%BFm%E1%BB%99t-m%E1%BA%ABu-/1352577460239904,page_or_user_post,"từ xe dịch vụ, xe công ty đến phương tiện vận hành nội bộ. ...",... Toyota Vios là cái tên quen thuộc trong nhiều đội xe doanh nghiệp ... Trải nghiệm thực tế trước khi đưa ra quyết định sở hữu ĐỊA ...,"site:facebook.com ""Toyota Vios"" ""trải nghiệm thực tế""",2026-09-15 20:06:58
https://www.facebook.com/groups/134810918620662/posts/1299550915479984,group_post,"Xe để phục vụ mình bền lành tiết kiệm dễ lái, đi vios quá ...","... Toyota Vios, Hyundai Elantra… hoặc SUV cỡ nhỏ như Corolla Cross ... trải nghiệm thực tế. E cảm ơn nhiều ạ. No photo description ...","site:facebook.com ""Toyota Vios"" ""trải nghiệm thực tế""",2026-09-15 20:06:58
https://www.facebook.com/groups/431401395145676/posts/1414360610183078,group_post,"Sắp tới chuyển sang dùng xăng E10 , nên mua xe ...",Nhà mình đang sử dụng 1 em xe Toyota Vios 2017. Xe nhà nên cũng ... Tôi sẽ chỉ nói căn cứ trên trải nghiệm thực tế mà tôi đã trực tiếp ...,"site:facebook.com ""Toyota Vios"" ""trải nghiệm thực tế""",2026-09-15 20:06:58
https://www.facebook.com/toyotacamau.toyotavietnam/posts/vios-%C4%91%E1%BB%A7-trang-b%E1%BB%8B-%C4%91%E1%BA%A7y-ti%E1%BB%87n-nghitoyota-vios-kh%C3%B4ng-ch%E1%BB%89-l%C3%A0-m%E1%BB%99t-chi%E1%BA%BFc-xe-m%C3%A0-c%C3%B2n-l%C3%A0-m%E1%BB%99/775805911840038,page_or_user_post,"ĐỦ TRANG BỊ, ĐẦY TIỆN NGHI TOYOTA VIOS không chỉ ...","... TOYOTA VIOS đồng hành cùng bạn, mang đến sự tiện nghi và phong ... Chỉ cần trải nghiệm thực tế, bạn sẽ hiểu vì sao! ✨ 3 lý do khiến ...","site:facebook.com ""Toyota Vios"" ""trải nghiệm thực tế""",2026-09-15 20:06:58
https://www.facebook.com/toyota.thapnhatphongvinhlong/videos/g%E1%BB%A3i-%C3%BD-xe-toyota-cho-d%C3%A2n-v%C4%83n-ph%C3%B2ng-vios-hay-yaris-cross-toyotavios-toyotayariscro/1306746924253274,video,Gợi ý xe Toyota cho dân văn phòng: Vios hay Yaris Cross ...,"Trải nghiệm thực tế - Toyota Yaris Cros 1.5 CVT 2024 37.000 km #YarisCross ... Sedan như Toyota Vios tiết kiệm, dễ đi phố, SUV nhỏ như Toyota ...","site:facebook.com ""Toyota Vios"" ""trải nghiệm thực tế""",2026-09-15 20:08:02
https://www.facebook.com/toyotalythuongkiet.tltk/videos/-toyota-vios-2024-c%C3%B3-c%C3%B2n-%C4%91%C3%A1ng-mua-trong-ph%C3%A2n-kh%C3%BAc-b-%C4%91%C3%A3-20-n%C4%83m-k%E1%BB%83-t%E1%BB%AB-ng%C3%A0y-%C4%91%E1%BA%A7u-xu%E1%BA%A5/805052328479444,video,❓ TOYOTA VIOS 2024 CÓ CÒN ĐÁNG MUA TRONG ...,"... Toyota Vios 2024 vẫn là một lựa chọn đáng cân nhắc trong phân khúc sedan hạng B. Để trải nghiệm thực tế, liên hệ ngay Hotline 0901 818 ...","site:facebook.com ""Toyota Vios"" ""trải nghiệm thực tế""",2026-09-15 20:08:02
https://www.facebook.com/PhongBonAuto/posts/review-toyota-vios-d%C6%B0%E1%BB%9Bi-400-check-test-xe-kh%C3%B4ng-c%E1%BA%A7n-c%E1%BB%8Dc-anh-ch%E1%BB%8B-nh%C3%A9phongb%E1%BB%95nauto-/1754857109449196,page_or_user_post,"Review Toyota Vios dưới 400, check test xe không cần cọc ...","Review Toyota Vios dưới 400, check test xe không cần cọc anh ... trải nghiệm thực tế Kia Sedona 2020 – mẫu MPV cao cấp đáng sở hữu ...","site:facebook.com ""Toyota Vios"" ""trải nghiệm thực tế""",2026-09-15 20:08:02
https://www.facebook.com/groups/onthigplxotomoto/posts/1907272089679917,group_post,Ai có kinh nghiệm thi sân Bửu Long chỉ mình với. Sao thấy ...,"Xe của Anh A là Toyota Vios 4 chỗ, chiều cao thấp hơn rất nhiều so ... Lời kết Câu chuyện của Anh A chỉ là một trải nghiệm thực tế. Mỗi ...","site:facebook.com ""Toyota Vios"" ""trải nghiệm thực tế""",2026-09-15 20:08:02
https://www.facebook.com/toyota.thapnhatphongvinhlong/videos/mua-vios-kh%E1%BB%8Fi-lo-ti%E1%BB%81n-tr%C6%B0%E1%BB%9Bc-b%E1%BA%A1toyotavios-toyotathapnhatphong-lephitruocba/28360518203542504,video,"Mua Vios, khỏi lo tiền trước bạ!#toyotavios ...",Trong tháng tám Toyota Vios được hỗ trợ tương đương một trăm phần trăm lệ phí trước bạ. Mẫu xe đan bền bỉ tiết kiệm nhiên liệu dễ sử dụng và đặc ...,"site:facebook.com ""Toyota Vios"" ""trải nghiệm thực tế""",2026-09-15 20:08:02
https://www.facebook.com/Chung.Auto.Car/posts/-ch%E1%BA%A1m-v%C3%B4-l%C4%83ng-c%E1%BA%A3m-nh%E1%BA%ADn-ch%E1%BA%A5t-toyota-b%E1%BA%A1n-%C4%91%C3%A3-t%E1%BB%ABng-nghe-nhi%E1%BB%81u-v%E1%BB%81-s%E1%BB%B1-b%E1%BB%81n-b%E1%BB%89-ti%E1%BA%BFt-ki%E1%BB%87m/1548505773579927,page_or_user_post,CHẠM VÔ LĂNG – CẢM NHẬN CHẤT TOYOTA! Bạn đã từng ...,"... Trải nghiệm thực tế các mẫu xe nổi bật: ✓ Toyota Yaris Cross HEV ... Toyota Vios – Sedan quốc dân bền bỉ, kinh tế Đặc biệt: ✓ Nhận ...","site:facebook.com ""Toyota Vios"" ""trải nghiệm thực tế""",2026-09-15 20:08:02
https://www.facebook.com/ToyotaLT/posts/t%C3%A0i-ch%C3%ADnh-linh-ho%E1%BA%A1t-n%C3%A2ng-t%E1%BA%A7m-tr%E1%BA%A3i-nghi%E1%BB%87ml%C3%AAn-%C4%91%E1%BB%9Di-xe-kh%C3%B4ng-ch%E1%BB%89-l%C3%A0-n%C3%A2ng-c%E1%BA%A5p-ph%C6%B0%C6%A1ng-/1078396938042014,page_or_user_post,TÀI CHÍNH LINH HOẠT – NÂNG TẦM TRẢI NGHIỆM Lên đời ...,... trải nghiệm thực tế – cảm nhận chất riêng của Toyota. ❤️ Lái ... Toyota Vios 2026 với các thay đổi ấn tượng: - Nâng cấp tính năng ...,"site:facebook.com ""Toyota Vios"" ""trải nghiệm thực tế""",2026-09-15 20:08:02
https://www.facebook.com/toyotacamau.toyotavietnam/posts/-s%E1%BA%AFp-di%E1%BB%85n-ra-l%C3%A1i-th%E1%BB%AD-toyota-nh%E1%BA%ADn-qu%C3%A0-c%E1%BB%B1c-%C4%91%C3%A3-t%E1%BA%A1i-c%C3%A1i-n%C6%B0%E1%BB%9Bc-c%C6%A1-h%E1%BB%99i-tr%E1%BA%A3i-nghi%E1%BB%87m-th%E1%BB%B1c/975473758539918,page_or_user_post,[ SẮP DIỄN RA ] LÁI THỬ TOYOTA – NHẬN QUÀ CỰC ĐÃ ...,"... trải nghiệm thực tế những dòng xe Toyota mới nhất ngay tại Cái Nước ... TOYOTA: Vios, Yaris Cross, Corolla Cross, Veloz Cross, Innova ...","site:facebook.com ""Toyota Vios"" ""trải nghiệm thực tế""",2026-09-15 20:08:02
https://www.facebook.com/groups/cuongtruewireless/posts/1966403644149918,group_post,Không liên quan lắm nhưng em thấy nhóm mình toàn các ...,"Tôi sẽ chỉ nói căn cứ trên trải nghiệm thực tế mà tôi đã trực ... Toyota Vios đời 2020, cho biết đã sử dụng E10 trong khoảng hai tuần ...","site:facebook.com ""Toyota Vios"" ""trải nghiệm thực tế""",2026-09-15 20:08:02
https://www.facebook.com/CarmudiVN/videos/c%C3%A1c-l%E1%BB%97i-th%C6%B0%E1%BB%9Dng-g%E1%BA%B7p-%E1%BB%9F-xe-toyota-vios/754119335081412,video,Em dám chắc nhiều bác không biết những lỗi này! Xem thêm ...,Các Lỗi Thường Gặp Ở Xe Toyota Vios. Em dám chắc nhiều bác không biết những lỗi này! Xem thêm giá xe Vios: http://bit.ly/loi-xe-vios Nguồn ...,"site:facebook.com ""Toyota Vios"" ""lỗi thường gặp""",2026-09-15 20:08:05
https://www.facebook.com/nguyenotobacgiang/videos/b%E1%BA%AFt-b%E1%BB%87nh-%C4%91i%E1%BB%81u-h%C3%B2a-toyota-vios-t%C6%B0-v%E1%BA%A5n-kh%C3%A1ch-chu%E1%BA%A9n-nh%C6%B0-gara-ch%C3%ADnh-h%C3%A3ng-nguy%C3%AAn-%C3%B4t%C3%B4/24645191045141556,video,BẮT BỆNH ĐIỀU HÒA TOYOTA VIOS - TƯ VẤN KHÁCH ...,- Những lỗi thường gặp ở điều hòa Vios - Cách kiểm tra nhanh các dấu ... THAY ẮC QUY TOYOTA VIOS – GS 46B24LS 12V-45Ah Toyota Vios đề.,"site:facebook.com ""Toyota Vios"" ""lỗi thường gặp""",2026-09-15 20:08:05
https://www.facebook.com/61592855777685/videos/l%E1%BB%97i-c%E1%BB%A5m-bi-t%C4%83ng-d%C3%A2y-curoa-c%C3%A1c-d%C3%B2ng-xe-toyota-vios-th%C6%B0%E1%BB%9Dng-g%E1%BA%B7p-ph%E1%BA%A3i/3493645304133811,video,"lỗi cụm bi tăng dây curoa các dòng xe toyota, vios thường gặp ...",Toyota vios nghe tiếng đóng ngắt lốc lạnh lớn hơn bình thường ... lỗi thường gặp trên xe Toyota Altis đời cũ anh em nếu mua xe cũ nên.,"site:facebook.com ""Toyota Vios"" ""lỗi thường gặp""",2026-09-15 20:08:05
https://www.facebook.com/hungmolet88/videos/l%E1%BB%97i-th%C6%B0%E1%BB%9Dng-g%E1%BA%B7p-tr%C3%AAn-c%C3%A1c-d%C3%B2ng-xe-toyota-vios/721565154088052,video,Lỗi thường gặp trên các dòng xe toyota vios anh gặp rồi thì ...,Lỗi thường gặp trên các dòng xe toyota vios anh gặp rồi thì bình luận xem kêu gì nhé #hưng_mỏ_lết #tusuaoto.,"site:facebook.com ""Toyota Vios"" ""lỗi thường gặp""",2026-09-15 20:08:05
https://www.facebook.com/nguyenotobacgiang/videos/b%E1%BA%AFt-b%E1%BB%87nh-%C4%91i%E1%BB%81u-h%C3%B2a-toyota-vios-t%C6%B0-v%E1%BA%A5n-kh%C3%A1ch-chu%E1%BA%A9n-nh%C6%B0-gara-ch%C3%ADnh-h%C3%A3ng-ph%E1%BA%A7n-2-nguy/1287476112506990,video,BẮT BỆNH ĐIỀU HÒA TOYOTA VIOS - TƯ VẤN KHÁCH ...,... Toyota Vios nhưng điều hòa không ... - Những lỗi thường gặp ở điều hòa Vios - Cách kiểm tra nhanh các dấu ...,"site:facebook.com ""Toyota Vios"" ""lỗi thường gặp""",2026-09-15 20:08:05
https://www.facebook.com/toanthangauto318/videos/toyota-vios-nghe-ti%E1%BA%BFng-%C4%91%C3%B3ng-ng%E1%BA%AFt-l%E1%BB%91c-l%E1%BA%A1nh-l%E1%BB%9Bn-h%C6%A1n-b%C3%ACnh-th%C6%B0%E1%BB%9Dng-xuhuong-toanthanga/1504647174777960,video,Toyota vios nghe tiếng đóng ngắt lốc lạnh lớn hơn bình ...,Toyota vios nghe tiếng đóng ngắt lốc lạnh lớn hơn bình thường ... lỗi thường gặp trên xe Toyota Altis đời cũ anh em nếu mua xe cũ nên.,"site:facebook.com ""Toyota Vios"" ""lỗi thường gặp""",2026-09-15 20:08:05
https://www.facebook.com/thoidaibonbanh/videos/l%E1%BB%97i-xe-toyota-vios-ch%E1%BA%A1y-kho%E1%BA%A3ng-%C4%91%C6%B0%E1%BB%A3c-200-300km-r%E1%BB%93i-th%C3%AC-%C4%91%E1%BB%81-kh%C3%B4ng-n%E1%BB%95-%C4%91%C6%B0%E1%BB%A3c-ho%E1%BA%B7c-%C4%91%E1%BB%83-n/1767853954641716,video,lỗi xe Toyota vios chạy khoảng được 200-300km rồi thì đề ...,Toyota vios cvt sau khi chủ xe đi thay dầu 7×7 49 lần rồi. 00:22 ... lỗi thường gặp trên xe Toyota Altis đời cũ anh em nếu mua xe cũ nên.,"site:facebook.com ""Toyota Vios"" ""lỗi thường gặp""",2026-09-15 20:08:05
https://www.facebook.com/tu.vietsaf/posts/-h%E1%BB%99p-s%E1%BB%91-cvt-vios-k%C3%AAu-v%C3%A0-gi%E1%BA%ADt-%E1%BB%9F-t%E1%BB%91c-%C4%91%E1%BB%99-d%C6%B0%E1%BB%9Bi-20kmh-nguy%C3%AAn-nh%C3%A2n-v%C3%A0-c%C3%A1c-kh%E1%BA%AFc-ph%E1%BB%A5c-d%C3%B2/1165895564481407,page_or_user_post,"Hộp số CVT Vios kêu, và giật ở tốc độ dưới 20km/h",... Toyota Vios nổi tiếng với sự bền bỉ và tiết kiệm. - Nhưng thời gian ... lỗi thường gặp đối với hộp số vô cấp CVT Vios Hỏng ...,"site:facebook.com ""Toyota Vios"" ""lỗi thường gặp""",2026-09-15 20:08:05
https://www.facebook.com/groups/gofabanduongganxa/posts/1049014260319800,group_post,"Mất tín hiệu gps không định vị được vị trí đang đứng, ...",Tổng hợp một số lỗi thường gặp hoặc vấn đề trên iOS và Android bác ... Phi Hùng Luyện ▻ Hội Toyota Vios Toàn Quốc (Club Vios). 1y ...,"site:facebook.com ""Toyota Vios"" ""lỗi thường gặp""",2026-09-15 20:08:05
https://www.facebook.com/groups/onthigplx2022/posts/1881670019472635,group_post,mn cho e hỏi khi thi sa hình. mình ngồi trên xe chờ sẵn ...,"... lỗi thường gặp: ❌ Không thắt dây an toàn ❌ Không bật xi nhan trái ... Xe của Anh A là Toyota Vios 4 chỗ, chiều cao thấp hơn rất nhiều ...","site:facebook.com ""Toyota Vios"" ""lỗi thường gặp""",2026-09-15 20:08:44
https://www.facebook.com/groups/onthigplxotomoto/posts/2071042443302880,group_post,Cái tình huống mô phỏng này em thấy rất vô lý. Cái xe tải ...,⚠️ CÁC LỖI DỄ BỊ TRỪ ĐIỂM HOẶC TRƯỢT TRỰC TIẾP 1️⃣ Không thực hiện đúng thao tác xuất phát Các lỗi thường gặp ... Xe của Anh A là Toyota Vios ...,"site:facebook.com ""Toyota Vios"" ""lỗi thường gặp""",2026-09-15 20:08:44
https://www.facebook.com/garathoidaibonbanh/posts/xe-%C3%B4-t%C3%B4-b%E1%BB%8B-h%E1%BB%A5t-ga-rung-gi%E1%BA%ADt-b%E1%BA%A3o-d%C6%B0%E1%BB%A1ng-%C4%91%E1%BB%8Bnh-k%E1%BB%B3-xe-toyota-vios-%C4%91%E1%BB%9Di-2018-chu%E1%BA%A9n-b%E1%BB%8B-%C4%91/944714114785161,page_or_user_post,Xe ô tô bị hụt ga rung giật bảo dưỡng định kỳ xe toyota ...,... toyota vios này mang xe qua bên em xử lý tiện bảo dưỡng lại xe ... lỗi thường gặp trên xe Toyota Altis đời cũ anh em nếu mua xe cũ nên ...,"site:facebook.com ""Toyota Vios"" ""lỗi thường gặp""",2026-09-15 20:08:44
https://www.facebook.com/thoidaibonbanh/videos/xe-toyota-vios-%C4%91i%E1%BB%81u-h%C3%B2a-r%E1%BA%A5t-b%E1%BB%81n-nh%C6%B0ng-kh%C3%B4ng-c%C3%B3-ngh%C4%A9a-l%C3%A0-s%E1%BA%BD-kh%C3%B4ng-h%E1%BB%8Fng-gara_th%E1%BB%9Di_/2365545760645129,video,xe Toyota #Vios điều hòa rất bền nhưng không có nghĩa là sẽ ...,... Toyota #Vios điều hòa rất bền nhưng không có nghĩa là sẽ ... lỗi thường gặp trên xe Toyota Altis đời cũ anh em nếu mua xe cũ nên.,"site:facebook.com ""Toyota Vios"" ""lỗi thường gặp""",2026-09-15 20:08:44
https://www.facebook.com/garathoidaibonbanh/posts/l%C3%A0m-l%E1%BA%A1i-m%C3%A1y-xe-toyota-vios-b%E1%BB%8B-hao-d%E1%BA%A7u-nhi%E1%BB%81u-xe-%C4%91%C3%A3-t%E1%BB%ABng-l%C3%A0m-l%E1%BA%A1i-m%C3%A1y-r%E1%BB%93i-anh-em-x%C3%A1/759151796674728,page_or_user_post,Làm lại máy xe toyota vios bị hao dầu nhiều xe đã từng ...,Làm lại máy xe toyota vios bị hao dầu nhiều xe đã từng làm lại máy rồi. ... lỗi thường gặp trên xe Toyota Altis đời cũ anh em nếu mua xe cũ nên ...,"site:facebook.com ""Toyota Vios"" ""lỗi thường gặp""",2026-09-15 20:08:44
https://www.facebook.com/groups/287074445144718/posts/1092543194597835,group_post,Làm thế nào để thi đậu thực hành lái xe ở Mỹ ??? Cần lưu ...,⚠️ CÁC LỖI DỄ BỊ TRỪ ĐIỂM HOẶC TRƯỢT TRỰC TIẾP 1️⃣ Không thực hiện đúng thao tác xuất phát Các lỗi thường gặp ... Xe của Anh A là Toyota Vios ...,"site:facebook.com ""Toyota Vios"" ""lỗi thường gặp""",2026-09-15 20:08:44
https://www.facebook.com/groups/onthigplx2022/posts/1821390048833966,group_post,"Bữa trước mình thi đường trường 100đ, lý thuyết 30 ...","... lỗi thường gặp: ❌ Không thắt dây an toàn ❌ Không bật xi nhan trái ... Xe của Anh A là Toyota Vios 4 chỗ, chiều cao thấp hơn rất nhiều ...","site:facebook.com ""Toyota Vios"" ""lỗi thường gặp""",2026-09-15 20:08:44
https://www.facebook.com/toanthinhgara/videos/gara-to%C3%A0n-th%E1%BB%8Bnh/977975711456494,video,Sơ đồ vị trí Van Hằng Nhiệt (Luppe Nước) Xe Toyota Van ...,Chi phí thay dầu số Toyota Vios CVT FOLLOW để không bỏ lỡ video nào nhé ... Toyota Vios – Làm gầm để xe chạy êm và chắc lại! Gara kiểm.,"site:facebook.com ""Toyota Vios"" ""lỗi thường gặp""",2026-09-15 20:08:44
https://www.facebook.com/toyotahd/posts/-vios-e-2025-l%C3%A0ng-l%E1%BB%A5a-v%E1%BA%A1n-ph%C3%BAc-khi-hi%E1%BB%87n-%C4%91%E1%BA%A1i-h%C3%B2a-nh%E1%BB%8Bp-truy%E1%BB%81n-th%E1%BB%91nggi%E1%BB%AFa-l%C3%B2ng-h%C3%A0-%C4%91%C3%B4/1165531165616113,page_or_user_post,✨ Vios E 2025 & Làng Lụa Vạn Phúc – Khi hiện đại hòa ...,... Toyota Vios E 2025 xuất hiện như một điểm nhấn đầy tinh tế: hiện đại ... Cùng Toyota Hà Đông điểm qua 3 lỗi thường gặp và cách khắc phục ngay nhé!,"site:facebook.com ""Toyota Vios"" ""lỗi thường gặp""",2026-09-15 20:08:44
https://www.facebook.com/groups/gearupvn/posts/1118449256386874,group_post,"Chào các bác. Là người mua chiếc ô tô đầu tiên, em đang ...","Chào các bác. Là người mua chiếc ô tô đầu tiên, em đang lăn tăn giữa Xforce Ultimate và Cx5 Lux.","site:facebook.com ""Toyota Vios"" ""chi phí nuôi xe bảo dưỡng""",2026-09-15 20:08:47
https://www.facebook.com/groups/213136749292930/posts/1753134435293146,group_post,Mấy bác dùng Range Rover HSE 2014 em hỏi chút Đời ...,Chi phí nuôi bảo dưỡng thì bình thường nhưng khi thay thế phụ tụng thì mới cao. Xe sang con nào chả thế. Bác chưa đi xe sang à ?,"site:facebook.com ""Toyota Vios"" ""chi phí nuôi xe bảo dưỡng""",2026-09-15 20:08:47
https://www.facebook.com/groups/gearupvn/posts/1553122549586207,group_post,Em đang có 700tr phân vân mua lux sa hay hrv. Anh em ...,Em đang có 700tr phân vân mua lux sa hay hrv. Anh em cho xin quan điểm với ạ.,"site:facebook.com ""Toyota Vios"" ""chi phí nuôi xe bảo dưỡng""",2026-09-15 20:08:47
https://www.facebook.com/groups/gearupvn/posts/1554012792830516,group_post,Nhờ các bác tư vấn giữa 520msp 2023 và E 200exclusive ...,Nhờ các bác tư vấn giữa 520msp 2023 và E 200exclusive 2023 thì bên nào đi tầm 10 năm khoảng 80km chăm dễ ít hỏng vặt hơn ạ.,"site:facebook.com ""Toyota Vios"" ""chi phí nuôi xe bảo dưỡng""",2026-09-15 20:08:47
https://www.facebook.com/groups/lover.ktm/posts/1314286573949099,group_post,Em lần đầu chơi nên muốn biết thêm chi phí ...,"Chi phí Duke390 gen 2 của mình trung bình tính theo giá xăng E10 95V hiện tại, nhớt Liqui street race, lọc nhớt KN, đi lọc gió KN và pô độ ...","site:facebook.com ""Toyota Vios"" ""chi phí nuôi xe bảo dưỡng""",2026-09-15 20:08:47
https://www.facebook.com/AutoPhapAnh/videos/b%E1%BB%99-%C4%91%C3%B4i-toyota-vios-c%C3%B3-m%E1%BA%B7t-t%E1%BA%A1i-ph%C3%A1p-anh-n%C3%AAn-ch%E1%BB%8Dn-s%E1%BB%91-s%C3%A0n-hay-t%E1%BB%B1-%C4%91%E1%BB%99ng5-ng%C3%A0y-%C4%91%E1%BB%95i-tr%E1%BA%A3/1429029875695957,video,Bộ đôi TOYOTA VIOS có mặt tại Pháp Anh - Nên chọn số sàn ...,Bộ đôi TOYOTA VIOS có mặt tại Pháp Anh - Nên chọn số sàn hay tự động? 5 NGÀY ĐỔI TRẢ 100% - HỖ TRỢ GIAO XE TẬN NƠI Xe về sẽ được kiểm ...,"site:facebook.com ""Toyota Vios"" ""khen chê chia sẻ kinh nghiệm""",2026-09-15 20:08:50
https://www.facebook.com/groups/gearupvn/posts/1458112349087228,group_post,"kinh nghiệm mua xe lần đầu, kinh nghiệm cho lái mới ...","Về các phụ kiện cần mua sau khi mua xe về, thì em đã liệt kê ra một list rất nhiều đồ vật: • các đồ rửa xe: khăn microfiber các kích cỡ, nước ...","site:facebook.com ""Toyota Vios"" ""khen chê chia sẻ kinh nghiệm""",2026-09-15 20:08:50
https://www.facebook.com/groups/219314086038070/posts/1719470799355717,group_post,"Vios có dáng gọn gàng, đi phố dễ và sử dụng hằng ngày ...","Vios có dáng gọn gàng, đi phố dễ và sử dụng hằng ngày khá nhàn. Đây cũng là kiểu xe càng chạy nhiều càng thấy những tiện ích nhỏ có giá trị.","site:facebook.com ""Toyota Vios"" ""khen chê chia sẻ kinh nghiệm""",2026-09-15 20:08:50
https://www.facebook.com/groups/gearupvn/posts/1233102618254870,group_post,Chào các bác! Em có tầm 650tr tính mua Toyota Vios G ...,Chào các bác! Em có tầm 650tr tính mua Toyota Vios G 2025 nhưng không biết có lựa chọn nào khác tối ưu hơn không. Tiêu chí em cần là: - ...,"site:facebook.com ""Toyota Vios"" ""khen chê chia sẻ kinh nghiệm""",2026-09-15 20:08:50
https://www.facebook.com/Autodaily/videos/veloz-cross-sau-3-n%C4%83m-ng%C6%B0%E1%BB%9Di-d%C3%B9ng-n%C3%B3i-g%C3%AC/855134117394147,video,Veloz Cross sau 3 năm: người dùng nói gì? #autodaily ...,Trước khi mà các anh quyết định mua chiếc Toyota Vios Croatia này thì các anh có tham khảo thêm các cái mẫu xe nào khác ở trong cái phân khúc xe ...,"site:facebook.com ""Toyota Vios"" ""khen chê chia sẻ kinh nghiệm""",2026-09-15 20:08:50
https://www.facebook.com/quocviet.hoang.3576224/posts/so-s%C3%A1nh-h%C6%A1n-thua-toyota-vios-hyundai-acent-xetothalong-muabanoto/1584641626059064,page_or_user_post,So sánh hơn thua!!! #toyota #vios #hyundai #acent ...,"Trung Le tôi đang nói vụ đầm, chắc ấy, Accent đi đường dài khá là mỏi nhưng bảo vios đầm với chắc thì chắc có bạn bảo thôi :).","site:facebook.com ""Toyota Vios"" ""khen chê chia sẻ kinh nghiệm""",2026-09-15 20:08:50
https://www.facebook.com/auto77sg/videos/kh%C3%A1ch-h%C3%A0ng-khen-l%E1%BA%AFm-%C3%B4-t%C3%B4-c%C5%A9-s%C3%A0i-g%C3%B2n-b%E1%BB%9Bt-ch%E1%BA%A1m-%C4%91%C3%A1y-ch%E1%BB%91t-4-xe-trong-ng%C3%A0y-t%E1%BB%95ng-b%C3%A3i-1/1691227172147934,video,Khách Hàng Khen - Lắm Ô tô Cũ Sài Gòn Bớt Chạm Đáy ...,Lâm thấy ơ những người làm bất động sản này kia bán xe nhiều. Nhiều nha mình mua mình thấy tỷ lệ rất là nhiều. Và đặc biệt cái chiếc này là form ...,"site:facebook.com ""Toyota Vios"" ""khen chê chia sẻ kinh nghiệm""",2026-09-15 20:08:50
https://www.facebook.com/otokhanhnguyendongthap/videos/b%E1%BB%9Bt-ngay-10-tri%E1%BB%87u-cho-d%C3%B2ng-xe-n%C3%A0y-l%C3%A0nh-t%C3%ADnh-b%E1%BB%81n-b%E1%BB%89-ti%E1%BA%BFt-ki%E1%BB%87m-l%C3%A0-nh%E1%BB%AFng-th%E1%BB%A9-vios-%C4%91/2030175941182974,video,Bớt Ngay 10 Triệu Cho Dòng Xe Này ! Lành Tính - Bền Bỉ ...,Những dòng này thì máy lạnh chỉnh cơ nó khá đơn giản thì Vios từ xưa khách hàng mình biết rồi. Những dòng Toyota mà thì người ta họ không có làm ...,"site:facebook.com ""Toyota Vios"" ""khen chê chia sẻ kinh nghiệm""",2026-09-15 20:08:50
https://www.facebook.com/Cuongthinhoto82/videos/%C4%91%E1%BA%A7u-tu%E1%BA%A7n-kh%C3%A1ch-%C4%91%E1%BA%BFn-giao-d%E1%BB%8Bch-%C4%91%E1%BB%95i-xe-v%E1%BB%9Bi-c%C6%B0%E1%BB%9Dng-th%E1%BB%8Bnh-auto-c%E1%BA%ADp-b%E1%BA%BFn-ti%E1%BA%BFp-toyota-vio/1549975270505278,video,Đầu tuần khách đến giao dịch đổi xe với Cường Thịnh Auto ...,cập bến tiếp Toyota Vios bản G đời 2021 màu trắng thưa quý anh chị #cuongthinhauto #cuongthinhoto #thegioixeluot #xeluotnghean ------------ ...,"site:facebook.com ""Toyota Vios"" ""khen chê chia sẻ kinh nghiệm""",2026-09-15 20:08:50
https://www.facebook.com/VinaTransmission/posts/-ca-%C4%91%E1%BA%A1i-tu-h%E1%BB%99p-s%E1%BB%91-cvt-tr%C3%AAn-hyundai-accent-ch%C3%A1y-b%E1%BB%91-sin-chai-b%E1%BA%A1c-%C4%91%E1%BA%A1n-g%C3%A3y-h%C3%B4m-nay-v/1214776920340442,page_or_user_post,🔧 CA ĐẠI TU HỘP SỐ CVT TRÊN HYUNDAI ACCENT – ...,"CA ĐẠI TU HỘP SỐ CVT TRÊN HYUNDAI ACCENT – CHÁY BỐ, SIN CHAI, BẠC ĐẠN GÃY! - ... Đánh giá ưu nhược điểm của hộp số CVT 4 - So sánh hộp số CVT với ...","site:facebook.com ""Hyundai Accent"" ""đánh giá ưu nhược điểm""",2026-09-15 20:09:00
https://www.facebook.com/HyundaiPVD/videos/-hyundai-accent-gi%C3%A1-ch%E1%BB%89-t%E1%BB%AB-455-tri%E1%BB%87u-%C4%91%E1%BB%93ng-c%C3%B2n-%C4%91%C3%A1ng-s%E1%BB%9F-h%E1%BB%AFu-%E1%BB%9F-th%E1%BB%9Di-%C4%91i%E1%BB%83m-hi%E1%BB%87n-t%E1%BA%A1ic%C3%A2/1845900210109702,video,🚗 Hyundai Accent giá chỉ từ 455 triệu đồng – Còn đáng sở ...,Hyundai Accent giá chỉ từ 455 triệu đồng – Còn đáng sở hữu ở thời điểm hiện tại? Câu trả lời nằm ở trải nghiệm thực tế! ✓ Thiết kế ...,"site:facebook.com ""Hyundai Accent"" ""trải nghiệm thực tế""",2026-09-15 20:09:03
https://www.facebook.com/HyundaiAnKhanh.Official/videos/-kh%C3%A1m-ph%C3%A1-kh%C3%B4ng-gian-n%E1%BB%99i-th%E1%BA%A5t-accent-cao-c%E1%BA%A5p-sang-tr%E1%BB%8Dng-ti%E1%BB%87n-nghi-v%C3%A0-tinh-t%E1%BA%BF-tro/955821503444772,video,✨ Khám phá không gian nội thất Accent cao cấp – sang ...,"... Trải nghiệm thực tế tại Hyundai An Khánh, nơi mang đến cho bạn những ... Hyundai Accent giá chỉ từ 455 triệu đồng – Còn đáng sở hữu ở thời.","site:facebook.com ""Hyundai Accent"" ""trải nghiệm thực tế""",2026-09-15 20:09:03
https://www.facebook.com/hyundaidongsaigon3s/posts/%C4%91i-c%C3%B9ng-accent-l%C3%A1i-vui-h%C6%A1n-ti%E1%BA%BFt-ki%E1%BB%87m-h%C6%A1n-th%C3%B3i-quen-nh%E1%BB%8F-t%E1%BA%A1o-n%C3%AAn-kh%C3%A1c-bi%E1%BB%87t-l%E1%BB%9Bn-nhi/1434671385333295,page_or_user_post,"Cùng là Hyundai Accent, tại sao người khác chỉ tốn 6L ...",... trải nghiệm thực tế Hyundai Accent. HYUNDAI ... trải nghiệm thực tế Hyundai Accent. HYUNDAI ...,"site:facebook.com ""Hyundai Accent"" ""trải nghiệm thực tế""",2026-09-15 20:09:03
https://www.facebook.com/groups/2732285143757175/posts/4549623462023325,group_post,Hiện tại đang có rất nhiều chia sẻ về hậu quả khi dùng ...,"... Hyundai Accent Việt Nam™ (Ac... Huu Phuoc Nguyen 23 giờ đm E 10, xe ... Tôi sẽ chỉ nói căn cứ trên trải nghiệm thực tế mà tôi đã trực ...","site:facebook.com ""Hyundai Accent"" ""trải nghiệm thực tế""",2026-09-15 20:09:03
https://www.facebook.com/hyundaisonghan.com.vn/videos/review-nhanh-hyundai-accent-all-new-2024-ki%E1%BB%83u-d%C3%A1ng-th%E1%BB%83-thao-hi%E1%BB%87n-%C4%91%E1%BA%A1i-v%C3%A0-m%E1%BA%A1nh-m%E1%BA%BD-/1228973318088645,video,Review nhanh Hyundai Accent all new 2024 - Kiểu dáng thể ...,... Hyundai Accent All new Gia tu 439TRĐ + bo QUA TANG 7TRĐ. ... trải nghiệm thực tế và nhận báo giá lăn bánh chi tiết .,"site:facebook.com ""Hyundai Accent"" ""trải nghiệm thực tế""",2026-09-15 20:09:03
https://www.facebook.com/hyundaikiengiang.hkgi/videos/-v%E1%BB%9Bi-kho%E1%BA%A3ng-600-tri%E1%BB%87u-%C4%91%E1%BB%93ng-b%E1%BA%A1n-s%E1%BA%BD-ch%E1%BB%8Dn-sedan-hay-suv-hyundai-accent-ti%E1%BA%BFt-ki%E1%BB%87m-nh/4461629264089728,video,"Với khoảng 600 triệu đồng, bạn sẽ chọn sedan hay SUV ...","Hyundai Accent - Không chỉ thu hút bởi thiết kế hiện đại, Hyundai Accent ... trải nghiệm thực tế hai dòng xe nhé. Pages. 󱙿. Businesses.","site:facebook.com ""Hyundai Accent"" ""trải nghiệm thực tế""",2026-09-15 20:09:03
https://www.facebook.com/groups/511125243409500/posts/705171054004917,group_post,Mình sắp lấy xe đang phân vân giữa accent bản đặc biệt ...,Hyundai Accent - Hội những người đi xe Accent ... Ngoài ra em có xem thêm Geely monjaro vì thấy giá tốt và options nhiều nhưng trải nghiệm thực tế ...,"site:facebook.com ""Hyundai Accent"" ""trải nghiệm thực tế""",2026-09-15 20:09:03
https://www.facebook.com/groups/192806336077033/posts/1160223256001998,group_post,Các bác cho e hỏi Dòng accent 2025 này có ok k ạ?,Hội Hyundai Accent Việt Nam™ (AccentClubVN). Anonymous participantSep ... AnonymousDachshund4615. Trải nghiệm thực tế đi rồi biết. 51w.,"site:facebook.com ""Hyundai Accent"" ""trải nghiệm thực tế""",2026-09-15 20:09:03
https://www.facebook.com/Hyundai3SVinhLong/videos/-hyundai-accent-tinh-t%E1%BA%BF-%C4%91%E1%BB%83-d%E1%BA%ABn-l%E1%BB%91i-phong-c%C3%A1ch-phong-c%C3%A1ch-kh%C3%B4ng-c%E1%BA%A7n-qu%C3%A1-ph%C3%B4-tr%C6%B0%C6%A1n/1087549320882442,video,🚗 Hyundai Accent – Tinh tế để dẫn lối phong cách. ...,Hyundai Accent giá chỉ từ 455 triệu đồng – Còn đáng sở hữu ở thời điểm hiện tại? Câu trả lời nằm ở trải nghiệm thực tế! ✓ Thiết kế ...,"site:facebook.com ""Hyundai Accent"" ""trải nghiệm thực tế""",2026-09-15 20:09:03
https://www.facebook.com/Hyundaitruongchinhtcmotor/videos/-%C4%91%C3%B3n-qu%E1%BB%91c-kh%C3%A1nh-29-l%C3%AAn-%C4%91%E1%BB%9Di-xe-sang-rinh-ngay-hyundai-accent-m%E1%BB%ABng-%C4%91%E1%BA%A1i-l%E1%BB%85-l%E1%BB%9Bn-tron/1776314563717003,video,"LÊN ĐỜI XE SANG, RINH NGAY HYUNDAI ACCENT! 🇻🇳 ...","ĐÓN QUỐC KHÁNH 2/9 – LÊN ĐỜI XE SANG, RINH NGAY HYUNDAI ACCENT! Mừng ... trải nghiệm thực tế xe cũng như là nhận được các ưu đãi trên.","site:facebook.com ""Hyundai Accent"" ""trải nghiệm thực tế""",2026-09-15 20:09:33
https://www.facebook.com/groups/777129839039797/posts/26191515710507860,group_post,🔥 ACCENT 2024 – TRẢI NGHIỆM THỰC TẾ CỰC KỲ ẤN ...,"ACCENT 2024 – TRẢI NGHIỆM THỰC TẾ CỰC KỲ ẤN TƯỢNG Hyundai Accent 1.5AT Bản Cao Cấp 2024 Form dáng trẻ trung, hiện đại, kết hợp lazang ...","site:facebook.com ""Hyundai Accent"" ""trải nghiệm thực tế""",2026-09-15 20:09:33
https://www.facebook.com/hyundaisonghan.com.vn/videos/xe-hyundai-qu%E1%BB%91c-d%C3%A2n-b%C3%A1n-ch%E1%BA%A1y-nh%E1%BA%A5t/820926712875732,video,GIÁ XE ALL NEW ACCENT 2024. Giá từ 439TRĐ + bộ ...,"... Hyundai Accent All new - Kiểu dáng thể thao, hiện đại và mạnh mẽ ... Liên hệ Hyundai Sông Hàn: 0914388877 để đăng ký trải nghiệm thực tế ...","site:facebook.com ""Hyundai Accent"" ""trải nghiệm thực tế""",2026-09-15 20:09:33
https://www.facebook.com/dctechdrivethefuture/posts/hyundai-accent-l%C3%AAn-%C4%91%E1%BB%9Di-m%C6%B0%E1%BB%A3t-m%C3%A0-v%E1%BB%9Bi-dc-h300-base-kh%C3%B4ng-ch%E1%BB%89-l%C3%A0-m%E1%BA%ABu-sedan-d%C3%A0nh-cho-/1149150817410740,page_or_user_post,Dctech - Drive The Future,HYUNDAI ACCENT - LÊN ĐỜI MƯỢT MÀ VỚI DC H300 BASE ✨ Không chỉ là ... trải nghiệm thực tế về bộ đôi Android Box thế hệ mới DCTECH B500 ...,"site:facebook.com ""Hyundai Accent"" ""trải nghiệm thực tế""",2026-09-15 20:09:33
https://www.facebook.com/HyundaiVinhYen.VN061/videos/i10-accent-ch%E1%BB%8Dn-xe-n%C3%A0o-h%E1%BB%A3p-v%E1%BB%9Bi-b%E1%BA%A1n/2679562259088830,video,i10 & ACCENT – CHỌN XE NÀO HỢP VỚI BẠN? 🚗 Tại ...,"... Hyundai Accent mỗi xe một phong cách cùng khám phá ngay nhá i10 nhỏ ... trải nghiệm thực tế. Pages. 󱙿. Businesses. 󱙿. Automotive, Aircraft ...","site:facebook.com ""Hyundai Accent"" ""trải nghiệm thực tế""",2026-09-15 20:09:33
https://www.facebook.com/HyundaiPVD/posts/-hyundai-accent-%C3%B4t%C3%B4-c%E1%BB%A7a-n%C4%83m-ph%C3%A2n-kh%C3%BAc-xe-g%E1%BA%A7m-th%E1%BA%A5p-c%E1%BB%A1-b-thi%E1%BA%BFt-k%E1%BA%BF-%C4%91%E1%BB%99t-ph%C3%A1hyundai-a/1101216405369873,page_or_user_post,"Hyundai Accent thuộc thế hệ mới, thay đổi thiết ...",HYUNDAI ACCENT - ÔTÔ CỦA NĂM PHÂN KHÚC XE GẦM THẤP CỠ B ... Trải nghiệm thực tế các mẫu xe Hyundai với: ✨ Khả năng vận hành ...,"site:facebook.com ""Hyundai Accent"" ""trải nghiệm thực tế""",2026-09-15 20:09:33
https://www.facebook.com/tu.vietsaf/posts/-h%E1%BB%99p-s%E1%BB%91-cvt-hyundai-accent-blue-2014-2016-v%C3%A0-c%C3%A1c-l%E1%BB%97i-th%C6%B0%E1%BB%9Dng-g%E1%BA%B7p-d%C3%B2ng-xe-hyundai-/1159796555091308,page_or_user_post,🚗 Hộp số CVT Hyundai Accent Blue 2014,Hộp số CVT Hyundai Accent Blue 2014 - 2016 và Các Lỗi Thường Gặp - Dòng xe Hyundai Accent Blue từ năm 2014 trở lên được trang bị hộp số ...,"site:facebook.com ""Hyundai Accent"" ""lỗi thường gặp""",2026-09-15 20:09:36
https://www.facebook.com/Hyundai3SVinhLong/posts/%C4%91%E1%BB%91i-m%E1%BA%B7t-m%C3%B9a-m%C6%B0a-5-l%E1%BB%97i-th%C6%B0%E1%BB%9Dng-g%E1%BA%B7p-tr%C3%AAn-%C3%B4-t%C3%B4-v%C3%A0-c%C3%A1ch-x%E1%BB%AD-l%C3%BD-hi%E1%BB%87u-qu%E1%BA%A3m%C3%B9a-m%C6%B0a-kh%C3%B4ng-c/1156094779869274,page_or_user_post,Đối Mặt Mùa Mưa: 5 Lỗi Thường Gặp Trên Ô Tô Và Cách Xử Lý ...,"Đối Mặt Mùa Mưa: 5 Lỗi Thường Gặp Trên Ô Tô Và ... Đối Mặt Mùa Mưa: 5 Lỗi Thường Gặp Trên Ô Tô ... HYUNDAI ACCENT – Trẻ trung, năng động ⚡ HYUNDAI ...","site:facebook.com ""Hyundai Accent"" ""lỗi thường gặp""",2026-09-15 20:09:36
https://www.facebook.com/tu.vietsaf/posts/h%E1%BB%99p-s%E1%BB%91-t%E1%BB%B1-%C4%91%E1%BB%99ng-hyundai-cvt-accent-blue-2014-tr%E1%BB%9F-l%C3%AAnc%C3%A1c-b%E1%BB%87nh-th%C6%B0%E1%BB%9Dng-g%E1%BA%B7p-%C4%91%E1%BB%91i-v%E1%BB%9Bi-h/891123888625244,page_or_user_post,Hộp số tự động Hyundai CVT Accent blue 2014 trở lên. ...,... lỗi thường gặp của dòng Hộp số hyundai CVT trang bị trên dòng xe ... Hyundai Accent Blue. Bản thân em đánh giá đây là 1 trong những hộp ...,"site:facebook.com ""Hyundai Accent"" ""lỗi thường gặp""",2026-09-15 20:09:36
https://www.facebook.com/garathoidaibonbanh/videos/nguy%C3%AAn-nh%C3%A2n-%C4%91i%E1%BB%81u-h%C3%B2a-xe-%C3%B4-t%C3%B4-kh%C3%B4ng-m%C3%A1t-xe-hyundai-accent-%C4%91%C3%A2y-l%C3%A0-l%E1%BB%97i-th%C6%B0%E1%BB%9Dng-hay-g/2075814506558048,video,Nguyên nhân điều hòa xe ô tô không mát xe hyundai accent đây ...,Nguyên nhân điều hòa xe ô tô không mát xe hyundai accent ... Lỗi thường gặp trên dòng xe #Mazda xe đi thi ... Nguyên nhân điều hòa xe ô tô không mát xe hyundai ...,"site:facebook.com ""Hyundai Accent"" ""lỗi thường gặp""",2026-09-15 20:09:36
https://www.facebook.com/chiasekienthucxehoi/posts/c%C3%A1c-l%E1%BB%97i-th%C6%B0%E1%BB%9Dng-g%E1%BA%B7p-tr%C3%AAn-hyundai-accent-honda-city-v%C3%A0-toyota-viosph%C3%A2n-kh%C3%BAc-sedan-/596225047576168,page_or_user_post,"Các lỗi thường gặp trên Hyundai Accent, Honda City ...","Các lỗi thường gặp trên Hyundai Accent, Honda City và Toyota Vios. INFONET.VN. Các lỗi thường gặp trên Hyundai Accent, Honda City và Toyota Vios.","site:facebook.com ""Hyundai Accent"" ""lỗi thường gặp""",2026-09-15 20:09:36
https://www.facebook.com/nguyenotobacgiang/videos/l%C3%A0m-%C4%91i%E1%BB%81u-h%C3%B2a-hyundai-i10-l%E1%BA%A1nh-s%C3%A2u-run-ng%C6%B0%E1%BB%9Di-b%C3%AD-quy%E1%BA%BFt-th%E1%BB%A3-l%C3%A2u-n%C4%83m-chia-s%E1%BA%BB-nguy%C3%AAn-/943415161646005,video,Làm điều hòa Hyundai i10 lạnh sâu run người – bí quyết thợ ...,Anh em thợ xem kỹ từng bước để tránh lỗi thường gặp và tăng độ lạnh tối đa cho khách hàng. ... HYUNDAI ACCENT 20222– LẮP ĐẶT ĐÈN GẦM ĐÈN GẦM ...,"site:facebook.com ""Hyundai Accent"" ""lỗi thường gặp""",2026-09-15 20:09:36
https://www.facebook.com/toanthinhgara/videos/gara-to%C3%A0n-th%E1%BB%8Bnh/1801430874160796,video,Hiện tượng Xe khó khởi động khi để qua đêm hoặc lúc động ...,nguyên nhân chính xác vì sao xe Hyundai Accent đề không nổ máy được anh em ... Theo dõi gara Toàn Thịnh để biết thêm nhiều mẹo chăm sóc ô tô. Và ...,"site:facebook.com ""Hyundai Accent"" ""lỗi thường gặp""",2026-09-15 20:09:36
https://www.facebook.com/PhongDoAuto/posts/-hyundai-accent-2024-b%E1%BA%A3n-%C4%91%E1%BB%A7-ho%C3%A0n-thi%E1%BB%87n-n%C3%A2ng-c%E1%BA%A5p-m%C3%A0n-h%C3%ACnh-android-li%E1%BB%81n-cam-360-el/557036447068821,page_or_user_post,Hyundai Accent 2024 bản đủ hoàn thiện nâng cấp Màn ...,Hyundai Accent 2024 bản đủ hoàn thiện nâng cấp Màn hình Android ... lỗi thường gặp trong quá trình thi công - Quy trình kiểm tra chất ...,"site:facebook.com ""Hyundai Accent"" ""lỗi thường gặp""",2026-09-15 20:09:36
https://www.facebook.com/groups/1883552451919603/posts/4578920945716060,group_post,"KHÁCH MẮNG VỐN: ""BIẾT THẾ MUA SỚM HƠN CHO ĐỠ ...",Nguyễn Xuân Long ▻ Hội Hyundai Accent Việt Nam™ (AccentClubVN) ... ⚠️ 5 lỗi thường gặp: 1️⃣ Không vệ sinh sạch trước khi lắp – dễ ...,"site:facebook.com ""Hyundai Accent"" ""lỗi thường gặp""",2026-09-15 20:10:08
https://www.facebook.com/gtnl.hcmute/posts/1503670468468832,page_or_user_post,Trường Đại học Công nghệ Kỹ thuật Tp.HCM,"... Hyundai Accent/Tucson, Mazda 3, Ford Ranger và VinFast VF5/VF8. Cuối ... lỗi thường gặp và phương pháp kiểm tra. Phân tích sơ đồ mạch ...","site:facebook.com ""Hyundai Accent"" ""lỗi thường gặp""",2026-09-15 20:10:08
https://www.facebook.com/groups/345713636690072/posts/1713496893245066,group_post,Em cần mua Creta Chính Chủ. Các bác có xe ...,"Đình Kiên An Tâm ▻ HỘI HYUNDAI ACCENT ELANTRA I10 SANTAFE TUCSON KONA CRETA ... Lỗi thường gặp trên Creata Chào Ae hội, e mới lấy bằng có ý định ...","site:facebook.com ""Hyundai Accent"" ""lỗi thường gặp""",2026-09-15 20:10:08
https://www.facebook.com/groups/304014761967437/posts/1138065275229044,group_post,Ô tô ⚡ Có mặt nhanh – làm việc uy tín – giá hợp lý 📍 ...,"Các lỗi thường gặp: Cửa kính bị xệ, cọ nền gây khó đóng mở ... Hyundai Accent hoặc chìa khóa bị hỏng, hãy lưu ngay thông tin bên em ...","site:facebook.com ""Hyundai Accent"" ""lỗi thường gặp""",2026-09-15 20:10:08
https://www.facebook.com/groups/325759124800083/posts/1809463646429616,group_post,Hyundai Accent bảo dưỡng – sửa chữa có tốn không?,"Nếu bảo dưỡng đúng lịch, chi phí dễ chịu – ít phát sinh bất ngờ. 1️⃣ Chi phí bảo dưỡng ... KẾT LUẬN CUỐI ✓ Accent dễ nuôi – ít hỏng vặt – ...","site:facebook.com ""Hyundai Accent"" ""chi phí nuôi xe bảo dưỡng""",2026-09-15 20:10:10
https://www.facebook.com/groups/aemexe/posts/2765094750312110,group_post,"Chào các bác. Em ở Thái Nguyên, Vẫn là câu chuyện vào ...","Em đi đc hơn 3000Km rồi , đợt 1000km thì hãng bảo dưỡng Free, đợt tới 5000km lại ra và em thấy ước tính bảo dưỡng là hơn 1tr. Vậy các bác cho e ...","site:facebook.com ""Hyundai Accent"" ""chi phí nuôi xe bảo dưỡng""",2026-09-15 20:10:10
https://www.facebook.com/Hyundai.hadong.htc/posts/%F0%9D%90%93%F0%9D%90%94%CC%9B%CC%80-%F0%9D%90%97%F0%9D%90%84-%F0%9D%90%8C%F0%9D%90%80%CC%81%F0%9D%90%98-%F0%9D%90%8B%F0%9D%90%84%CC%82%F0%9D%90%8D-%F0%9D%90%8E%CC%82-%F0%9D%90%93%F0%9D%90%8E%CC%82-n%C3%A2ng-%C4%91%E1%BB%9Di-m%C3%A0-v%C3%AD-v%E1%BA%ABn-nh%E1%BA%B9-t%C3%AAnh-b%E1%BA%A1n-ngh%C4%A9-%C4%91i-%C3%B4-t%C3%B4-l%C3%A0-t%E1%BB%91n-k%C3%A9m/1496331622496400,page_or_user_post,🔝𝐓𝐔̛̀ 𝐗𝐄 𝐌𝐀́𝐘 𝐋𝐄̂𝐍 𝐎̂ 𝐓𝐎̂: NÂNG ĐỜI MÀ VÍ VẪN NHẸ ...,"✓ Với mức tiêu hao nhiên liệu chỉ từ 5,89L/100km nhưng lại chở được cả gia đình 5 người, chi phí nuôi xe trung bình chỉ khoảng 2 triệu/tháng, Hyundai Accent ...","site:facebook.com ""Hyundai Accent"" ""chi phí nuôi xe bảo dưỡng""",2026-09-15 20:10:10
https://www.facebook.com/groups/511125243409500/posts/1196697244852293,group_post,"Bảo dưỡng cấp 2 như vậy có cao quá ko mấy bác , những ...","Bảo dưỡng cấp 2 như vậy có cao quá ko mấy bác , những lần sau còn cao nữa thanhk.","site:facebook.com ""Hyundai Accent"" ""chi phí nuôi xe bảo dưỡng""",2026-09-15 20:10:10
https://www.facebook.com/groups/947072768719910/posts/25639116509088860,group_post,## 🔧 Hyundai Accent bảo dưỡng – sửa chữa có tốn không ...,"KẾT LUẬN NGẮN GỌN: Accent là một trong những xe rẻ nhất để nuôi trong phân khúc sedan hạng B. Nếu bảo dưỡng đúng lịch, chi phí dễ chịu – ít ...","site:facebook.com ""Hyundai Accent"" ""chi phí nuôi xe bảo dưỡng""",2026-09-15 20:10:10
https://www.facebook.com/saigoner.vn/posts/nu%C3%B4i-xe-ch%E1%BB%89-v%C3%A0i-tr%C4%83m-ngh%C3%ACn-m%E1%BB%97i-l%E1%BA%A7n-b%E1%BA%A3o-d%C6%B0%E1%BB%A1ng-vinfast-vf-3-gi%E1%BA%A3i-b%C3%A0i-to%C3%A1n-mua-%C4%91%C6%B0%E1%BB%A3c/1582451007255297,page_or_user_post,VINFAST VF 3 GIẢI BÀI TOÁN “MUA ĐƯỢC VÀ NUÔI ...,"Theo reviewer kênh Xế Cộng, mỗi lần VF 3 vào xưởng chỉ tốn khoảng 400.000–500.000 đồng, trong khi chu kỳ bảo dưỡng lên tới 15.000 km/lần, gấp 3 ...","site:facebook.com ""Hyundai Accent"" ""chi phí nuôi xe bảo dưỡng""",2026-09-15 20:10:10
https://www.facebook.com/groups/192806336077033/posts/1294165735941082,group_post,"Các bác cho em hỏi với, bảo dưỡng mốc 2 vạn cần làm ...","Cứ thay dầu máy bình thường theo km , dầu số 6 đến 8v thay , bảo dưỡng phanh 4 đến 6 vạn , 8 vạn thay nước làm mát , Còn cứ yêu xe như con ...","site:facebook.com ""Hyundai Accent"" ""chi phí nuôi xe bảo dưỡng""",2026-09-15 20:10:10
https://www.facebook.com/hyundaibariavungtau89/posts/-hyundai-accent-chi%E1%BA%BFc-sedan-kinh-t%E1%BA%BF-d%C3%A0nh-cho-ng%C6%B0%E1%BB%9Di-mua-xe-l%E1%BA%A7n-%C4%91%E1%BA%A7un%E1%BA%BFu-%C4%91ang-t%C3%ACm-m%E1%BB%99/1614291324038433,page_or_user_post,🚗 HYUNDAI ACCENT – CHIẾC SEDAN KINH TẾ DÀNH CHO ...,"HYUNDAI ACCENT – CHIẾC SEDAN KINH TẾ DÀNH CHO NGƯỜI MUA XE LẦN ĐẦU Nếu đang tìm một chiếc xe dễ mua – dễ lái – dễ nuôi, Hyundai Accent vẫn là lựa chọn được ...","site:facebook.com ""Hyundai Accent"" ""chi phí nuôi xe bảo dưỡng""",2026-09-15 20:10:10
https://www.facebook.com/groups/192806336077033/posts/1189455443078779,group_post,"Chi phí thay thế, sửa chữa đồ của Accent phải nói là siêu ...","Chi phí thay thế, sửa chữa đồ của Accent phải nói là siêu rẻ và sẵn. Xe 'quốc dân' có khác, đi đâu cũng không lo hỏng vặt không có đồ thay.","site:facebook.com ""Hyundai Accent"" ""chi phí nuôi xe bảo dưỡng""",2026-09-15 20:10:10
https://www.facebook.com/groups/gearupvn/posts/1573981627500299,group_post,Nên mua accent bản đặc biệt,Nên mua accent bản đặc biệt Hay honda city bản L đây ạ E đi gia đình. Giá e thấy đang lăn bánh ngang nhau Lăn tăn quá ai đi rồi cho e xin ít ...,"site:facebook.com ""Hyundai Accent"" ""khen chê chia sẻ kinh nghiệm""",2026-09-15 20:10:57
https://www.facebook.com/suakhoathanhson/videos/hyundai-accent-%C4%91%C3%A1-1-khi%E1%BB%83n-%C4%91%C3%A3-c%C3%A0i-l%E1%BA%A1i-cho-kh%C3%A1ch-ok-%E1%BA%A1/1696222461432849,video,Hyundai accent đá 1 khiển! Đã cài lại cho khách ok ạ! | Sửa ...,Qua cũng làm con elantra đá 1 chìa có 800k linh thạch :) ... NISSAN & INFINITI REMOTE KEY PROGRAMMING AVAILABLE Need to add a key or all ...,"site:facebook.com ""Hyundai Accent"" ""khen chê chia sẻ kinh nghiệm""",2026-09-15 20:10:57
https://www.facebook.com/groups/otofun2021/posts/626554748933139,group_post,Theo các cụ thì nên mua accent hay vios để phục vụ gia ...,"Ăn chắc mặc bền, giữ giá, nhiều đồ ngoài thay thế thì vios. Thích kiểu dáng, Trẻ chung, nhiều trang bị thì accent. 3y · 3 likes.","site:facebook.com ""Hyundai Accent"" ""khen chê chia sẻ kinh nghiệm""",2026-09-15 20:10:57
https://www.facebook.com/Hyundaigialaixe/videos/h%C6%B0%E1%BB%9Bng-d%E1%BA%ABn-kh%C3%A1ch-h%C3%A0ng-k%C3%ADch-ho%E1%BA%A1t-t%C3%ADnh-n%C4%83ng-%E1%BA%A9n-tr%C3%AAn-m%E1%BA%ABu-xe-hyundai-accent-all-newho/987034403329847,video,Hướng dẫn khách hàng kích hoạt tính năng ẩn trên mẫu xe ...,Hướng dẫn khách hàng kích hoạt tính năng ẩn trên mẫu xe Hyundai Accent all new Hotline: 0982878514 Hyundai Gia Lai.,"site:facebook.com ""Hyundai Accent"" ""khen chê chia sẻ kinh nghiệm""",2026-09-15 20:10:57
https://www.facebook.com/otosaigon/posts/hyundai-accent-%C4%91%E1%BB%99-maybach-m%E1%BB%99t-b%E1%BA%A3n-%C4%91%E1%BB%99-c%E1%BB%B1c-g%E1%BA%AFt-m%E1%BB%99t-b%E1%BA%A3n-%C4%91%E1%BB%99-%C4%91i-v%C3%A0o-l%C3%B2ng-%C4%91%E1%BA%A5t-hyundai-/2791995127735564,page_or_user_post,<Hyundai Accent độ Maybach> - Một bản độ cực gắt ...,"<Hyundai Accent độ Maybach> - Một bản độ cực gắt, một bản độ đi vào lòng đất. Hyundai Accent độ Maybach có thể xoá nhà ranh giới giữa xe phổ ...","site:facebook.com ""Hyundai Accent"" ""khen chê chia sẻ kinh nghiệm""",2026-09-15 20:10:57
https://www.facebook.com/groups/chototsontay/posts/1649166143471141,group_post,Cần bán nhanh chiếc Hyundai Accent 1.4 ATH Sản xuất ...,"Cần bán nhanh chiếc Hyundai Accent 1.4 ATH Sản xuất 2020, Xe lăn bánh 8 vạn km, xe tư nhân sử dụng , nội ngoại thất còn khá mới, xe đã trang bị ...","site:facebook.com ""Hyundai Accent"" ""khen chê chia sẻ kinh nghiệm""",2026-09-15 20:10:57
https://www.facebook.com/groups/426436102425290/posts/1543466904055532,group_post,Mua xe lần đầu Các bác đi city rồi cho e xin ít đánh giá ưu nhược,"Mua xe lần đầu Các bác đi city rồi cho e xin ít đánh giá ưu nhược điểm ạ. ... Honda City sản xuất 2018 Bản TOP, xe chạy 5v6 ... Honda City TOP 2020 - 1 ...","site:facebook.com ""Honda City"" ""đánh giá ưu nhược điểm""",2026-09-15 20:12:47
https://www.facebook.com/groups/426436102425290/posts/1660035792398642,group_post,Em đi City một thời gian rồi thấy xe này đúng kiểu ...,Anonymous participant ▻ Honda City - Hội những người đi xe Honda City ... đánh giá ưu nhược điểm ạ · Phương An and 34 others. 35 reactions ...,"site:facebook.com ""Honda City"" ""đánh giá ưu nhược điểm""",2026-09-15 20:12:47
https://www.facebook.com/groups/phuot.oto/posts/1195318995655589,group_post,Phượt Tây bắc đi gầm thấp Honda City ổn không các bác . ...,EnthusiasticPear8884 ▻ Hội Honda City Việt Nam™ (CityClubVN). 20w · Public · Mua xe lần đầu Các bác đi city rồi cho e xin ít đánh giá ưu nhược điểm ạ · Phương ...,"site:facebook.com ""Honda City"" ""đánh giá ưu nhược điểm""",2026-09-15 20:12:47
https://www.facebook.com/groups/426436102425290/posts/1661200428948845,group_post,Các bác đang đi Honda City cho em hỏi thật,... đánh giá ưu nhược điểm ạ · Phương An and 34 others. 35 reactions ·. 90 comments. Hung Manh ▻ Honda City Club Việt Nam. 5y · Public · Tài chính ...,"site:facebook.com ""Honda City"" ""đánh giá ưu nhược điểm""",2026-09-15 20:12:47
https://www.facebook.com/HondaOtoLATA/posts/-br-v-l%C3%A0-xe-gia-%C4%91%C3%ACnh-hay-xe-d%E1%BB%8Bch-v%E1%BB%A5-c%C3%B9ng-tranh-lu%E1%BA%ADn-tr%E1%BB%B1c-ti%E1%BA%BFp-theo-b%E1%BA%A1n-honda-br-/1343320701263394,page_or_user_post,🚗 BR-V LÀ XE GIA ĐÌNH HAY XE DỊCH VỤ? CÙNG ...,... Đánh giá ưu - nhược điểm ✓ Giải đáp mọi câu hỏi của khách hàng ... Mua Honda City tháng này được gì? Không chỉ là một chiếc sedan ...,"site:facebook.com ""Honda City"" ""đánh giá ưu nhược điểm""",2026-09-15 20:12:47
https://www.facebook.com/groups/wuling.hongguang.mini.ev.hanoi/posts/990766112379515,group_post,Người dùng chia sẻ thẳng thắn ưu nhược điểm của Wuling ...,"Đánh giá ưu nhược điểm sau 2 tháng sử dụng Sau một thời gian sử dụng, anh Linh đã có những đánh giá thẳng thắn về mẫu Wuling Bingo, chỉ rõ những ...","site:facebook.com ""Honda City"" ""đánh giá ưu nhược điểm""",2026-09-15 20:12:47
https://www.facebook.com/groups/344496473007425/posts/2240460356744351,group_post,"City có một kiểu dễ dùng rất riêng, từ kích thước đến cách ...",Nguyễn Văn Lâm ▻ Hội Honda City Việt Nam - Honda City Club. 25w ... đánh giá ưu nhược điểm ạ · Phương An and 34 others. 35 reactions ·. 90 ...,"site:facebook.com ""Honda City"" ""đánh giá ưu nhược điểm""",2026-09-15 20:12:47
https://www.facebook.com/groups/xeotocujapan/posts/2005287466857546,group_post,cho e xin chúc review về honda fit bản S và cảm nhận ...,... đánh giá ưu nhược điểm ạ · Phương An and 34 others. 35 reactions ... Anonymous participant ▻ Honda City - Hội những người đi xe Honda City.,"site:facebook.com ""Honda City"" ""đánh giá ưu nhược điểm""",2026-09-15 20:12:47
https://www.facebook.com/HondaOtoLATA/posts/-vinh-danh-ng%C6%B0%E1%BB%9Di-truy%E1%BB%81n-c%E1%BA%A3m-h%E1%BB%A9ng-th%C3%A0nh-qu%E1%BA%A3-x%E1%BB%A9ng-%C4%91%C3%A1ng-xin-ch%C3%BAc-m%E1%BB%ABng-t%C6%B0-v%E1%BA%A5n-b%C3%A1n-h%C3%A0/1343930664535731,page_or_user_post,THÀNH QUẢ XỨNG ĐÁNG! 🎉 👏 Xin chúc mừng Tư ...,Mua Honda City tháng này được gì? Không chỉ là một chiếc sedan ... Đánh giá ưu - nhược điểm ✓ Giải đáp mọi câu hỏi của khách hàng ...,"site:facebook.com ""Honda City"" ""đánh giá ưu nhược điểm""",2026-09-15 20:13:50
https://www.facebook.com/groups/1023069638660550/posts/1510596549907854,group_post,Các bác dùng bơm gì vs bộ vá lốp nào để dự phòng trong ...,"... đánh giá ưu nhược điểm, hay các bác biết loại nào hay hơn thì giới ... Khiêm Tran ▻ Honda City - Hội những người đi xe Honda City. 40w ...","site:facebook.com ""Honda City"" ""đánh giá ưu nhược điểm""",2026-09-15 20:13:50
https://www.facebook.com/groups/otosaigon2023/posts/684512090221357,group_post,E tính sắm cái bơm lốp mang theo trên xe. Mấy a/e có kinh ...,"... đánh giá ưu nhược điểm, hay các bác biết loại nào hay hơn thì ... Khiêm Tran ▻ Honda City - Hội những người đi xe Honda City. 40w · Public ...","site:facebook.com ""Honda City"" ""đánh giá ưu nhược điểm""",2026-09-15 20:13:50
https://www.facebook.com/groups/70maivietnam/posts/24551909664467584,group_post,Giữa cam vietmap ts-h2k và cam 70mai500 thì nên dùng ...,Tân Đinh ▻ Hội Honda City Việt Nam™ (CityClubVN). 18w · Public ... Nhờ các bác đánh giá ưu nhược điểm và nên lắp thẻ bao nhiêu GB để có ...,"site:facebook.com ""Honda City"" ""đánh giá ưu nhược điểm""",2026-09-15 20:13:50
https://www.facebook.com/vinhxo69/videos/%C4%91%C3%A2y-l%C3%A0-chia-s%E1%BA%BB-tr%E1%BA%A3i-nghi%E1%BB%87m-th%E1%BB%B1c-t%E1%BA%BF-c%E1%BB%A7a-m%C3%ACnh-sau-6-n%C4%83m-s%E1%BB%9F-h%E1%BB%AFu-1-chi%E1%BA%BFc-bmw/953420213716687,video,Đây là chia sẻ trải nghiệm thực tế của mình sau 6 năm sở ...,Đây là chia sẻ trải nghiệm thực tế của mình sau 6 năm sở hữu 1 chiếc BMW.,"site:facebook.com ""Honda City"" ""trải nghiệm thực tế""",2026-09-15 20:13:51
https://www.facebook.com/hondaototayninhhoathanh/posts/3-l%C3%BD-do-n%C3%AAn-ch%E1%BB%8Dn-honda-city-lhondaototayninh/1021091044235841,page_or_user_post,3 lý do nên chọn Honda City - L #HondaOtoTayNinh,Đây chính là thời điểm lý tưởng để rinh ngay Honda City với ưu đãi hấp dẫn chỉ có trong tháng 07! ... trải nghiệm thực tế Liên hệ ngay hôm nay để ...,"site:facebook.com ""Honda City"" ""trải nghiệm thực tế""",2026-09-15 20:14:12
https://www.facebook.com/legiahuy08/posts/honda-city-kh%C3%B4ng-ti%E1%BA%BFt-ki%E1%BB%87m-x%C4%83ng-nh%C6%B0-c%C3%B4ng-b%E1%BB%91-v%C3%A0-c%C3%A1ch-%C3%A2m-r%E1%BA%A5t-t%E1%BB%87/633430644806858,page_or_user_post,Honda City không tiết kiệm xăng như công bố và cách âm rất tệ.,Kinh nghiệm rút ra : Khi bạn muốn tìm hiểu cái gì đó thì nên tham khảo và cộng thêm trải nghiệm thực tế. Ngồi đọc mạng thôi thì rất dễ có ...,"site:facebook.com ""Honda City"" ""trải nghiệm thực tế""",2026-09-15 20:14:12
https://www.facebook.com/groups/hondacitygroup/posts/1275849190437546,group_post,Các bác e e xin chút review city bản L với..e đang định lấy ...,Qua e hỗ trợ xem xe và lái thử xe trải nghiệm thực tế. Giá tốt ... Nguyễn Đức Long posted in Honda City - Hội những người đi xe Honda City ...,"site:facebook.com ""Honda City"" ""trải nghiệm thực tế""",2026-09-15 20:14:12
https://www.facebook.com/groups/gearupvn/posts/1441160164115780,group_post,Review xe BYD sealion 6 sau 8000km,"... Honda city đang định đổi lên Honda Civic hev, thời điểm đó 860tr. Cơ ... Sau 1 thời gian trải nghiệm thực tế em vẫn quay về chọn Cx5 cho lành .","site:facebook.com ""Honda City"" ""trải nghiệm thực tế""",2026-09-15 20:14:12
https://www.facebook.com/HondaVietnam/videos/h%C3%A0nh-tr%C3%ACnh-%C4%91%E1%BA%A7y-h%E1%BB%A9ng-kh%E1%BB%9Fi-c%C3%B9ng-honda-cityb%E1%BA%A1n-%C4%91ang-t%C3%ACm-ki%E1%BA%BFm-ng%C6%B0%E1%BB%9Di-b%E1%BA%A1n-%C4%91%E1%BB%93ng-h%C3%A0nh-%C4%91%E1%BB%83/814084159661506,video,Hành trình đầy hứng khởi cùng Honda City Bạn đang ...,... Honda City với các ưu điểm vượt trội: - Thiết kế thể thao ấn ... Trải nghiệm thực tế với xe máy điện Honda CUV e: có gì đáng. 01:14 ...,"site:facebook.com ""Honda City"" ""trải nghiệm thực tế""",2026-09-15 20:14:12
https://www.facebook.com/HondaVietnam/videos/honda-citys%E1%BB%9F-h%E1%BB%AFu-l%E1%BA%ABy-chuy%E1%BB%83n-s%E1%BB%91-th%E1%BB%83-thao-honda-city-h%E1%BB%A9a-h%E1%BA%B9n-mang-%C4%91%E1%BA%BFn-h%C3%A0nh-tr%C3%ACnh-v/636850945193236,video,"Honda City Sở hữu lẫy chuyển số thể thao, Honda City hứa ...","Honda City Sở hữu lẫy chuyển số thể thao, Honda City hứa hẹn mang ... Trải nghiệm thực tế luôn là câu trả lời thuyết phục nhất!... 2 ...","site:facebook.com ""Honda City"" ""trải nghiệm thực tế""",2026-09-15 20:14:12
https://www.facebook.com/HondaOtoSGQ2/videos/honda-civic-%C4%91%E1%BA%B9p-th%E1%BB%83-thao-l%C3%A1i-b%E1%BB%A9t-ph%C3%A1tr%E1%BA%A3i-nghi%E1%BB%87m-xe-ngay-t%E1%BA%A1i-honda-%C3%B4-t%C3%B4-s%C3%A0i-g%C3%B2n-q/889694680140556,video,"Honda Civic - Đẹp thể thao, lái bứt phá Trải nghiệm xe ngay ...","Honda City - SINH RA CHO NHỊP SỐNG ĐÔ THỊ Kẹt xe kéo dài, thời. 00:15 ... Trải nghiệm thực tế hàng ghế thứ 3 của Honda CR-V L!... Jun ...","site:facebook.com ""Honda City"" ""trải nghiệm thực tế""",2026-09-15 20:14:12
https://www.facebook.com/garathoidaibonbanh/posts/l%E1%BB%97i-th%C6%B0%E1%BB%9Dng-g%E1%BA%B7p-tr%C3%AAn-c%C3%A1c-d%C3%B2ng-xe-honda-city-khi-ch%E1%BA%A1y-%C4%91%C6%B0%E1%BB%A3c-kho%E1%BA%A3ng-6-%C4%91%E1%BA%BFn-8-v%E1%BA%A1n-km-%C4%91/730555159534392,page_or_user_post,Lỗi thường gặp trên các dòng xe Honda City khi chạy được ...,Lỗi thường gặp trên các dòng xe Honda City khi chạy được khoảng 6 đến 8 vạn km đổ ra hay bị sôi nước báo quá nhiệt #gara_thời_đại_bốn_bánh...,"site:facebook.com ""Honda City"" ""lỗi thường gặp""",2026-09-15 20:14:14
https://www.facebook.com/groups/hondacitygroup/posts/711401793548958,group_post,GÓC CHIA SẺ VẦN LƯU Ý Vì sao hỏng dây đai CVT phải ...,"Honda City - Hội những người đi xe Honda City. Vinhxl PhamApr 28 ... lỗi thường gặp khi sở hữu ôtô. Đối với chủ xe dùng hộp số CVT, chỉ ...","site:facebook.com ""Honda City"" ""lỗi thường gặp""",2026-09-15 20:14:14
https://www.facebook.com/groups/chootocumoihaiphong/posts/4356659141268293,group_post,Honda city 1.5rs sx và đk 2024,Honda city 1.5rs sx và đk 2024 1 chủ từ đầu full ... Honda city 1.5rs sx và đk 2024 1 chủ từ ... lỗi thường gặp. ⸻ ☘️ BƯỚC 1: BẬT CHẾ ĐỘ CHUYÊN ...,"site:facebook.com ""Honda City"" ""lỗi thường gặp""",2026-09-15 20:14:14
https://www.facebook.com/FixAutoVietNam/videos/l%E1%BA%AFp-%C4%91%E1%BA%B7t-loa-sub-t%C3%ADch-h%E1%BB%A3p-amplydsp-cho-xe-honda-city-t%E1%BA%A1i-h%E1%BB%87-th%E1%BB%91ng-fixauto%EF%B8%8F-l%E1%BA%AFp-%C4%91%E1%BA%B7/26443080015373076,video,Lắp đặt loa sub tích hợp amply/Dsp cho xe #Honda #City tại ...,Lắp đặt loa sub tích hợp amply/Dsp cho xe #Honda #City tại hệ thống #FixAuto ⚡️ Lắp đặt sub woofer cắm rắc zin căn chỉnh EQ tạo được âm ...,"site:facebook.com ""Honda City"" ""lỗi thường gặp""",2026-09-15 20:14:14
https://www.facebook.com/garathoidaibonbanh/posts/%C4%91i%E1%BB%81u-h%C3%B2a-civic-kh%C3%B4ng-m%C3%A1t-ch%E1%BA%ADp-ch%E1%BB%9Dn-l%C3%BAc-m%C3%A1t-l%C3%BAc-kh%C3%B4ng-nguy%C3%AAn-nh%C3%A2n-do-%C4%91%C3%A2u-l%C3%A0m-nh%E1%BB%A9c/1182301732191935,page_or_user_post,Gara ô tô thời đại bốn bánh,... honda city mắc bệnh tương tự ... lỗi thường gặp trên xe Toyota Altis đời cũ anh em nếu mua xe cũ nên lưu ý nhé ...,"site:facebook.com ""Honda City"" ""lỗi thường gặp""",2026-09-15 20:14:14
https://www.facebook.com/toyota.usedcars/posts/%C4%91%C3%A1nh-gi%C3%A1-honda-city-c%C5%A9-%C6%B0u-nh%C6%B0%E1%BB%A3c-%C4%91i%E1%BB%83m-kinh-nghi%E1%BB%87m-mua-v%C3%A0-l%C6%B0u-%C3%BD-quan-tr%E1%BB%8Dng%C4%91%C3%A1nh-gi%C3%A1/1637249611742040,page_or_user_post,Toyota - Xe Qua Sử Dụng,"... Honda City cũ chi tiết từ thiết kế, vận hành, chi phí sử dụng đến ... lỗi thường gặp cho đến kinh nghiệm chọn đời xe phù hợp. Xem ...","site:facebook.com ""Honda City"" ""lỗi thường gặp""",2026-09-15 20:14:14
https://www.facebook.com/groups/346784219057497/posts/2687504664985429,group_post,Xe Honda NBox( bên Nhật) - đèn ABS sáng Nguyên nhân,Nguyễn Văn Luyện ▻ Hội Honda City Việt Nam™ (CityClubVN). 44w ... [CHIA SẺ KỸ THUẬT] Lỗi thường gặp trên hệ thống ABS có bầu tích áp ...,"site:facebook.com ""Honda City"" ""lỗi thường gặp""",2026-09-15 20:14:14
https://www.facebook.com/groups/1555654991948698/posts/2067369444110581,group_post,Lái xe mà không kiểm soát tốc độ là quá nguy hiểm và có khi ...,"Tiến Trường ▻ Hội Honda City, Honda Civic, Honda CRV ✓ Honda HRV, Honda Brio ... Các lỗi thường gặp • 4. Khắc phục • 4.1. Lắp điện trở công suất ...","site:facebook.com ""Honda City"" ""lỗi thường gặp""",2026-09-15 20:15:54
https://www.facebook.com/Longdiagcar/posts/garage-%C3%B4t%C3%B4-moto-b%E1%BA%A3o-anh-c%E1%BA%ADp-nh%E1%BA%ADt-d%C3%B2ng-xe-ford-everest-s%E1%BA%A3n-xu%E1%BA%A5t-c%C3%A1c-n%C4%83m-t%E1%BB%AB-2004-2/943546607775828,page_or_user_post,"các vấn đề về giải nhiệt máy, rò rỉ nước làm mát đáng ...",... lỗi thường gặp như đứt dây curoa cam hãng khuyến nghị 150k km tuy ... HONDA CITY 量 · May be an image of hair product and text.,"site:facebook.com ""Honda City"" ""lỗi thường gặp""",2026-09-15 20:15:54
https://www.facebook.com/groups/1745269385693668/posts/4470315893188990,group_post,E lên đèn cảnh báo giao thông. Chớp và led. Sử dụng pin ...,Otovietnam.com ▻ Honda City - Hội những người đi xe Honda City. 1y ... Các lỗi thường gặp • 4. Khắc phục • 4.1. Lắp điện trở công suất ...,"site:facebook.com ""Honda City"" ""lỗi thường gặp""",2026-09-15 20:15:54
https://www.facebook.com/HengstVN/videos/-thay-th%E1%BA%BF-l%E1%BB%8Dc-gi%C3%B3-%C4%91%E1%BB%99ng-c%C6%A1-cho-xe-audi-a3-%C4%91%E1%BB%9Di-2014-b%E1%BB%99-ph%E1%BA%ADn-n%C3%A0y-%C4%91%C3%B3ng-vai-tr%C3%B2-nh%C6%B0-m/1731305163890635,video,Thay thế lọc gió động cơ cho xe Audi A3 đời 2014 Bộ phận ...,... Honda-City-Honda-CR-V-i. 547895885.11877734788?xptdk=9790b80 3-57ba ... TOP 4 LỖI THƯỜNG GẶP TRÊN AUDI SAU 10 VẠN KM Audi là dòng xe.,"site:facebook.com ""Honda City"" ""lỗi thường gặp""",2026-09-15 20:15:54
https://www.facebook.com/otolemanhtn/posts/c%C3%A1ch-ch%E1%BA%A9n-%C4%91o%C3%A1n-v%C3%A0-s%E1%BB%ADa-ch%E1%BB%AFa-khi-%C4%91i%E1%BB%81u-h%C3%B2a-%C3%B4-t%C3%B4-b%E1%BB%8B-h%E1%BB%8Fng-d%C6%B0%E1%BB%9Bi-%C4%91%C3%A2y-l%C3%A0-h%C6%B0%E1%BB%9Bng-d%E1%BA%ABn-c%C3%A1ch-/490362953128128,page_or_user_post,Cách chẩn đoán và sửa chữa khi điều hòa ô tô bị hỏng,"... lỗi thường gặp ở điều hòa ô tô ... Honda City CVT 2018 – Sedan Nhật số tự động, trẻ – bền – tiết kiệm – chỉ tầm ...","site:facebook.com ""Honda City"" ""lỗi thường gặp""",2026-09-15 20:15:54
https://www.facebook.com/61566620675322/videos/v%E1%BB%8F-xe-d%C3%B9ng-%C4%91%E1%BA%BFn-khi-n%C3%A0o-m%E1%BB%9Bi-b%E1%BB%8F-h%C6%B0%E1%BB%9Bng-d%E1%BA%ABn-%C4%91%E1%BB%8Dc-ch%E1%BB%89-s%E1%BB%91-m%C3%B2n-gai-l%C6%B0u-%C3%BD-%C3%A1p-su%E1%BA%A5t-b%C6%A1m-chu/2265587587287406,video,Hướng dẫn đọc chỉ số mòn gai & lưu ý áp suất bơm chuẩn,Chiếc Honda City trong video được đưa đến kiểm tra khi xuất hiện các vết nứt ... ⚠️ 21 LỖI THƯỜNG GẶP TRÊN LỐP XE – BẠN ĐÃ KIỂM TRA LỐP XE.,"site:facebook.com ""Honda City"" ""lỗi thường gặp""",2026-09-15 20:15:54
https://www.facebook.com/groups/HoiBacTaiThongMinh/posts/2972963096354716,group_post,Em đang định lắp quả Cam360 này cho con Honda City của em,Em đang định lắp quả Cam360 này cho con Honda City ... Em đang định lắp quả Cam360 này cho con Honda City của em Không biết có nên lắp k? ... 7 lỗi thường gặp và ...,"site:facebook.com ""Honda City"" ""lỗi thường gặp""",2026-09-15 20:15:54
https://www.facebook.com/groups/583641796650849/posts/1662413538773664,group_post,CẦN TÌM PHÒNG TRỌ ĐỊNH CÔNG THƯỢNG VSKK GIỜ ...,"Hiếu Thành Auto - Độ xe chuyên nghiệp ▻ Hội Honda City Việt Nam® (CityClubVN) ... Những Lỗi Thường Gặp ❌ Van SCV hỏng → xe rung, hụt ga, ...","site:facebook.com ""Honda City"" ""lỗi thường gặp""",2026-09-15 20:15:54
https://www.facebook.com/thegioiphuongtien.vn/posts/b%E1%BA%A3n-tin-th%E1%BA%BF-gi%E1%BB%9Bi-ph%C6%B0%C6%A1ng-ti%E1%BB%87n-ng%C3%A0y-05092026-tin-trong-n%C6%B0%E1%BB%9Bc-ph%C3%A2n-lo%E1%BA%A1i-c%C3%A1c-h%C3%A3ng-xe-/1699665845499154,page_or_user_post,BẢN TIN THẾ GIỚI PHƯƠNG TIỆN NGÀY 05/09/2026 -- ...,"... Honda City 2026 tại Malaysia: Sedan, hatchback và cả e:HEV (Thế giới ... lỗi thường gặp ở cửa cốp điện và cửa hậu ô tô (Công Luận) AN ...","site:facebook.com ""Honda City"" ""lỗi thường gặp""",2026-09-15 20:15:54
https://www.facebook.com/groups/gearupvn/posts/1529639418601187,group_post,"Xin chào Admin, xin chào các bác trong nhóm!","Xin chào Admin, xin chào các bác trong nhóm! Chuyện là em đang muốn đổi xe từ Honda City ... chi phí nuôi xe, bảo dưỡng có tốn ko ạ? 2. Xe ...","site:facebook.com ""Honda City"" ""chi phí nuôi xe bảo dưỡng""",2026-09-15 20:15:56
https://www.facebook.com/groups/1023069638660550/posts/1434898837477626,group_post,"ngày, cách tuần về mỹ tho thì mua vf3 ok ko ah, e ...","chi phí nuôi xe: bảo dưỡng, phí đường bộ cũng mất tầm vài triệu chứ ... Honda City hay VF5/VF6. Nhu cầu sử dụng:hàng ngày chồng đi làm ...","site:facebook.com ""Honda City"" ""chi phí nuôi xe bảo dưỡng""",2026-09-15 20:15:56
https://www.facebook.com/groups/gearupvn/posts/1521851419379987,group_post,[Hỏi đáp] Tư vấn bọc ghế da cho VF5 chạy dịch vụ,"... Honda City RS và sẽ nhận xe trong thời gian tới. Đây cũng là lần đầu ... chi phí nuôi xe, bảo dưỡng có tốn ko ạ? 2. Xe có hay bị lỗi ...","site:facebook.com ""Honda City"" ""chi phí nuôi xe bảo dưỡng""",2026-09-15 20:15:56
https://www.facebook.com/groups/gearupvn/posts/1163112671920532,group_post,Chào ae Gearup Em có tài chính 500tr đang phân vân xe ...,Tiêu chí của em là không gian đủ dùng cho 4 người + chi phí nuôi xe bảo dưỡng rẻ do nhà thu nhập cũng không cao. ... Honda city mà vã bác ạ.,"site:facebook.com ""Honda City"" ""chi phí nuôi xe bảo dưỡng""",2026-09-15 20:15:56
https://www.facebook.com/groups/gearupvn/posts/1459843238914139,group_post,Everest cùng với bộ Loa B&O đã được tinh chỉnh một chút ở ...,"Hiện e đang chạy Honda city và đang có ý định lên đời, quá hài ... chi phí nuôi xe, bảo dưỡng có tốn ko ạ? 2. Xe có hay bị lỗi thước ...","site:facebook.com ""Honda City"" ""chi phí nuôi xe bảo dưỡng""",2026-09-15 20:15:56
https://www.facebook.com/groups/gearupvn/posts/1108694514029015,group_post,VF6 high performance là đây??😂,"... chi phí nuôi xe, bảo dưỡng có tốn ko ạ? 2. Xe có hay bị lỗi thước ... NayTr26󰞋1d󰞋󱟠. 󳄫. Các bác tư vấn giúp e Honda City hay Geely Coolray mới ...","site:facebook.com ""Honda City"" ""chi phí nuôi xe bảo dưỡng""",2026-09-15 20:15:56
https://www.facebook.com/groups/gearupvn/posts/1428885152009948,group_post,Hàng con hàng cháu đứng cạnh cụ 🫡,"Honda City, tất nhiên là thời trước, nhưng bản ""nước lạ"" nhìn nó ... chi phí nuôi xe, bảo dưỡng có tốn ko ạ? 2. Xe có hay bị lỗi thước ...","site:facebook.com ""Honda City"" ""chi phí nuôi xe bảo dưỡng""",2026-09-15 20:15:56
https://www.facebook.com/groups/gearupvn/posts/1352982722933525,group_post,"Chia ra tốc trung bình độ 31 kmph, gọi là đi hỗn hợp 2/3 đô thị ...","Các bác tư vấn giúp e Honda City hay Geely Coolray mới ạ? Đang ... chi phí nuôi xe, bảo dưỡng có tốn ko ạ? 2. Xe có hay bị lỗi thước ...","site:facebook.com ""Honda City"" ""chi phí nuôi xe bảo dưỡng""",2026-09-15 20:15:56
https://www.facebook.com/groups/gearupvn/posts/1530012311897231,group_post,"Chào các anh/chị trong group, Em vừa cọc Honda City RS ...","Kiểm tra các gioăng cao su kính và cửa, nổ máy nghe thử tiếng động cơ đều không, quan sát 1 lượt xem có bất thường gì về sơn, xem trước mấy ...","site:facebook.com ""Honda City"" ""khen chê chia sẻ kinh nghiệm""",2026-09-15 20:17:27
https://www.facebook.com/groups/431401395145676/posts/1496612808624524,group_post,"Chào các anh/chị trong group, Em vừa cọc Honda City RS ...","Đây cũng là lần đầu gia đình em mua ô tô nên vừa háo hức vừa có khá nhiều điều chưa biết, mong được các anh/chị đi trước chia sẻ kinh nghiệm ạ.","site:facebook.com ""Honda City"" ""khen chê chia sẻ kinh nghiệm""",2026-09-15 20:17:27
https://www.facebook.com/groups/gearupvn/posts/517241933174279,group_post,Thời điểm này có nên mua Honda City RS không các bác nhỉ,Thời điểm này có nên mua Honda City RS không các bác nhỉ ? Tiện đây có bác nào đang sử dụng chia sẻ trải nghiệm giúp em với ạ.,"site:facebook.com ""Honda City"" ""khen chê chia sẻ kinh nghiệm""",2026-09-15 20:17:27
https://www.facebook.com/legiahuy08/videos/honda-city-kh%C3%B4ng-ti%E1%BA%BFt-ki%E1%BB%87m-x%C4%83ng-nh%C6%B0-c%C3%B4ng-b%E1%BB%91-v%C3%A0-c%C3%A1ch-%C3%A2m-r%E1%BA%A5t-t%E1%BB%87/3351386751756579,video,Honda City không tiết kiệm xăng như công bố và cách âm rất ...,Hộp số cvt tăng tốc tua đẩy lên cao rất ồn. Kinh nghiệm rút ra : Khi bạn muốn tìm hiểu cái gì đó thì nên tham khảo và cộng thêm trải nghiệm thực ...,"site:facebook.com ""Honda City"" ""khen chê chia sẻ kinh nghiệm""",2026-09-15 20:17:27
https://www.facebook.com/groups/gearupvn/posts/1525943658970763,group_post,Honda city đang có khuyến mại. Em xin ý kiến các bác đã ...,"Nếu nhu cầu đi lại nhẹ nhàng thì nên nhé, ở tp đường bằng phẳng gầm thấp tiết kiệm hơn 100tr không ít. Và chi phí vận hành thi city sẽ thấp hơn.","site:facebook.com ""Honda City"" ""khen chê chia sẻ kinh nghiệm""",2026-09-15 20:17:27
https://www.facebook.com/groups/gearupvn/posts/1384403996458064,group_post,"Xin chào các cụ. Gia đình đang đi CityRS Sensing, thấy không ...","Honda là hãng xe nhật duy nhất đến hiện tại e đánh giá là còn giữ đc cái nét Nhật Bản, xe cứng cáp, chắc chắn, toyota bây giờ mua thì bác mua từ ...","site:facebook.com ""Honda City"" ""khen chê chia sẻ kinh nghiệm""",2026-09-15 20:17:27
https://www.facebook.com/autoprovn/videos/l%C4%83n-b%C3%A1nh-400-700-tri%E1%BB%87u-ch%E1%BB%8Dn-mg5-mt-mazda2-city-v%C3%A0-xforce/933584922053273,video,"Lăn bánh 400-700 triệu, chọn MG5 MT, Mazda2, City và ...",Đây là thì lại hoàn toàn khác. Là một con xe giá tương đối ổn. Và nó chỉ đơn thuần tôi thấy là mọi người chê là cái vỏ nó mỏng thôi nhưng mà với ...,"site:facebook.com ""Honda City"" ""khen chê chia sẻ kinh nghiệm""",2026-09-15 20:17:27
https://www.facebook.com/groups/aemexe/posts/3740959676058941,group_post,Mình đang phân vân city rs và vios G. Các cao nhân có ...,Nếu b thích cầm lái thì City rs thẳng tiến. Máy 1.5l của Honda nó bốc hơn hẳn tăng tốc mượt mà lái trg phố hay cao tốc đều cực sướng.,"site:facebook.com ""Honda City"" ""khen chê chia sẻ kinh nghiệm""",2026-09-15 20:17:27
https://www.facebook.com/groups/431401395145676/posts/1291814205771053,group_post,Em tài chính yếu nên mua city bản L hay RS ạ ? Mục đích ...,Em tài chính yếu nên mua city bản L hay RS ạ ? Mục đích sử dụng lâu dài ạ. Mỗi ngày đi khoảng 30-40km đường tỉnh.,"site:facebook.com ""Honda City"" ""khen chê chia sẻ kinh nghiệm""",2026-09-15 20:17:27
https://www.facebook.com/hungdangkhoa/posts/honda-civic-2022-x%E1%BB%A9ng-%C4%91%C3%A1ng-c%C3%B3-1-su%E1%BA%A5t-%C4%91%E1%BB%81-c%E1%BB%AD-cho-danh-hi%E1%BB%87u-xe-cho-ng%C6%B0%E1%BB%9Di-l%C3%A1i-best-d/5852433988106538,page_or_user_post,Honda Civic 2022 xứng đáng có 1 suất đề cử cho danh ...,Nguyen Hung Dang Khoa Kia k3 turbo 0 - 100 6.6 giây nè em https ... Đánh giá ưu nhược điểm Honda Civic 2022 - Sedan thể thao nhất. 4y.,"site:facebook.com ""Kia K3"" ""đánh giá ưu nhược điểm""",2026-09-15 20:17:47
https://www.facebook.com/groups/Grouptinhte/posts/4122065034584077,group_post,TERABOX Vô tình mình xem quảng cáo thấy bảo app cài vào,Anh em dùng rồi có đánh giá ưu nhược điểm gì không? Nguyễn Tiến and ... kia k3 ạ · Phong. 1. 1. Group ...,"site:facebook.com ""Kia K3"" ""đánh giá ưu nhược điểm""",2026-09-15 20:17:47
https://www.facebook.com/kiabariavungtau.vn/videos/tr%E1%BA%A3-tr%C6%B0%E1%BB%9Bc-ch%E1%BB%89-20-nh%E1%BA%ADn-xe-ngay/1006530158097303,video,THÁNG 8 KIA K3 ƯU ĐÃI LÊN ĐẾN 50 TRIỆU (* ...,⚡ Hỗ trợ trả sau đến 80% - thủ tục đơn giản ⚡ Trải nghiệm thực tế - đăng ký miễn phí ⚡ Xe có sẵn – giao ngay. Kia K3 được trang bị đầy đủ ...,"site:facebook.com ""Kia K3"" ""trải nghiệm thực tế""",2026-09-15 20:17:49
https://www.facebook.com/kiagiaiphong.vn/videos/kia-k3-tr%E1%BA%A3-tr%C6%B0%E1%BB%9Bc-20-s%E1%BB%9F-h%E1%BB%AFu-xe-ngay/1177187127442317,video,KIA K3 ƯU ĐÃI LÊN ĐẾN 25 TRIỆU – SỞ HỮU MẪU C ...,KIA K3 ƯU ĐÃI LÊN ĐẾN 25 TRIỆU – SỞ HỮU MẪU C-SEDAN GIÁ TỐT ... ☘ Trải nghiệm thực tế - đăng ký miễn phí. Kia K3 giá tốt nhất phân ...,"site:facebook.com ""Kia K3"" ""trải nghiệm thực tế""",2026-09-15 20:17:49
https://www.facebook.com/kiadanang.vn/posts/kh%E1%BB%9Fi-%C4%91%E1%BB%99ng-m%C3%B9a-h%C3%A8-c%C3%B9ng-kia-k3-chu%E1%BA%A9n-sedan-ph%C3%B9-h%E1%BB%A3p-v%E1%BB%9Bi-ng%C6%B0%E1%BB%9Di-tr%E1%BA%BB-hi%E1%BB%87n-%C4%91%E1%BA%A1i-nh%E1%BA%ADn-%C6%B0u-/1009470371341001,page_or_user_post,KHỞI ĐỘNG MÙA HÈ CÙNG KIA K3 – CHUẨN SEDAN ...,KHỞI ĐỘNG MÙA HÈ CÙNG KIA K3 – CHUẨN SEDAN PHÙ HỢP VỚI NGƯỜI TRẺ HIỆN ĐẠI ... trải nghiệm thực tế và nhận ưu đãi giới hạn trong tháng 5 ...,"site:facebook.com ""Kia K3"" ""trải nghiệm thực tế""",2026-09-15 20:17:49
https://www.facebook.com/otoluotbinhduong/videos/chi%E1%BA%BFc-xe-%C4%91%E1%BB%9Di-cao-option-nhi%E1%BB%81u-nh%C6%B0ng-odo-ch%E1%BB%89-7100-km-kia-k3-luxury-2025-%C4%91%E1%BB%99-m%E1%BB%9Bi-g%E1%BA%A7/2155000721750367,video,"Chiếc xe đời cao, option nhiều nhưng ODO chỉ 7.100 km","... KIA K3 Luxury 2025, độ mới gần như còn nguyên. Xem hết video để cảm ... Khi trải nghiệm thực tế xe cho cảm giác vô lăng rất là nhẹ, dễ ...","site:facebook.com ""Kia K3"" ""trải nghiệm thực tế""",2026-09-15 20:17:49
https://www.facebook.com/kiaquangngai.vn/videos/li%C3%AAn-h%E1%BB%87-nh%E1%BA%ADn-b%C3%A1o-gi%C3%A1-mi%E1%BB%85n-ph%C3%AD/1112672153995870,video,đăng ký miễn phí. Kia K3 | Kia Quảng Ngãi,☘ Trải nghiệm thực tế - đăng ký miễn phí. Kia K3 giá tốt nhất phân khúc với thiết kế nhằm tối ưu sự tiện nghi và cảm giác thoải mái cho ...,"site:facebook.com ""Kia K3"" ""trải nghiệm thực tế""",2026-09-15 20:17:49
https://www.facebook.com/groups/189032072484816/posts/1963510448370294,group_post,"Chào các bạn, lần đầu mình đi Hà Giang, xuất phát ở ...","Chào các bạn, lần đầu mình đi Hà Giang, xuất phát ở Hà Nội, dự tính đi bằng ô tô Kia K3 lên thẳng trên đó Bạn nào đi ô tô cho xin chút kinh ...","site:facebook.com ""Kia K3"" ""trải nghiệm thực tế""",2026-09-15 20:17:49
https://www.facebook.com/groups/aemexe/posts/3632529990235244,group_post,Luxury 2.0 thêm trang bị: 579TR * GT Line máy 1.6 ...,... Kia K3 hiện thấy chỉ chào 2 bản: * Luxury 2.0 thêm trang bị: 579TR ... trải nghiệm thực tế 1 vòng thì xin mạn phép chém thế này Nếu so ...,"site:facebook.com ""Kia K3"" ""trải nghiệm thực tế""",2026-09-15 20:17:49
https://www.facebook.com/kiadaklak/videos/tr%E1%BA%A3-tr%C6%B0%E1%BB%9Bc-ch%E1%BB%89-20-nh%E1%BA%ADn-xe-ngay/683974181102895,video,☀️ RƯỚC KIA K3 ĐÓN HÈ VỚI ƯU ĐÃI LÊN ĐẾN ...,... Trải nghiệm thực tế - đăng ký miễn phí. ▪️ Xe có sẵn – giao ngay. Thư giản và tận hưởng trọn vẹn mọi chuyến đi cùng Kia K3. - Cốp sau mở ...,"site:facebook.com ""Kia K3"" ""trải nghiệm thực tế""",2026-09-15 20:17:49
https://www.facebook.com/kiadaklak/posts/-%F0%9D%90%8A%F0%9D%90%88%F0%9D%90%80-%F0%9D%90%8A%F0%9D%9F%91-%F0%9D%90%8A%F0%9D%90%88%F0%9D%90%80-%F0%9D%90%8A%F0%9D%9F%93-ch%E1%BA%A5t-ri%C3%AAng-d%E1%BA%ABn-l%E1%BB%91i-phong-c%C3%A1ch-gi%E1%BB%AFa-l%C3%B2ng-th%C3%A0nh-ph%E1%BB%91-hi%E1%BB%87n-%C4%91%E1%BA%A1i-hai-m%E1%BA%AB/1304709231670084,page_or_user_post,𝐊𝐈𝐀 𝐊𝟑 & 𝐊𝐈𝐀 𝐊𝟓 – CHẤT RIÊNG DẪN LỐI PHONG CÁCH 🚗 ...,KIA K3 & KIA K5 – CHẤT RIÊNG DẪN LỐI ... KIA K3 & KIA K5 – CHẤT RIÊNG DẪN ... trải nghiệm thực tế và nhận ưu đãi hấp dẫn trong ...,"site:facebook.com ""Kia K3"" ""trải nghiệm thực tế""",2026-09-15 20:17:49
https://www.facebook.com/kiadanang.vn/posts/kia-k3-cu%E1%BB%91n-h%C3%BAt-v%E1%BB%9Bi-h%E1%BB%87-th%E1%BB%91ng-%C4%91%C3%A8n-led-thi%E1%BA%BFt-k%E1%BA%BF-%C4%91%E1%BB%99c-%C4%91%C3%A1oh%E1%BB%87-th%E1%BB%91ng-c%E1%BB%A5m-%C4%91%C3%A8n-led-hi%E1%BB%87n-%C4%91/3149458015384150,page_or_user_post,KIA K3 – CUỐN HÚT VỚI HỆ THỐNG ĐÈN LED THIẾT KẾ ...,KIA K3 – CUỐN HÚT VỚI HỆ THỐNG ĐÈN LED THIẾT KẾ ĐỘC ĐÁO Hệ ... trải nghiệm thực tế tại sự kiện đặc biệt này! ✨ THÔNG TIN CHƯƠNG ...,"site:facebook.com ""Kia K3"" ""trải nghiệm thực tế""",2026-09-15 20:18:53
https://www.facebook.com/kiadaklak/videos/-kia-k5-m%E1%BB%9Bi-chu%E1%BA%A9n-sedan-th%E1%BB%83-thao-kh%E1%BA%B3ng-%C4%91%E1%BB%8Bnh-%C4%91%E1%BA%B3ng-c%E1%BA%A5p-kia-k5-m%E1%BB%9Bi-n%E1%BB%95i-b%E1%BA%ADt-v%E1%BB%9Bi-thi%E1%BA%BF/27447429161540434,video,"✨ KIA K5 Mới – Chuẩn Sedan Thể Thao, Khẳng Định Đẳng Cấp ...",Hãy đến trải nghiệm thực tế và cảm nhận sức hút ... Hãy đến trải nghiệm thực tế và cảm nhận sức hút ... KIA K3 - Mau sedan hang C ...,"site:facebook.com ""Kia K3"" ""trải nghiệm thực tế""",2026-09-15 20:18:53
https://www.facebook.com/kiabinhdinh.vn/posts/c%C6%A1-h%E1%BB%99i-cu%E1%BB%91i-c%C3%B9ng-%C4%91%C6%B0%E1%BB%A3c-gi%E1%BA%A3m-thu%E1%BA%BF-tr%C6%B0%E1%BB%9Bc-b%E1%BA%A1-t%E1%BB%AB-ch%C3%ADnh-ph%E1%BB%A7kia-k3-kh%E1%BA%B3ng-%C4%91%E1%BB%8Bnh-d%E1%BA%A5u-%E1%BA%A5n-n%C3%A2/1060904896047254,page_or_user_post,Kia Quy Nhơn,"... KIA K3 | KHẲNG ĐỊNH DẤU ẤN, NÂNG TẦM CÁ TÍNH Với những tính năng nổi ... trải nghiệm thực tế ngay hôm nay! #KiaVietnam #KiaQuyNhon ...","site:facebook.com ""Kia K3"" ""trải nghiệm thực tế""",2026-09-15 20:18:53
https://www.facebook.com/groups/1628085221296561/posts/2331811160923960,group_post,"K3 có dáng sedan khá cân đối, phần ngoại hình nhìn thể ...","247Auto Retrofit ▻ Hội Kia K3, K5, Optima Việt Nam® (KiaClubVN) ... Trải nghiệm thực tế ở Việt Nam: lạ và là XE TÀU. Vấn đề đầu tiên: vì ...","site:facebook.com ""Kia K3"" ""trải nghiệm thực tế""",2026-09-15 20:18:53
https://www.facebook.com/namanh0798154268/posts/kia-k3-16-premium-2022-%C4%91%E1%BA%B9p-qu%C3%A1-ace-%C6%A1i-autonamanh-xecugiare-hot-k3-k32022/1467911898460937,page_or_user_post,Kia K3 1.6 premium 2022 đẹp quá ace ơi #autonamanh ...,Kia K3 1.6 premium 2022 đẹp quá ace ơi #autonamanh # ... trải nghiệm thực tế luôn tại địa chỉ An Lão Hải Phòng. À riêng bên ...,"site:facebook.com ""Kia K3"" ""trải nghiệm thực tế""",2026-09-15 20:18:53
https://www.facebook.com/groups/aemexe/posts/3487332428088335,group_post,"Nhờ các bác tư vấn, em có khoảng 450-600tr, đang phân ...","... Kia K3 thì nên chọn em nào ạ, nhu cầu gia đình khoảng 4-5 người ... Cảm ơn bác đã cho lời khuyên từ trải nghiệm thực tế ạ :D e ng mới ...","site:facebook.com ""Kia K3"" ""trải nghiệm thực tế""",2026-09-15 20:18:53
https://www.facebook.com/kiamotornguyentatthanh/posts/thaco-auto-hu%E1%BA%BF-gi%E1%BB%9Bi-thi%E1%BB%87u-%C4%91%E1%BB%8Ba-%C4%91i%E1%BB%83m-tr%C6%B0ng-b%C3%A0y-b%C3%A1n-h%C3%A0ng-xe-kia-t%E1%BA%A1i-showroom-h%C6%B0%C6%A1ng-/758233443753229,page_or_user_post,THACO AUTO HUẾ||| GIỚI THIỆU ĐỊA ĐIỂM TRƯNG BÀY ...,"... trải nghiệm thực tế các dòng xe mới, tiếp cận ưu đãi hấp dẫn với ... KIA K3 Tạm biệt những lựa chọn quen thuộc để tận hưởng không gian ...","site:facebook.com ""Kia K3"" ""trải nghiệm thực tế""",2026-09-15 20:18:53
https://www.facebook.com/kiamotorhanam/posts/showroom-kia-h%C3%A0-nam-h%C3%A2n-h%E1%BA%A1nh-%C4%91%C3%B3n-ti%E1%BA%BFp-qu%C3%BD-kh%C3%A1ch-tham-d%E1%BB%B1-s%E1%BB%B1-ki%E1%BB%87n-l%C3%A1i-th%E1%BB%AD-tr%E1%BA%A3i-ngh/537561315047088,page_or_user_post,"Showroom KIA Hà Nam, Khu TMDV4, P Thanh Châu ...",Hằng Hằng Trần Kính mời chị qua showroom vào thứ 7 tuần này đế trải nghiệm thực tế các dòng xe Kia thế hệ mới ạ. Kia Hà Nam rất hân hạnh ...,"site:facebook.com ""Kia K3"" ""trải nghiệm thực tế""",2026-09-15 20:18:53
https://www.facebook.com/mr.longzane/videos/nay-thi%E1%BA%BFu-xe-qu%C3%A1-n%C3%AAn-em-%C4%91i-b%C3%A1n-h%E1%BB%99-kia-k3-premium-2024-ch%E1%BA%A1y-5-v%E1%BA%A1n-2l%C4%91t-kiak3/907590368739565,video,Nay thiếu xe quá nên em đi bán hộ Kia k3 premium 2024 ...,Hàng mới mua Kia K3 1.6 Premium Sản xuất 2023 Lướt 50.000 km Giá tham khảo : 5xx triệu ( Bank 60% ) ☎️ 0985.595.888 - 0823.599.888 - in Móng ...,"site:facebook.com ""Kia K3"" ""trải nghiệm thực tế""",2026-09-15 20:18:53
https://www.facebook.com/suaotoVNCAR/videos/kia-morning-%C4%91%E1%BB%81-kh%C3%B4ng-n%E1%BB%95-%C4%91%C3%A2y-l%C3%A0-nguy%C3%AAn-nh%C3%A2n-v%C3%A0-3-c%C3%A1ch-kh%E1%BA%AFc-ph%E1%BB%A5c-nhi%E1%BB%81u-b%C3%A1c-%C4%91i-kia-/1666773211082081,video,Kia Morning đề không nổ Đây là nguyên nhân và 3 cách khắc ...,"Lỗi thường gặp trên xe Kia Morning mùi xăng rất nhiều tr... May 25, 2026 · 1.2K views. ❄️ XE KIA K3 MẤT LẠNH, Gió Thổi Bùn Sương? – ... ❄️ XE ...","site:facebook.com ""Kia K3"" ""lỗi thường gặp""",2026-09-15 20:18:56
https://www.facebook.com/nameto.hl/videos/s%E1%BA%A1ch-l%C3%A0-m%E1%BB%99t-y%E1%BA%BFu-t%E1%BB%91%C4%91u%E1%BB%95i-chu%E1%BB%99t-v%C3%A0-c%C5%A9ng-h%E1%BA%A1n-ch%E1%BA%BF-m%C3%B9i-h%C3%B4i-v%C3%A0o-xekia-k3-xuhuongreels-v/1573992054143709,video,"sạch là một yếu tố,đuổi chuột và cũng hạn chế mùi hôi vào xe ...","... là một yếu tố,đuổi chuột và cũng hạn chế mùi hôi vào xe,Kia K3 #xuhuongreels #viralvideo #Kia #KiaK3. ... Lỗi thường gặp trên xe Kia Morning mùi xăng rất ... Kia K3 ...","site:facebook.com ""Kia K3"" ""lỗi thường gặp""",2026-09-15 20:18:56
https://www.facebook.com/nguyenotobacgiang/videos/ch%E1%BB%A7-xe-kia-k2700-kh%C3%B3c-r%C3%B2ng-v%C3%AC-%C4%91i%E1%BB%81u-h%C3%B2a-%C4%91%C3%A2y-l%C3%A0-l%C3%BD-do-nguy%C3%AAn-%C3%B4t%C3%B4/1478414519978370,video,Chủ xe Kia K2700 KHÓC RÒNG vì điều hòa – Đây là lý do ...,"Trong video này, chúng tôi sẽ chỉ ra những lỗi thường gặp nhất ... Kia K3 túi khí bền kinh khủng khiếp anh em nhé #ba... May 9 ...","site:facebook.com ""Kia K3"" ""lỗi thường gặp""",2026-09-15 20:18:56
https://www.facebook.com/nguyenotobacgiang/videos/b%E1%BA%ADt-m%C3%AD-quy-tr%C3%ACnh-s%E1%BB%ADa-ch%E1%BB%AFa-b%E1%BA%A3o-d%C6%B0%E1%BB%A1ng-%C4%91i%E1%BB%81u-h%C3%B2a-kia-morning-chu%E1%BA%A9n-x%C6%B0%E1%BB%9Fng-nguy%C3%AAn-%C3%B4-t%C3%B4/1233304058774189,video,Bật mí quy trình sửa chữa & bảo dưỡng điều hòa Kia Morning ...,"❄️ XE KIA K3 MẤT LẠNH, Gió Thổi Bùn Sương? – THAY LỐC ĐIỀU. 00:17 ... Lỗi thường gặp trên xe Kia Morning mùi xăng rất nhiều trong xe ...","site:facebook.com ""Kia K3"" ""lỗi thường gặp""",2026-09-15 20:18:56
https://www.facebook.com/garaminhky/videos/%EF%B8%8F-thay-d%C3%A0n-l%E1%BA%A1nh-%C3%B4-t%C3%B4-kia-morning-m%C3%A1t-l%E1%BA%A1nh-t%E1%BB%A9c-th%C3%AC-tri%E1%BB%87u-ch%E1%BB%A9ng-ch%E1%BB%A7-xe-b%E1%BA%ADt-%C4%91i%E1%BB%81u-h%C3%B2/848142144144924,video,THAY DÀN LẠNH Ô TÔ KIA MORNING - MÁT LẠNH TỨC ...,"Lỗi thường gặp trên xe Kia Morning mùi xăng rất nhiều trong xe ... ❄️ XE KIA K3 MẤT LẠNH, Gió Thổi Bùn Sương? – THAY LỐC ĐIỀU. 00:17 ...","site:facebook.com ""Kia K3"" ""lỗi thường gặp""",2026-09-15 20:18:56
https://www.facebook.com/SuachuaotoMyDinh/videos/b%E1%BA%A3o-d%C6%B0%E1%BB%A1ng-chuy%C3%AAn-s%C3%A2u-kia-k250-kia/1379785007013502,video,Bảo dưỡng chuyên sâu KIA k250 #Kia | Trung Tâm sửa chữa ...,"Xử lý điều hoà Kia K3 2022 không mát. 00:23. Xử lý điều hoà Kia K3 ... ⛔️ lỗi thường gặp lắp má sau,kia ,huynh dai #... Apr 5 ...","site:facebook.com ""Kia K3"" ""lỗi thường gặp""",2026-09-15 20:18:56
https://www.facebook.com/PhongDoAuto/posts/m%E1%BB%99t-b%E1%BA%A3n-n%C3%A2ng-c%E1%BA%A5p-c%E1%BB%B1c-k%E1%BB%B3-ch%E1%BA%A5t-l%C6%B0%E1%BB%A3ng-cho-kia-k3-t%E1%BA%A1i-phong-%C4%91%E1%BB%99-auto-%EF%B8%8Fd%C6%B0%E1%BB%9Bi-%C4%91%C3%A2y-l%C3%A0-chi/914724094633386,page_or_user_post,Một bản nâng cấp cực kỳ chất lượng cho Kia K3 tại Phong ...,... Kia K3 không chỉ đẹp mà còn cực kỳ thông minh và an toàn. 🛡️ ... lỗi thường gặp trong quá trình thi công - Quy trình kiểm tra chất ...,"site:facebook.com ""Kia K3"" ""lỗi thường gặp""",2026-09-15 20:18:56
https://www.facebook.com/trongnhan6789/videos/d%C6%B0%E1%BB%A1ng-bi-g%E1%BA%A7m-kia-morning/845017957351263,video,Morning đời cũ đèn dài giờ đây muốn độ bi gầm thật đơn giản ...,Lỗi thường gặp trên xe Kia Morning mùi xăng rất nhiều trong xe ... #kia #k3 #cerato #morning. 00:45. #kia #k3 #cerato #morning. Jul 13 ...,"site:facebook.com ""Kia K3"" ""lỗi thường gặp""",2026-09-15 20:18:56
https://www.facebook.com/nguyenotobacgiang/videos/%C4%91i%E1%BB%81u-h%C3%B2a-kia-morning-m%C3%A1t-y%E1%BA%BFu-%C4%91%E1%BB%ABng-v%E1%BB%99i-thay-l%E1%BB%91c-%C4%91%C3%A2y-m%E1%BB%9Bi-l%C3%A0-nguy%C3%AAn-nh%C3%A2n-khi%E1%BA%BFn-b%E1%BA%A1n-/1275103567644421,video,"Điều hòa Kia Morning mát yếu, đừng vội thay lốc – Đây mới là ...","Trong video này, chúng tôi sẽ chỉ ra những lỗi thường gặp nhất ... Kia K3 2015 – Thổi gioăng mặt máy vì chủ quan với nhiệt độ nước ...","site:facebook.com ""Kia K3"" ""lỗi thường gặp""",2026-09-15 20:18:56
https://www.facebook.com/groups/419523181839328/posts/2609069282884696,group_post,An Tường Tuyên quang em cần tìm thợ đấu điện ạ,"✓ Xử lý triệt để các lỗi thường gặp: • Cửa kẹt, lên xuống không đều ... E BÁN HOẶC ĐỔI CÁC BÙ TRỪ 4-7 chỗ KIA K3 1.6 sx 2016 số tự ...","site:facebook.com ""Kia K3"" ""lỗi thường gặp""",2026-09-15 20:19:50
https://www.facebook.com/groups/1863982170525539/posts/3396186350638439,group_post,"## Lỗi thường gặp của hộp số: Ford Eco Sport, Fiesta, . . . ...","Lỗi thường gặp của hộp số: Ford Eco Sport, Fiesta, . . . sử dụng ... 22:35 13/9 Kia K3 1.6AT Luxury 2025 Đki tên tư nhân 1 chủ từ mới ...","site:facebook.com ""Kia K3"" ""lỗi thường gặp""",2026-09-15 20:19:50
https://www.facebook.com/VinasunTaxiOfficial/posts/gia-nh%E1%BA%ADp-vinasun-taxitham-gia-ng%C3%A0y-h%E1%BB%99i-tuy%E1%BB%83n-d%E1%BB%A5ng-16102024m%C3%B9a-noel-v%C3%A0-d%E1%BB%8Bp-t%E1%BA%BFt-%C4%91a/885264757061575,page_or_user_post,GIA NHẬP VINASUN TAXI THAM GIA NGÀY HỘI TUYỂN ...,Cùng Vinasun điểm qua 5 lỗi thường gặp để chủ động hơn trên mỗi hành trình. ... Kia K3 • Toyota Cross • Mec GLA • Mec C200 • Mazda CX5 ‍ ...,"site:facebook.com ""Kia K3"" ""lỗi thường gặp""",2026-09-15 20:19:50
https://www.facebook.com/groups/SONETClubVN/posts/1143921339919079,group_post,"HUD BÁ.O Km TRÊN KÍNH LÁI Báo Km, Vòng tua máy,Nhiệt ...","Nguyễn Đức Toàn ▻ Hội Kia K3, K5 Việt Nam™ (KiaClubVN). 24w · Public ... Giới thiệu tổng quan • 2. Nguyên nhân • 3. Các lỗi thường gặp • 4.","site:facebook.com ""Kia K3"" ""lỗi thường gặp""",2026-09-15 20:19:50
https://www.facebook.com/groups/1196860298166915/posts/1794727925046813,group_post,""" Sạc FOXSUR 12V 7A 4AH-140AH 1.Cách sử dụng:","... lỗi thường gặp và cách khắc phục: - Lỗi Quạt ... Một số lỗi thường gặp và cách khắc phục: - Lỗi Quạt ... #Kia K3, #Mazda 3, #Altis, #Elantra, #Civic ...","site:facebook.com ""Kia K3"" ""lỗi thường gặp""",2026-09-15 20:19:50
https://www.facebook.com/61583249549131/videos/kh%C3%A1ch-mang-xe-%C4%91%E1%BA%BFn-t%E1%BA%ADn-nh%C3%A0-nh%E1%BB%9D-check-dichvucheckxe-checkxehaiduong-checkxeoto/1480087763594568,video,Khách mang xe đến tận nhà nhờ check #dichvucheckxe ...,✓ Khắc phục nhanh các lỗi thường gặp. Đừng để những lỗi nhỏ ... Check xe kia K3 Cho Anh Hàng xóm #dichvucheckxe #checkxehaiduong. 03 ...,"site:facebook.com ""Kia K3"" ""lỗi thường gặp""",2026-09-15 20:19:50
https://www.facebook.com/groups/210035866955903/posts/1530919791534164,group_post,Chia khóa điều khiển zin thì khoảng cách đk được bao ...,"Dương Quang ▻ CHIA SẺ XỬ LÝ LỖI THƯỜNG GẶP TRÊN DOOSAN DX140 DX55 ... E có chiếc kia k3 đời 2015 số AT ,tình trạng xe ,để mở đc cốp sau ...","site:facebook.com ""Kia K3"" ""lỗi thường gặp""",2026-09-15 20:19:50
https://www.facebook.com/suaxeluudongdanang247/posts/%EF%B8%8F-xe-h%C6%B0-gi%E1%BB%AFa-%C4%91%C6%B0%E1%BB%9Dng-%C4%91%E1%BB%ABng-d%E1%BA%AFt-b%E1%BB%99-g%E1%BB%8Di-th%E1%BB%A3-s%E1%BB%ADa-xe-l%C6%B0u-%C4%91%E1%BB%99ng-%C4%91%C3%A0-n%E1%BA%B5ng-t%E1%BB%9Bi-li%E1%BB%81nb%E1%BA%A1n-c%C3%B3-bi/122269286774017432,page_or_user_post,GỌI THỢ SỬA XE LƯU ĐỘNG ĐÀ NẴNG,"... lỗi thường gặp. Đội ngũ kỹ thuật viên giàu kinh nghiệm, phục vụ tận ... Hội những người yêu xe kia k3 Đà Nẵng. 󱙶. Follow. Mua Bán Trao ...","site:facebook.com ""Kia K3"" ""lỗi thường gặp""",2026-09-15 20:19:50
https://www.facebook.com/groups/xefordxegiatot24h/posts/1807510100674303,group_post,𝐏𝐚𝐬𝐬𝐢𝐨𝐓𝐮𝐧𝐢𝐧𝐠 với ống xả PST cho 𝐅𝐨𝐫𝐝 𝐑𝐚𝐧𝐠𝐞𝐫 ...,"... Kia K3 2022... có hệ thống cảm biến như Cảm biến áp suất lốp (TPMS), hay các van như van SCV hay van thông áp PCV. Việc thay thế van mới có ...","site:facebook.com ""Kia K3"" ""lỗi thường gặp""",2026-09-15 20:19:50
https://www.facebook.com/groups/vietnam84/posts/1715310922902867,group_post,🇻🇳🇵🇭 LISA DONG – DTCAR 🚗✨ “CON GÁI RƯỢU” – UY ...,"... KIA K3 NEW 2023 bản LUXURY: 900K/ Ngày Mazda 3 2023 bản LUXURY ... lỗi thường gặp trên máy tính phổ thông ✓ Hoạt động bền bỉ, ổn định ...","site:facebook.com ""Kia K3"" ""lỗi thường gặp""",2026-09-15 20:19:50
https://www.facebook.com/groups/gearupvn/posts/1463302568568206,group_post,"Nhờ cả nhà tư vấn giúp em ạ: Tài chính ~550tr, xe gia đình ...","Chia sẻ vài cảm nhận cá nhân sau khi dùng cả hai, hoàn toàn theo góc nhìn người sử dụng chứ không so thông số.","site:facebook.com ""Kia K3"" ""khen chê chia sẻ kinh nghiệm""",2026-09-15 20:19:59
https://www.facebook.com/groups/vinfastvf6vietnam/posts/923209287444393,group_post,E đang phân vân 2 option - kia k3 - vf6 Nhu cầu dịch vụ ...,"Em mới lấy 6plus 20 ngày. Chạy đk 1100km. Thì e thấy thế này. Mua xe là cho mình. Mình thấy phù hợp nhu cầu di chuyển, chi phí sử dụng là được.","site:facebook.com ""Kia K3"" ""khen chê chia sẻ kinh nghiệm""",2026-09-15 20:19:59
https://www.facebook.com/groups/431401395145676/posts/1075264180759391,group_post,"Chào các bác, em đang phân vân hai con xe HONDA CITY ...","Chào các bác, em đang phân vân hai con xe HONDA CITY RS và KIA K3 1.6AT, giá hai con cũng không chênh nhau quá nhiều. Ưu nhược điểm hai con em ...","site:facebook.com ""Kia K3"" ""khen chê chia sẻ kinh nghiệm""",2026-09-15 20:19:59
https://www.facebook.com/groups/gearupvn/posts/1446891510209312,group_post,"Chào các bác. Em đang đi ford ecosport 2015, em nó hơi ...","Em đang tính đổi sang Kia K3 2023. K3 là chiếc xe khá đầm chắc, ợ chồng + 1 bé 3Y, tô (Chia sẻ kinh nghiệm) Rất mong được chia sẻ và nhận tham ...","site:facebook.com ""Kia K3"" ""khen chê chia sẻ kinh nghiệm""",2026-09-15 20:19:59
https://www.facebook.com/groups/gearupvn/posts/1545253580373104,group_post,Không phải xe 7 chỗ hạng B nào cũng ngồi thoải mái ...,"[CHIA SẺ SUY NGHĨ VỀ KIA CARENS LUXURY] Em mới lấy xe được đúng 1 tháng, đi chưa hết 1000km. Xe phục vụ gia đình, chỉ đi những ngày cuối tuần.","site:facebook.com ""Kia K3"" ""khen chê chia sẻ kinh nghiệm""",2026-09-15 20:19:59
https://www.facebook.com/groups/677666116447279/posts/1637837383763476,group_post,nhược điểm của Suzuki Viva Fi so sánh với các dòng xe ...,"Mình xin chia sẻ đánh giá ưu nhược điểm dòng vario 150 sau 4 năm ... Ngay như con mazda 3 2018 của tôi đang đi, so về hệ thống thân vỏ ...","site:facebook.com ""Mazda 3"" ""đánh giá ưu nhược điểm""",2026-09-15 20:20:57
https://www.facebook.com/groups/aemexe/posts/3087864364701812,group_post,"Nhà mình có 2 mẹ con, tài chính quanh 500tr định mua 1 chiếc ...",... Mazda 3 và xe Swift. Phụ nữ k có kinh nghiệm ... Mình cân nhắc giữa xe Mazda 3 và xe Swift. Phụ ... đánh giá ưu nhược điểm của 2 chiếc với ạ. Xin cám ...,"site:facebook.com ""Mazda 3"" ""đánh giá ưu nhược điểm""",2026-09-15 20:20:57
https://www.facebook.com/groups/431401395145676/posts/1464640848488387,group_post,"Xin chào mn, hiện mình đang làm sale xe và mình muốn học về ...","Xem các kênh review xe họ đánh giá ưu nhược điểm ... Ví dụ hạng C có Mazda 3, Elantra, Civic, Altis, K3..... ... Mazda 3 với LuxA cũ và Civic, thì gần như là ...","site:facebook.com ""Mazda 3"" ""đánh giá ưu nhược điểm""",2026-09-15 20:20:57
https://www.facebook.com/groups/1303596676829453/posts/2480075589181550,group_post,Bác nào có bản titanium - 2025 Fom mới Xe lướt giá đẹp ...,"Ngay như con mazda 3 2018 của tôi đang đi, so về hệ thống thân vỏ ... Mình xin chia sẻ đánh giá ưu nhược điểm dòng vario 150 sau 4 năm ...","site:facebook.com ""Mazda 3"" ""đánh giá ưu nhược điểm""",2026-09-15 20:20:57
https://www.facebook.com/groups/431401395145676/posts/1131402245145584,group_post,Xin các cao nhân tư vấn giúp em Nhà em hiện tại muốn ...,... Mazda 3 hoặc ráng thêm chút nữa e mua altis 2022 lướt ( Tầm 7đ ) Câu ... Mn cho e xin tư vấn và so sánh đánh giá ưu nhược điểm mấy mẫu trên với ạ.,"site:facebook.com ""Mazda 3"" ""đánh giá ưu nhược điểm""",2026-09-15 20:20:57
https://www.facebook.com/mazdadongnai.com.vn/posts/-b%E1%BA%A1n-c%E1%BA%A7n-%C4%91%C6%B0%E1%BB%A3c-tr%E1%BA%A3i-nghi%E1%BB%87m-th%E1%BB%B1c-t%E1%BA%BF-tr%C6%B0%E1%BB%9Bc-khi-ra-quy%E1%BA%BFt-%C4%91%E1%BB%8Bnh-h%C3%A3y-%C4%91%E1%BA%BFn-v%E1%BB%9Bi-ch%C3%BAng-t%C3%B4i-/1502893336437578,page_or_user_post,Mazda Đồng Nai,... MAZDA 3 & MAZDA 6 – Bộ đôi đầu tiên sở hữu công nghệ G-Vector Control - mang lại cảm giác lái vượt trội và trải nghiệm thực tế trên các dòng xe MAZDA cao ...,"site:facebook.com ""Mazda 3"" ""trải nghiệm thực tế""",2026-09-15 20:21:55
https://www.facebook.com/groups/aemexe/posts/3573271906161053,group_post,Em budget tầm 550 triệu. Em tính mua Mazda 3 cũ. ...,"Em budget tầm 550 triệu. Em tính mua Mazda 3 cũ. Gia đình 2 vợ chồng 1m6, 1 em bé sơ sinh. Chủ yếu đi quanh Hà Nội, đi làm mạn Long Biên, ...","site:facebook.com ""Mazda 3"" ""trải nghiệm thực tế""",2026-09-15 20:21:55
https://www.facebook.com/groups/431401395145676/posts/1056537172632092,group_post,"Với nhu cầu đi gia đình 4 người lớn, tài chính 550","Em budget tầm 550 triệu. Em tính mua Mazda 3 cũ. Gia đình 2 vợ chồng 1m6, 1 em bé sơ sinh. Chủ yếu đi quanh Hà Nội, đi làm mạn Long Biên, Gia ...","site:facebook.com ""Mazda 3"" ""trải nghiệm thực tế""",2026-09-15 20:21:55
https://www.facebook.com/mazdahaiphong/posts/mazda3-th%E1%BA%BF-h%E1%BB%87-7g-ch%E1%BA%A1m-c%E1%BA%A3m-x%C3%BAc-b%E1%BA%B1ng-v%E1%BA%BB-%C4%91%E1%BA%B9p-ngh%E1%BB%87-thu%E1%BA%ADt-car-as-art-n%C6%A1i-t%E1%BB%ABng-%C4%91%C6%B0%E1%BB%9Dng-n/1539924478176543,page_or_user_post,Mazda Hải Phòng,"MAZDA 3 2.0AT LUXURY 2020 HÀNG HIẾM SIÊU LƯỚT (BẢN GIỚI HẠN - ĐỘNG ... Chào đón Quý khách đến xem xe, trải nghiệm thực tế và cùng ...","site:facebook.com ""Mazda 3"" ""trải nghiệm thực tế""",2026-09-15 20:21:55
https://www.facebook.com/groups/428747672568983/posts/1308335474610194,group_post,Mazda 3 All New,"Chào đón Quý khách đến xem xe, trải nghiệm thực tế và cùng kết ... Ôtô lướt hà nội ▻ Hội MazDa 3 Việt Nam (Mazda 3 club). 2w ...","site:facebook.com ""Mazda 3"" ""trải nghiệm thực tế""",2026-09-15 20:21:55
https://www.facebook.com/ChungAuto.vncom/posts/-nh%C6%B0-l%C3%AA-tr%E1%BA%A3i-nghi%E1%BB%87m-th%E1%BB%B1c-t%E1%BA%BF-camera-3-m%E1%BA%AFt-%F0%9D%97%A7%F0%9D%97%98%F0%9D%97%AB%F0%9D%97%A3%F0%9D%97%94%F0%9D%97%97-%F0%9D%97%AD%F0%9D%97%A2%F0%9D%97%A1%F0%9D%97%98-%F0%9D%9F%AF-tr%C3%AAn-%F0%9D%97%A0%F0%9D%97%94%F0%9D%97%AD%F0%9D%97%97%F0%9D%97%94-%F0%9D%9F%AF-gi%E1%BA%A3i-ph%C3%A1p-th/1099414131759854,page_or_user_post,NHƯ LÊ TRẢI NGHIỆM THỰC TẾ CAMERA 3 MẮT TEXPAD ...,"NHƯ LÊ TRẢI NGHIỆM THỰC TẾ CAMERA 3 MẮT TEXPAD ZONE 3 TRÊN MAZDA 3 - GIẢI PHÁP THAY THẾ CAMERA 360 Ô TÔ Là phụ nữ, đặc ...","site:facebook.com ""Mazda 3"" ""trải nghiệm thực tế""",2026-09-15 20:21:55
https://www.facebook.com/groups/gearupvn/posts/910470217184780,group_post,Em xin hỏi ạ giữa mazda 3 1.5 luxury và elantra 1.6 AT đặc ...,Ổng thề trọn đời trọn kiếp vs mazda 3 á nên ổng ghét mazda 3 lắm ... Kieu Hoang em chưa được trải nghiệm thực tế nên phải tham khảo. 2y ...,"site:facebook.com ""Mazda 3"" ""trải nghiệm thực tế""",2026-09-15 20:21:55
https://www.facebook.com/mazdahungyen5s/posts/%C4%91ang-di%E1%BB%85n-ra-l%C3%A1i-th%E1%BB%AD-tr%E1%BA%A3i-nghi%E1%BB%87m-ch%E1%BA%A1m-c%E1%BA%A3m-x%C3%BAc-c%C3%B9ng-mazda-ph%E1%BB%91-n%E1%BB%91i-%C4%91%E1%BB%8Ba-%C4%91i%E1%BB%83m-showro/1502021231940798,page_or_user_post,[ĐANG DIỄN RA] LÁI THỬ & TRẢI NGHIỆM – CHẠM CẢM ...,... trải nghiệm thực tế ngay hôm nay! ======================== MAZDA HƯNG YÊN Hotline: 0901 881 228 (Kinh doanh) - 0938 907 185 (Dịch vụ) CS1 ...,"site:facebook.com ""Mazda 3"" ""trải nghiệm thực tế""",2026-09-15 20:21:55
https://www.facebook.com/FixAutoVietNam/posts/-%C4%91%E1%BB%99-loa-xe-mazda_3-t%E1%BA%A1i-h%E1%BB%87-th%E1%BB%91ng-fixauto-loa-%C3%B4-t%C3%B4-%C4%91%C6%B0%E1%BB%A3c-chia-l%C3%A0-3-d%E1%BA%A3i-%C3%A2m-thanh-m%C3%A0-/1009991561166253,page_or_user_post,🎶 Độ loa xe #Mazda_3 tại hệ thống FixAuto. Loa ô tô được ...,Nếu các bạn đang muốn tìm hiểu độ loa cho xe Mazda 3 hãy ghé ngay hệ thống FixAuto để lắng nghe và trải nghiệm thực tế các cấu hình âm thanh ...,"site:facebook.com ""Mazda 3"" ""trải nghiệm thực tế""",2026-09-15 20:21:55
https://www.facebook.com/PhongBonAuto/posts/mazda-3-sport-signature-premium-2020-m%E1%BB%99t-l%E1%BB%B1a-ch%E1%BB%8Dn-%C4%91%C3%A1ng-c%C3%A2n-nh%E1%BA%AFc-cho-anhch%E1%BB%8B-y%C3%AAu-t/1773729080895332,page_or_user_post,💠MAZDA 3 SPORT SIGNATURE PREMIUM 2020 Một ...,MAZDA 3 SPORT SIGNATURE PREMIUM 2020 Một lựa chọn đáng cân nhắc cho anh/chị yêu thích ... trải nghiệm thực tế ngay hôm nay anh chị nhé ...,"site:facebook.com ""Mazda 3"" ""trải nghiệm thực tế""",2026-09-15 20:22:10
https://www.facebook.com/groups/129876572077354/posts/1393323792399286,group_post,chiếc xe đc rất nhiều bạn trẻ quan tâm,Hội MazDa 3 Việt Nam (Mazda 3 club). Bùi Long Hải󰞋3h󰞋󱟠. 󳄫. chiếc xe ... trải nghiệm thực tế của bản thân và mong bên Chữ Tín có lời ...,"site:facebook.com ""Mazda 3"" ""trải nghiệm thực tế""",2026-09-15 20:22:10
https://www.facebook.com/hams.huyen.188/videos/new-mazda-3-gi%E1%BA%A3m-gi%C3%A1-45-50-tri%E1%BB%87u-t%E1%BA%B7ng-b%E1%BA%A3o-hi%E1%BB%83m-th%C3%A2n-xe-t%E1%BA%B7ng-full-ph%E1%BB%A5-ki%E1%BB%87n-xe-%C4%91%C4%83n/2043508529590242,video,NEW MAZDA 3 🔥 GIẢM GIÁ 45 - 50 TRIỆU 🔥 TẶNG BẢO ...,NEW MAZDA 3 GIẢM GIÁ 45 - 50 TRIỆU TẶNG BẢO HIỂM THÂN XE TẶNG FULL PHỤ KIỆN XE Đăng ký lái thử ngay hôm nay để trải nghiệm thực tế ...,"site:facebook.com ""Mazda 3"" ""trải nghiệm thực tế""",2026-09-15 20:22:10
https://www.facebook.com/zestechdanang/posts/-%F0%9D%90%8C%F0%9D%90%80%F0%9D%90%99%F0%9D%90%83%F0%9D%90%80-%F0%9D%9F%91-%F0%9D%90%8D%F0%9D%90%84%F0%9D%90%96-%F0%9D%90%8D%C3%A2%F0%9D%90%8D%F0%9D%90%86-%F0%9D%90%82%E1%BA%A5%F0%9D%90%8F-%F0%9D%90%8B%C3%A0-%F0%9D%90%8A%F0%9D%90%87%C3%A1%F0%9D%90%82-%F0%9D%90%81%F0%9D%90%88%E1%BB%87%F0%9D%90%93-%F0%9D%90%8D%F0%9D%90%86%F0%9D%90%80%F0%9D%90%98m%C3%A0n-h%C3%ACnh-zin-ch%C6%B0a-%C4%91%E1%BB%A7-tr%E1%BA%A3i-nghi%E1%BB%87m-n%C3%A2ng-c%E1%BA%A5p/1389575870033608,page_or_user_post,"𝟎𝟗𝟑𝟔 𝟒𝟎𝟖 𝟒𝟏𝟖 🏠 Địa chỉ: 𝟐𝟐𝟎 𝐁ắ𝐜 𝐒ơ𝐧, 𝐏. 𝐀𝐧 𝐊𝐡ê, ...",MAZDA 3 NEW – NÂNG CẤP LÀ “KHÁC BIỆT ... trải nghiệm thực tế! Hoàng Lâm Auto Đà Nẵng Hotline ...,"site:facebook.com ""Mazda 3"" ""trải nghiệm thực tế""",2026-09-15 20:22:10
https://www.facebook.com/groups/241603819652658/posts/2575080922971591,group_post,"Mazda 3 Luxury 2025 – Siêu lướt, đẹp như xe mới!","Mazda 3 Luxury 2025 – Siêu lướt, đẹp như xe mới! Odo chỉ 1,3 vạn ... trải nghiệm thực tế! - at BOSS CAR - 68 Lê Văn Lương.","site:facebook.com ""Mazda 3"" ""trải nghiệm thực tế""",2026-09-15 20:22:10
https://www.facebook.com/ThanhDuongmazdabinhdinh/posts/mazda-3-luxury-s%E1%BB%B1-l%E1%BB%B1a-ch%E1%BB%8Dn-ho%C3%A0n-h%E1%BA%A3o-cho-s%E1%BB%B1-b%E1%BB%81n-v%E1%BB%AFng-v%C3%A0-%C4%91%E1%BA%B3ng-c%E1%BA%A5pch%C3%ADnh-s%C3%A1ch-gi%C3%A1-%C4%91%E1%BA%B7/1356425453364403,page_or_user_post,🚀MAZDA 3 LUXURY - SỰ LỰA CHỌN HOÀN HẢO CHO ...,MAZDA 3 LUXURY - SỰ LỰA CHỌN HOÀN HẢO CHO SỰ BỀN VỮNG VÀ ĐẲNG ... trải nghiệm thực tế xe: em Dưỡng – TVBH Kia Mazda Quy Nhơn Số ...,"site:facebook.com ""Mazda 3"" ""trải nghiệm thực tế""",2026-09-15 20:22:10
https://www.facebook.com/ThuDoGarage/posts/5-l%E1%BB%97i-th%C6%B0%E1%BB%9Dng-g%E1%BA%B7p-c%E1%BB%A7a-d%C3%B2ng-xe-mazda-3-%C4%91%E1%BB%9Di-2014-2024mazda-3-lu%C3%B4n-%C4%91%C6%B0%E1%BB%A3c-gi%E1%BB%9Bi-y%C3%AAu-xe-/1162510472551516,page_or_user_post,5 LỖI THƯỜNG GẶP CỦA DÒNG XE MAZDA 3 ĐỜI (2014,"5 LỖI THƯỜNG GẶP CỦA DÒNG XE MAZDA 3 ĐỜI (2014 -2024) Mazda 3 luôn được giới yêu xe săn đón nhờ thiết kế thể thao, trẻ trung cùng nhiều ...","site:facebook.com ""Mazda 3"" ""lỗi thường gặp""",2026-09-15 20:22:23
https://www.facebook.com/groups/129876572077354/posts/1358318545899811,group_post,"Tổng hợp lỗi thường gặp trên mazda3: 1 - không nhận chìa, phải ...","Hội MazDa 3 Việt Nam (Mazda 3 club). Euro Diagnostic󰞋Jun 28󰞋󱟠. 󳄫. Tổng hợp lỗi thường gặp trên mazda3: 1 - không nhận chìa, phải dí chìa vào nút mới nhận 2 ...","site:facebook.com ""Mazda 3"" ""lỗi thường gặp""",2026-09-15 20:22:23
https://www.facebook.com/thoidaibonbanh/videos/l%E1%BB%97i-th%C6%B0%E1%BB%9Dng-g%E1%BA%B7p-tr%C3%AAn-d%C3%B2ng-xe-mazda-xe-mazda-3-thi-tho%E1%BA%A3ng-ch%E1%BA%BFt-m%C3%A1y-nguy%C3%AAn-nh%C3%A2n-chi/992998733534228,video,"lỗi thường gặp trên dòng xe mazda, xe mazda 3 thi thoảng ...","lỗi thường gặp trên dòng xe mazda, xe mazda 3 thi thoảng chết máy nguyên nhân chi tiết anh em nhớ lưu lại còn tham khảo ạ # ...","site:facebook.com ""Mazda 3"" ""lỗi thường gặp""",2026-09-15 20:22:23
https://www.facebook.com/groups/491815095502132/posts/1055819262435043,group_post,Mã lỗi p0171 system too lean loại xe mazda 3 2017 AT,"Mã lỗi p0171 system too lean loại xe mazda 3 2017 AT ... Đối với dòng Skyactive này lỗi thường gặp là do kim phun bẩn, hoặc xăng có vấn đề.","site:facebook.com ""Mazda 3"" ""lỗi thường gặp""",2026-09-15 20:22:23
https://www.facebook.com/groups/346784219057497/posts/1829684187434152,group_post,Mã P0303: Phát hiện bỏ máy xylanh 3 Chạy bình thường ...,xe mazda 3 2015 máy 1.5 chạy khoảng 50-70 km là nổi đèn check và đèn ... - Lỗi thường gặp: Nếu cảm biến báo sai nhiệt độ (ví dụ báo ...,"site:facebook.com ""Mazda 3"" ""lỗi thường gặp""",2026-09-15 20:22:23
https://www.facebook.com/groups/731188080763957/posts/2189216714961079,group_post,Kính trong màn hình navi mazda bị như hình đơn vị nào ở ...,Lê Hồng Điệp ▻ Hội MazDa 3 Việt Nam (Mazda 3 club). 29w · Public ... Đây là lỗi thường gặp trên nhiều dòng Mazda sau vài năm sử dụng.,"site:facebook.com ""Mazda 3"" ""lỗi thường gặp""",2026-09-15 20:22:23
https://www.facebook.com/garathoidaibonbanh/posts/l%E1%BB%97i-th%C6%B0%E1%BB%9Dng-g%E1%BA%B7p-tr%C3%AAn-c%C3%A1c-d%C3%B2ng-xe-mazda-nh%C6%B0-mazda-2-mazda-3-mazda-6-mazda-cx5-l%E1%BB%97i-/860444539878786,page_or_user_post,Lỗi thường gặp trên các dòng xe mazda ...,"Lỗi thường gặp trên các dòng xe mazda như mazda 2, mazda 3, mazda 6, mazda cx5 lỗi chảy dầu dưới gầm xe có thể chảy dầu thành giọt dưới gầm ...","site:facebook.com ""Mazda 3"" ""lỗi thường gặp""",2026-09-15 20:22:23
https://www.facebook.com/garathoidaibonbanh/videos/l%E1%BB%97i-r%E1%BA%A5t-hay-g%E1%BA%B7p-tr%C3%AAn-%C4%91i%E1%BB%81u-h%C3%B2a-d%C3%B2ng-xe-mazda-anh-em-c%E1%BA%A7n-th%C3%AC-l%C6%B0u-l%E1%BA%A1i-nh%C3%A9-gara_th%E1%BB%9Di/894748247015583,video,lỗi rất hay gặp trên điều hòa dòng xe mazda anh em cần thì ...,"lỗi thường gặp trên điều hòa xe mazda 3, anh em nên lưu lại ... ... Mazda 6 đại tu giàn gầm. 02:37 ...","site:facebook.com ""Mazda 3"" ""lỗi thường gặp""",2026-09-15 20:22:27
https://www.facebook.com/thoidaibonbanh/videos/ki%E1%BB%83m-tra-b%E1%BA%A3o-d%C6%B0%E1%BB%A1ng-l%E1%BA%A1i-m%E1%BB%99t-chi%E1%BA%BFc-xe-mazda-3-v%E1%BB%ABa-mua-c%C5%A9-l%E1%BA%A1i-c%E1%BA%A7n-ki%E1%BB%83m-tra-nh%E1%BB%AFng-g%C3%AC/1504360711160617,video,kiểm tra bảo dưỡng lại một chiếc xe mazda 3 vừa mua cũ lại ...,... tra bảo dưỡng lại một chiếc xe mazda 3 vừa mua cũ lại cần kiểm tra những gì ... Thời Đại Bốn Bánh. 9w · Public · lỗi thường gặp trên các dòng xe ...,"site:facebook.com ""Mazda 3"" ""lỗi thường gặp""",2026-09-15 20:22:27
https://www.facebook.com/auto43danang/videos/auto-43-h%C6%B0-van-c%E1%BA%A5p-nh%E1%BB%9Bt-nh%E1%BB%9Bt-v%C3%A0o-c%E1%BB%95-h%C3%BAt-h%E1%BB%8Dng-n%E1%BA%A1p-auto43-mazda-nhot-thaynhot-car/1680051856416337,video,"AUTO 43 - Hư van cấp nhớt, nhớt vào cổ hút họng nạp ...","More videos you may like. Gara ô tô thời đại bốn bánh. 13w · Public · lỗi thường gặp trên điều hòa xe mazda 3, anh em nên lưu lại khi cần # ...","site:facebook.com ""Mazda 3"" ""lỗi thường gặp""",2026-09-15 20:22:27
https://www.facebook.com/groups/cx524h/posts/4179404022316916,group_post,"Chuyên Sửa Lỗi Gương Xe Mazda - Nhanh, Uy Tín, Giá Tốt!","... lỗi thường gặp, tiết kiệm chi phí, bảo hành dài hạn. ... No photo description available. +8. 0 reactions. Lê Hồng Điệp ▻ Hội MazDa 3 Việt Nam ( ...","site:facebook.com ""Mazda 3"" ""lỗi thường gặp""",2026-09-15 20:22:27
https://www.facebook.com/toanthangauto318/videos/l%C3%A0m-g%E1%BA%A7m-mazda-6-cho-kh%C3%A1ch-h%C3%A0ng-c%C5%A9xuhuong-toanthangauto/1668781761027012,video,Làm gầm mazda 6 cho khách hàng cũ#xuhuong ...,"lỗi thường gặp trên điều hòa xe mazda 3, anh em nên lưu lại khi. 00:35. lỗi thường gặp trên điều hòa xe mazda 3, anh em nên lưu lại ... Jun 7 ...","site:facebook.com ""Mazda 3"" ""lỗi thường gặp""",2026-09-15 20:22:27
https://www.facebook.com/trinh.xuan.bien.9395/videos/ph%E1%BA%A7n-3-c%E1%BB%A7a-h%E1%BB%99p-s%E1%BB%91-4f27e-d%C3%B9ng-tr%C3%AAn-xe-mazda-3do-kh%C3%A1ch-%C4%91%E1%BB%95-nh%E1%BA%A7m-d%E1%BA%A7u-ch%E1%BA%A1y-d%E1%BA%ABn-%C4%91%E1%BA%BFn-bo/1491708556327784,video,Phần 3 của Hộp số 4F27E dùng trên xe Mazda 3 Do khách đổ ...,"lỗi thường gặp trên điều hòa xe mazda 3, anh em nên lưu lại ... Jun 7, 2026 · 5.3K views. Mazda 3 ... Mazda 3 2016, đại tu gầm, hạ máy làm kín ...","site:facebook.com ""Mazda 3"" ""lỗi thường gặp""",2026-09-15 20:22:27
https://www.facebook.com/le.dai0310/videos/ch%E1%BA%A5t-xe-%C4%91%E1%BA%B9p-qu%C3%A1-anh-ch%E1%BB%8B-mazda-3-%C4%91%E1%BB%9Di-2013-240tr-anh-ch%E1%BB%8B-mua-s%E1%BB%AD-d%E1%BB%A5ng-gia-%C4%91%C3%ACnh-r%E1%BB%99ng/1338333919354010,video,Chất xe đẹp quá anh chị. Mazda 3 đời 2013. 240tr ...,"Mazda 3 đời 2013. 240tr anh chị mua sử dụng gia đình rộng rãi ... lỗi thường gặp trên điều hòa xe mazda 3, anh em nên lưu lại khi. 00 ...","site:facebook.com ""Mazda 3"" ""lỗi thường gặp""",2026-09-15 20:22:27
https://www.facebook.com/nguyenloioto/videos/thay-b%C6%A1m-x%C4%83ng-cho-mazda-3-garage-trung-h%E1%BA%ADu-auto-0784895959-t%C6%B0-v%E1%BA%A5n-s%E1%BB%ADa-ch%E1%BB%AFa/1835185024117816,video,Thay bơm xăng cho mazda 3 Garage Trung Hậu Auto ...,"Thay bơm xăng cho mazda 3 Garage Trung Hậu Auto 0784895959 tư vấn sửa chữa. ... lỗi thường gặp trên điều hòa xe mazda 3, anh em nên lưu lại khi.","site:facebook.com ""Mazda 3"" ""lỗi thường gặp""",2026-09-15 20:22:27
https://www.facebook.com/garathoidaibonbanh/posts/b%E1%BA%A3o-d%C6%B0%E1%BB%A1ng-xe-mazda-3-%C4%91%E1%BB%8Bnh-k%E1%BB%B3-c%E1%BA%A5p-8-%C4%91%E1%BA%BFn-10-v%E1%BA%A1n-km-v%C3%A0-v%E1%BB%87-sinh-h%E1%BB%8Dng-n%E1%BA%A1p-b%E1%BA%B1ng-m%C3%A1y-b%E1%BA%AF/584868470769729,page_or_user_post,bảo dưỡng xe mazda 3 định kỳ cấp 8 đến 10 vạn km và vệ ...,... mazda 3 và các dòng ... lỗi thường gặp trên xe Toyota Altis đời cũ anh em nếu mua xe cũ nên ...,"site:facebook.com ""Mazda 3"" ""lỗi thường gặp""",2026-09-15 20:22:27
https://www.facebook.com/groups/gearupvn/posts/1447599766805153,group_post,Dẫn động bằng cơm vô địch,"... chi phí nuôi xe, bảo dưỡng có tốn ko ạ? 2. Xe có hay bị lỗi thước ... Mazda 3 cũ form mới đời 2020 - 2021 ko ạ? Shangri La and Duẩn Ka.","site:facebook.com ""Mazda 3"" ""chi phí nuôi xe bảo dưỡng""",2026-09-15 20:22:28
https://www.facebook.com/groups/cuongtruewireless/posts/2285117595611853,group_post,AE cho hỏi mua loại này ổn không ? Mình mua chủ yếu phòng ...,"Anonymous participant ▻ HỘI MITSUBISHI XPANDER VIỆT NAM ... Anonymous participant ▻ HỘI MITSUBISHI XPANDER VIỆT NAM ... đánh giá ưu nhược điểm, hay các bác biết ...","site:facebook.com ""Mitsubishi Xpander"" ""đánh giá ưu nhược điểm""",2026-09-15 20:23:22
https://www.facebook.com/xehay/videos/%C4%91%C3%A1nh-gi%C3%A1-%C6%B0unh%C6%B0%E1%BB%A3c-%C4%91i%E1%BB%83m-hyundai-stargazer-ng%C3%B4i-sao-m%E1%BB%9Bi-trong-ph%C3%A2n-kh%C3%BAc-mpv-t%E1%BA%A1i-vi%E1%BB%87/645929040338992,video,Đánh giá ƯU/NHƯỢC điểm đối thủ của Mitsubishi Xpander ...,Đánh giá ƯU/NHƯỢC điểm đối thủ của Mitsubishi Xpander và Toyota Veloz Cross - Hyundai Stargazer - Ngôi sao mới trong phân khúc MPV tại Việt ...,"site:facebook.com ""Mitsubishi Xpander"" ""đánh giá ưu nhược điểm""",2026-09-15 20:23:22
https://www.facebook.com/groups/660290115038471/posts/1703040410763431,group_post,Các bác cho e hỏi mua cái máy bơm lốp loại nào ok ạ,"Anonymous participant ▻ HỘI MITSUBISHI XPANDER VIỆT NAM. 47w ... đánh giá ưu nhược điểm, hay các bác biết loại nào hay hơn thì giới ...","site:facebook.com ""Mitsubishi Xpander"" ""đánh giá ưu nhược điểm""",2026-09-15 20:23:22
https://www.facebook.com/groups/xemaydien/posts/7559742734043977,group_post,Sợ ăn đinh thì có nên mua dự phòng máy bơm lốp xe bỏ ...,"Anonymous participant ▻ HỘI MITSUBISHI XPANDER VIỆT NAM. 49w ... đánh giá ưu nhược điểm, hay các bác biết loại nào hay hơn thì giới ...","site:facebook.com ""Mitsubishi Xpander"" ""đánh giá ưu nhược điểm""",2026-09-15 20:23:22
https://www.facebook.com/groups/399956594036580/posts/1994014934630730,group_post,Force 2.0 xe chính chủ bao check hãng cần bán ae nào ...,Mình xin chia sẻ đánh giá ưu nhược điểm dòng vario 150 sau 4 năm sử ... Lê Kim Bách Khoa ▻ HỘI MITSUBISHI XPANDER VIỆT NAM. 2y · Public ...,"site:facebook.com ""Mitsubishi Xpander"" ""đánh giá ưu nhược điểm""",2026-09-15 20:23:22
https://www.facebook.com/groups/cuongtruewireless/posts/2188344888622458,group_post,Kèo bơm lốp oto pin 120k của các chủ tịch về chưa ?,"Anonymous participant ▻ HỘI MITSUBISHI XPANDER VIỆT NAM. 49w ... đánh giá ưu nhược điểm, hay các bác biết loại nào hay hơn thì giới ...","site:facebook.com ""Mitsubishi Xpander"" ""đánh giá ưu nhược điểm""",2026-09-15 20:23:22
https://www.facebook.com/MitsubishiMotorsVietnam/posts/nh%E1%BB%AFng-h%C3%A0nh-tr%C3%ACnh-%C4%91%C3%A1ng-nh%E1%BB%9B-nh%E1%BB%AFng-c%E1%BA%A3m-x%C3%BAc-ch%C3%A2n-th%C3%A0nh-c%C3%B9ng-l%E1%BA%AFng-nghe-tr%E1%BA%A3i-nghi%E1%BB%87m-th/1173554591471975,page_or_user_post,"Những hành trình đáng nhớ, những cảm xúc chân thành ...",... trải nghiệm thực tế từ chính những khách hàng đã lựa chọn và gắn bó với Mitsubishi Xpander qua nhiều năm. Tìm hiểu thêm Xpander tại: https ...,"site:facebook.com ""Mitsubishi Xpander"" ""trải nghiệm thực tế""",2026-09-15 20:23:23
https://www.facebook.com/groups/xpandervietnamclub/posts/3980005742221803,group_post,Em định mua Xpander để đi gia đình: 1-Các bác sử dụng ...,"HỘI MITSUBISHI XPANDER VIỆT NAM. Vạn Sự Tuỳ DuyênNov 18, 2025. Em ... Lê Vũ m trải nghiệm thực tế cả gia đình đá đưa dịch vụ nhẹ. 3 năm ...","site:facebook.com ""Mitsubishi Xpander"" ""trải nghiệm thực tế""",2026-09-15 20:23:23
https://www.facebook.com/mitsubishikimlienhanoi2018/posts/tr%E1%BA%A3i-nghi%E1%BB%87m-th%E1%BB%B1c-t%E1%BA%BF-mitsubishi-xpander-r%E1%BB%99ng-ti%E1%BA%BFt-ki%E1%BB%87m-nhi%E1%BB%81u-c%C3%B4ng-ngh%E1%BB%87-c%C3%B3-%C4%91%C3%A1ng-t%E1%BA%A7/1223812263113398,page_or_user_post,"Trải nghiệm thực tế Mitsubishi Xpander: rộng, tiết kiệm, nhiều ...","Trải nghiệm thực tế Mitsubishi Xpander: rộng, tiết kiệm, nhiều công nghệ. Có đáng tầm 'vua MPV' không? Tự xem và cảm nhận!#mitsubishi #Xpander ...","site:facebook.com ""Mitsubishi Xpander"" ""trải nghiệm thực tế""",2026-09-15 20:23:23
https://www.facebook.com/namauto.com.vn/videos/-xpander-my26-%C4%91%E1%BA%B3ng-c%E1%BA%A5p-m%E1%BB%9Bi-d%E1%BA%ABn-%C4%91%E1%BA%A7u-m%E1%BB%8Di-h%C3%A0nh-tr%C3%ACnh-thi%E1%BA%BFt-k%E1%BA%BF-hi%E1%BB%87n-%C4%91%E1%BA%A1i-kh%C3%B4ng-gian-r/1711480156192296,video,"XPANDER MY26 – ĐẲNG CẤP MỚI, DẪN ĐẦU MỌI HÀNH ...",... Mitsubishi Xpander MY26 chính là lựa ... Trải nghiệm thực tế và lái thử ngay hôm nay tại Mitsubishi Nam Auto – nơi ...,"site:facebook.com ""Mitsubishi Xpander"" ""trải nghiệm thực tế""",2026-09-15 20:23:23
https://www.facebook.com/groups/xpandervietnamclub/posts/3828415974047448,group_post,"Sau 3 tháng xem rì viu, đánh giá và lên ngồi thực tế nào là ...",E xin đưa ra vài so sánh để các bác góp ý thêm qua trải nghiệm thực tế ... MITSUBISHI XPANDER 1/18 Cuối tuần rảnh mượn được con xe quay tay ...,"site:facebook.com ""Mitsubishi Xpander"" ""trải nghiệm thực tế""",2026-09-15 20:23:23
https://www.facebook.com/MitsubishiVinhLong/posts/-m%E1%BB%99t-ng%C3%A0y-kh%C3%B4ng-ch%E1%BB%89-u%E1%BB%91ng-c%C3%A0-ph%C3%AA-m%C3%A0-c%C3%B2n-%C4%91%C6%B0%E1%BB%A3c-ch%E1%BA%A1m-v%C3%A0o-tr%E1%BA%A3i-nghi%E1%BB%87m-mitsubishing%C3%A0y-/1126944940301880,page_or_user_post,Mitsubishi Vĩnh Long,❤️ ☕ Một ly cà phê. Một vòng lái thử. ✨ Một trải nghiệm thực tế. Và rất nhiều câu chuyện được bắt đầu từ… “Để tôi thử chiếc này xem ...,"site:facebook.com ""Mitsubishi Xpander"" ""trải nghiệm thực tế""",2026-09-15 20:23:23
https://www.facebook.com/mitsubishibinhduong/posts/-1209-s%E1%BB%B1-ki%E1%BB%87n-tr%C6%B0ng-b%C3%A0y-l%C3%A1i-th%E1%BB%AD-new-mitsubishi-xpandercu%E1%BB%91i-tu%E1%BA%A7n-n%C3%A0y-mitsubishi-m/1543546197792478,page_or_user_post,SỰ KIỆN TRƯNG BÀY & LÁI THỬ NEW MITSUBISHI ...,... Mitsubishi Xpander tại Vườn Nhiệt Đới Coffee. Đây là cơ hội để Quý ... Trải nghiệm thực tế và nhận nhiều ưu đãi hấp dẫn Địa điểm: Ơn ...,"site:facebook.com ""Mitsubishi Xpander"" ""trải nghiệm thực tế""",2026-09-15 20:23:23
https://www.facebook.com/groups/xpandervietnamclub/posts/h%C3%A0nh-tr%C3%ACnh-%C4%91%E1%BA%A1p-c%C3%B4n-ng%E1%BA%AFn-l%E1%BA%A1i-gi%C3%BAp-%C4%91%E1%BB%A1-m%E1%BB%8Fi-ch%C3%A2n%C4%91%C3%A3-tr%E1%BA%A3i-nghi%E1%BB%87m-r%E1%BA%A5t-h%C3%A0i-l%C3%B2ng%C4%91i-s%C3%A0i-g%C3%B2/3944422409113470,group_post,Ae xe xpander MT số sàn rất phù hợp.,"Anonymous participant ▻ HỘI MITSUBISHI XPANDER VIỆT NAM. 48w ... Chia sẻ với các bác về hành trình trải nghiệm thực tế xe srm x30 5s, 1 ...","site:facebook.com ""Mitsubishi Xpander"" ""trải nghiệm thực tế""",2026-09-15 20:24:16
https://www.facebook.com/mitsubishikimlienhanoi2018/posts/-tr%E1%BA%A3i-nghi%E1%BB%87m-l%C3%A1i-th%E1%BB%AD-mitsubishi-chinh-ph%E1%BB%A5c-m%E1%BB%8Di-th%E1%BB%AD-th%C3%A1ch-th%E1%BB%9Di-gian-8h30-16h00-ng/1116921077135851,page_or_user_post,🚗🔥 TRẢI NGHIỆM LÁI THỬ MITSUBISHI – ...,"... Trải nghiệm thực tế: Cảm nhận khả năng vận hành linh hoạt, êm ái và ... Mitsubishi Xpander ra mắt tại Việt Nam, Mitsubishi Kim Liên Hà ...","site:facebook.com ""Mitsubishi Xpander"" ""trải nghiệm thực tế""",2026-09-15 20:24:16
https://www.facebook.com/KimlienMitsubishi/posts/-%C4%91%C3%B4-l%C6%B0%C6%A1ng-%C6%A1i-mitsubishi-vinh-tr%E1%BB%9F-l%E1%BA%A1i-r%E1%BB%93is%E1%BB%B1-ki%E1%BB%87n-tr%C6%B0ng-b%C3%A0y-l%C3%A1i-th%E1%BB%AD-b%E1%BA%A3o-d%C6%B0%E1%BB%A1ng-l%C6%B0u-/1305160908426782,page_or_user_post,"ĐÔ LƯƠNG ƠI, MITSUBISHI VINH TRỞ LẠI RỒI! [SỰ KIỆN ...",... Trải nghiệm thực tế sức mạnh và công nghệ hiện đại trên các dòng xe ... ĐẶC BIỆT – ƯU ĐÃI LÊN ĐẾN 30% DÀNH CHO MITSUBISHI XPANDER ...,"site:facebook.com ""Mitsubishi Xpander"" ""trải nghiệm thực tế""",2026-09-15 20:24:16
https://www.facebook.com/groups/xpandervietnamclub/posts/3991846697704374,group_post,Góc tâm sự cùng T2 Racing vơi a e,"Góc tâm sự cùng T2 Racing vơi a e Sau một thời gian sử dụng bộ phuộc ô tô đàn hồi mới trên chiếc Mitsubishi Xpander, mình thật sự ấn tượng với","site:facebook.com ""Mitsubishi Xpander"" ""trải nghiệm thực tế""",2026-09-15 20:24:16
https://www.facebook.com/groups/660290115038471/posts/1703562230711249,group_post,"Xpander em thấy dễ thích ở không gian rộng rãi, 7 chỗ ...",E xin đưa ra vài so sánh để các bác góp ý thêm qua trải nghiệm thực tế ... Mitsubishi Xpander đúng kiểu xe dành cho người thực tế Chở ...,"site:facebook.com ""Mitsubishi Xpander"" ""trải nghiệm thực tế""",2026-09-15 20:24:16
https://www.facebook.com/KimlienMitsubishi/posts/-2282026th%E1%BB%A9-7-tu%E1%BA%A7n-n%C3%A0y-ng%C3%A0y-h%E1%BB%99i-tr%C6%B0ng-b%C3%A0y-l%C3%A1i-th%E1%BB%AD-mitsubishi-t%E1%BA%A1i-di%E1%BB%85n-ch%C3%A2u-phinh/1386158693660336,page_or_user_post,🚨 (22/8/2026)Thứ 7 Tuần Này - NGÀY HỘI TRƯNG BÀY & ...,"... Mitsubishi: XPANDER - XFORCE - DESTINATOR - TRITON ... LÁI THỬ – TRẢI NGHIỆM THỰC TẾ Tự mình cầm lái và cảm nhận khả năng vận hành, độ ...","site:facebook.com ""Mitsubishi Xpander"" ""trải nghiệm thực tế""",2026-09-15 20:24:16
https://www.facebook.com/viethongauto.com.vn/posts/-tr%E1%BA%A3i-nghi%E1%BB%87m-l%C3%A1i-th%E1%BB%AD-xe-mitsubishi-du-xu%C3%A2n-phong-c%C3%A1ch-kh%E1%BB%9Fi-%C4%91%E1%BA%A7u-ho%C3%A0n-h%E1%BA%A3o-kh%C3%B4ng-kh/616773944193359,page_or_user_post,🚗 TRẢI NGHIỆM LÁI THỬ XE MITSUBISHI – DU XUÂN ...,"... Trải nghiệm thực tế: Trực tiếp cầm lái các dòng xe Mitsubishi với sự ... Mitsubishi Xpander: Xe gia đình tiện nghi, thoải mái cho mọi ...","site:facebook.com ""Mitsubishi Xpander"" ""trải nghiệm thực tế""",2026-09-15 20:24:16
https://www.facebook.com/mitsubishibinhthuan.com.vn/posts/-tr%C6%B0ng-b%C3%A0y-l%C3%A1i-th%E1%BB%AD-xe-mitsubishi-t%E1%BA%A1i-%C4%91%E1%BA%AFk-n%C3%B4ng-cu%E1%BB%91i-tu%E1%BA%A7n-n%C3%A0y-m%E1%BB%9Di-qu%C3%BD-kh%C3%A1ch-h%C3%A0ng-g/1443330517807061,page_or_user_post,TRƯNG BÀY & LÁI THỬ XE MITSUBISHI TẠI ĐẮK NÔNG ...,... trải nghiệm thực tế và nhận nhiều ưu đãi hấp dẫn tại sự kiện lần này ... ➡️ Mitsubishi Xpander - Siêu phẩm được săn đón nhiều nhất trong cùng ...,"site:facebook.com ""Mitsubishi Xpander"" ""trải nghiệm thực tế""",2026-09-15 20:24:16
https://www.facebook.com/groups/1869971846553351/posts/4404117669805410,group_post,🔥 SẮP DIỄN RA – SỰ KIỆN LÁI THỬ MITSUBISHI TẠI ...,"Hội xe ô tô Mitsubishi Xpander, Outlander ✓. Huyền Nguyễn5h ... TRẢI NGHIỆM THỰC TẾ KIẾN TẠO HÀNH MITSUBISHI TRÌNH 0764055855 Cùng ...","site:facebook.com ""Mitsubishi Xpander"" ""trải nghiệm thực tế""",2026-09-15 20:24:16
https://www.facebook.com/MitsubishiMotorsVietnam/posts/mitsubishi-motors-vi%E1%BB%87t-nam-t%E1%BA%A1i-tri%E1%BB%83n-l%C3%A3m-vi%E1%BB%87t-nam-pfa-ete-2026ngay-trong-ng%C3%A0y-%C4%91%E1%BA%A7/1489979303162834,page_or_user_post,MITSUBISHI MOTORS VIỆT NAM TẠI ...,... trải nghiệm thực tế các mẫu xe cùng nhiều phần quà hấp dẫn khác đang ... Mitsubishi Xpander linh hoạt đáp ứng mọi nhịp sống của gia đình.,"site:facebook.com ""Mitsubishi Xpander"" ""trải nghiệm thực tế""",2026-09-15 20:24:16
https://www.facebook.com/groups/xpandervietnamclub/posts/3697996207089426,group_post,Mùng 3 chia sẻ cái lỗi thường gặp ở Xpander. Chúc Anh Em ...,"Mùng 3 chia sẻ cái lỗi thường gặp ở Xpander. Chúc Anh Em năm mới ... Quang Việt ▻ Mitsubishi Xpander, Xpander Việt Nam™ (XpanderClubVN).","site:facebook.com ""Mitsubishi Xpander"" ""lỗi thường gặp""",2026-09-15 20:24:18
https://www.facebook.com/groups/xpandervietnamclub/posts/2916898495199205,group_post,Các bác cho em hỏi lỗi thường gặp của Xpander là gì ạ,Các bác cho em hỏi lỗi thường gặp của Xpander là gì ạ em muốn tham khảo mấy xe này. ... Các bác cho em hỏi lỗi thường gặp ... HỘI MITSUBISHI XPANDER VIỆT NAM. Hữu ...,"site:facebook.com ""Mitsubishi Xpander"" ""lỗi thường gặp""",2026-09-15 20:24:18
https://www.facebook.com/groups/417787038747897/posts/2144696362723614,group_post,QUANG TIẾN TRỄ GA Các lỗi thường gặp liên quan đến ...,"QUANG TIẾN TRỄ GA Các lỗi thường gặp ... Cần 68 anh em CHỢ PHỤ TÙNG, ĐỒ CHƠI MITSUBISHI XPANDER - VIỆT NAM Dùng thử Gạt Mưa nhập khẩu chính hãng.","site:facebook.com ""Mitsubishi Xpander"" ""lỗi thường gặp""",2026-09-15 20:24:18
https://www.facebook.com/garathoidaibonbanh/posts/b%E1%BA%A3o-d%C6%B0%E1%BB%A1ng-%C4%91%E1%BB%8Bnh-k%E1%BB%B3-xe-mitsubishi-xpander-l%E1%BB%97i-xe-xpander-%C4%91i-l%C3%AC-ga-kh%C3%B4ng-tho%C3%A1t-n%E1%BB%95i-/930170686239504,page_or_user_post,Bảo dưỡng định kỳ xe mitsubishi xpander lỗi ...,Bảo dưỡng định kỳ xe mitsubishi xpander lỗi xe xpander đi lì ga ... lỗi thường gặp trên xe Toyota Altis đời cũ anh em nếu mua xe cũ nên ...,"site:facebook.com ""Mitsubishi Xpander"" ""lỗi thường gặp""",2026-09-15 20:24:18
https://www.facebook.com/garage.ecupro.chuyensuadienoto/videos/xpander-hi%E1%BB%87n-t%C6%B0%E1%BB%A3ng-v%C3%A0o-s%E1%BB%91-ch%E1%BA%ADm-tua-m%C3%A1y-cao-s%E1%BB%91-m%E1%BB%9Bi-b%E1%BA%AFt-%C4%91%E1%BA%A7u-chuy%E1%BB%83n-hao-x%C4%83ng-%C4%91%C3%A8n-ta/415577763510214,video,"Xpander hiện tượng vào số chậm, tua máy cao số mới bắt đầu ...",... lỗi thường gặp trên ... Một chiếc Mitsubishi Xpander đã chạy dịch vụ nhưng mới chỉ 1 năm thì thực tế.,"site:facebook.com ""Mitsubishi Xpander"" ""lỗi thường gặp""",2026-09-15 20:24:18
https://www.facebook.com/garathoidaibonbanh/posts/trung-tu-l%C3%A0m-l%E1%BA%A1i-m%C3%A1y-xe-mitsubishi-xpander-b%E1%BB%8B-hao-d%E1%BA%A7u-nh%E1%BB%9Bt-v%C3%A0-c%C3%B3-ti%E1%BA%BFng-g%C3%B5-m%C3%A1y-bu/1109294688327102,page_or_user_post,trung tu làm lại máy xe Mitsubishi Xpander bị hao dầu nhớt và ...,... tu làm lại máy xe Mitsubishi Xpander bị hao dầu nhớt và ... lỗi thường gặp trên xe Toyota Altis đời cũ anh em nếu mua xe cũ nên ...,"site:facebook.com ""Mitsubishi Xpander"" ""lỗi thường gặp""",2026-09-15 20:24:18
https://www.facebook.com/KimlienMitsubishi/videos/-xe-kh%C3%B4ng-n%E1%BB%95-m%C3%A1y-%C4%91%E1%BB%99ng-c%C6%A1-quay-y%E1%BA%BFu-%C4%91%C3%A8n-b%E1%BA%A3ng-trung-t%C3%A2m-m%E1%BB%9D-nh%E1%BA%A1t-%EF%B8%8F%C4%91%C3%A2y-ch%C3%ADnh-l%C3%A0-nh%E1%BB%AFng/2366581230509526,video,XE KHÔNG NỔ MÁY? ĐỘNG CƠ QUAY YẾU? ĐÈN BẢNG ...,3 lỗi thường gặp trên xe mà chủ xe nào cũng nên biết. Cùng KTV. 01:31 ... KHAI MÁY THAY DẦU SỐ TUẦN HOÀN CHO MITSUBISHI XPANDER!,"site:facebook.com ""Mitsubishi Xpander"" ""lỗi thường gặp""",2026-09-15 20:24:18
https://www.facebook.com/groups/xpandervietnamclub/posts/3971195279769516,group_post,Chào ae trong nhóm .có ae nào gặp trường hợp cứ buổi ...,"HỘI MITSUBISHI XPANDER VIỆT NAM. Người Vận Chuyển󰞋Nov 9, 2025 ... những lỗi thường gặp khi máy không nổ là do đâu a e?xe mình đời 2019 ...","site:facebook.com ""Mitsubishi Xpander"" ""lỗi thường gặp""",2026-09-15 20:24:18
https://www.facebook.com/groups/xpandervietnamclub/posts/4268771400011901,group_post,Các bác cho em xin ít kinh nghiệm khi đi cao tốc với ạ ...,"HỘI MITSUBISHI XPANDER VIỆT NAM. Văn Tùng Hoàng6h. Các bác cho em ... lỗi thường gặp nhất trên cao tốc: Tốc độ, xi nhan chuyển làn và đè ...","site:facebook.com ""Mitsubishi Xpander"" ""lỗi thường gặp""",2026-09-15 20:24:18
https://www.facebook.com/groups/xpandervietnamclub/posts/3951561751732869,group_post,nay lên xe màn hình báo vầy rồi mất âm thanh luôn. ae có ...,HỘI MITSUBISHI XPANDER VIỆT NAM. Ho NhaOct ... Anonymous participant ▻ Chia sẻ - Giải đáp những lỗi thường gặp trên iPhone/iPad/Applewach.,"site:facebook.com ""Mitsubishi Xpander"" ""lỗi thường gặp""",2026-09-15 20:24:18
https://www.facebook.com/garathoidaibonbanh/posts/xe-mitsubishi-xpander-g%E1%BA%A7m-k%C3%AAu-l%E1%BB%A5c-c%E1%BB%A5c-nguy%C3%AAn-nh%C3%A2n-do-%C4%91%C3%A2u-c%E1%BA%A7n-ki%E1%BB%83m-tra-thay-th%E1%BA%BF-n/620934660496443,page_or_user_post,Xe mitsubishi xpander gầm kêu lục cục nguyên nhân do ...,Xe mitsubishi xpander gầm kêu lục cục nguyên nhân do đâu cần ... lỗi thường gặp trên xe Toyota Altis đời cũ anh em nếu mua xe cũ nên ...,"site:facebook.com ""Mitsubishi Xpander"" ""lỗi thường gặp""",2026-09-15 20:25:22
https://www.facebook.com/groups/xpandervietnamclub/posts/3909572855931759,group_post,Cho e hỏi xe em bị không khởi động máy được em nghi bị ...,"HỘI MITSUBISHI XPANDER VIỆT NAM. Quy DuySep 10, 2025. Cho e hỏi ... những lỗi thường gặp khi máy không nổ là do đâu a e?xe mình đời 2019 ...","site:facebook.com ""Mitsubishi Xpander"" ""lỗi thường gặp""",2026-09-15 20:25:22
https://www.facebook.com/groups/1638038106325679/posts/25426703757032447,group_post,🚨 Xpander bị kẹt gương – để lâu dễ cháy motor!,Các lỗi thường gặp: ☑️ Gập không vào ☑️ Mở không hết ☑️ Gương ... Mitsubishi Xpander 1.5AT Tự động 2021 nhập khẩu! Trang bị ...,"site:facebook.com ""Mitsubishi Xpander"" ""lỗi thường gặp""",2026-09-15 20:25:22
https://www.facebook.com/groups/417787038747897/posts/2227210787805504,group_post,Mitsubishi Xpander 2023 Premium Màu Trắng,Mitsubishi Xpander 2023 Premium Màu Trắng Odo : 5v6 zin 1 chủ HN Làn màn ... Khắc phục lỗi gương Xpander nhanh chóng Các lỗi thường gặp ...,"site:facebook.com ""Mitsubishi Xpander"" ""lỗi thường gặp""",2026-09-15 20:25:22
https://www.facebook.com/mitsubishitayninhdaily3s/videos/nh%E1%BB%AFng-ca-b%E1%BB%87nh-%E1%BA%A5n-t%C6%B0%E1%BB%A3ng-c%E1%BB%A7a-xe-m%C3%A0-c%C3%A1c-ktv-nh%C3%A0-mitsubishi-t%C3%A2y-ninh-%C4%91%C3%A3-g%E1%BA%B7pmitsubish/1586969676393849,video,Những ca bệnh ấn tượng của xe mà các KTV nhà Mitsubishi ...,3 lỗi thường gặp trên xe mà chủ xe nào cũng nên biết. Cùng KTV. 01:31 ... Thay ắc quy xe mitsubishi Xpander #acquy #Mitsubishi #mitsubishixpander ...,"site:facebook.com ""Mitsubishi Xpander"" ""lỗi thường gặp""",2026-09-15 20:25:22
https://www.facebook.com/groups/xpandervietnamclub/posts/3956550051234039,group_post,"Các cao nhân cho mình hỏi ,xe mình khởi động nổ máy thì ...","HỘI MITSUBISHI XPANDER VIỆT NAM. Tran Cong󰞋Oct 25, 2025 ... những lỗi thường gặp khi máy không nổ là do đâu a e?xe mình đời 2019 ...","site:facebook.com ""Mitsubishi Xpander"" ""lỗi thường gặp""",2026-09-15 20:25:22
https://www.facebook.com/groups/2683380758491227/posts/3629697363859557,group_post,💯 Khắc phục lỗi gương Xpander nhanh chóng,"Khắc phục lỗi gương Xpander nhanh chóng Các lỗi thường gặp ... MITSUBISHI XPANDER PREMIUM 2024 – ODO 5,9 VẠN KM ✓ ODO: 5,9 ...","site:facebook.com ""Mitsubishi Xpander"" ""lỗi thường gặp""",2026-09-15 20:25:22
https://www.facebook.com/groups/2609202222637629/posts/5445834692307687,group_post,Chúc mừng tất cả anh em đang sử dụng Xpander,Phạm Văn Thụy ▻ HỘI MITSUBISHI XPANDER VIỆT NAM. 1y · Public · Mùng 3 chia sẻ cái lỗi thường gặp ở Xpander. Chúc Anh Em năm mới vạn sự như ý ...,"site:facebook.com ""Mitsubishi Xpander"" ""lỗi thường gặp""",2026-09-15 20:25:22
https://www.facebook.com/groups/xpandervietnamclub/posts/2333169300238797,group_post,Bác nào đi MT mà Lúc chết máy vặn khoá không nổ giống ...,"HỘI MITSUBISHI XPANDER VIỆT NAM. Đức Anh Trần󰞋Jan 18, 2020 ... những lỗi thường gặp khi máy không nổ là do đâu a e?xe mình đời 2019 ...","site:facebook.com ""Mitsubishi Xpander"" ""lỗi thường gặp""",2026-09-15 20:25:22
https://www.facebook.com/groups/xpandervietnamclub/posts/4014486962107014,group_post,Xpander chi phí vận hành bảo dưỡng có cao k các bác nhỉ. ...,Xpander chi phí vận hành bảo dưỡng có cao k các bác nhỉ. E lái tải nặng chán muốn đổi qua xpander chạy dịch vụ sống qua ngày liệu có ổn k ạ.,"site:facebook.com ""Mitsubishi Xpander"" ""chi phí nuôi xe bảo dưỡng""",2026-09-15 20:25:24
https://www.facebook.com/groups/1705991669529566/posts/24864126409956098,group_post,Em đang định lấy Xpander vì thấy khá phù hợp vs điều ...,Em đang định lấy Xpander vì thấy khá phù hợp vs điều kiện của mình. Nhưng thấy mấy bác bảo đồ phụ tùng thay thế mắc.,"site:facebook.com ""Mitsubishi Xpander"" ""chi phí nuôi xe bảo dưỡng""",2026-09-15 20:25:24
https://www.facebook.com/coqueauotosaigon/videos/mitsubishi-xpander-premium-2025-%C4%91%C4%83ng-k%C3%BD-2026-odo-20000-km-full-b%E1%BA%A3o-d%C6%B0%E1%BB%A1ng-h%C3%A3ng-5-/1353724306844000,video,"Mitsubishi Xpander Premium 2025, đăng ký 2026, odo ...","Mitsubishi Xpander Premium 2025, đăng ký 2026, odo 20.000 km, full bảo dưỡng hãng, 5 vỏ zin theo xe. Giá chào bán: 565 triệu – hỗ ... chi phí nuôi ...","site:facebook.com ""Mitsubishi Xpander"" ""chi phí nuôi xe bảo dưỡng""",2026-09-15 20:25:24
https://www.facebook.com/mitsubishikimlienhanoi2018/videos/mitsubishi-li%E1%BB%87u-c%C3%B3-%C4%91%C3%A1ng-mua-kh%C3%B4ng/1552312040012943,video,Mitsubishi liệu có đáng mua không? Câu trả lời là: có nếu bạn ...,... chi phí nuôi hợp lý ... CÁC MỐC BẢO DƯỠNG QUAN TRỌNG CHO XE MITSUBISHI! Bao lâu thì ...,"site:facebook.com ""Mitsubishi Xpander"" ""chi phí nuôi xe bảo dưỡng""",2026-09-15 20:25:24
https://www.facebook.com/groups/xpandervietnamclub/posts/4168332703389105,group_post,Bảo dưỡng 5000 km xpander các bác cho em danh mục tối ...,Bảo dưỡng 5000 km xpander các bác cho em danh mục tối ưu nhất ạ ... Có tiền nhiều thì nên vào hàng.. Còn ko nhiều tiền thì có rất nhiều sự lựa ...,"site:facebook.com ""Mitsubishi Xpander"" ""chi phí nuôi xe bảo dưỡng""",2026-09-15 20:25:24
https://www.facebook.com/KimlienMitsubishi/videos/nh%E1%BA%ADn-b%C3%A1o-gi%C3%A1-%C6%B0u-%C4%91%C3%A3i-m%E1%BB%9Bi-nh%E1%BA%A5t/1353438793288008,video,Sở hữu ngay mẫu MPV 7 chỗ quốc dân NEW XPANDER- TRẢ ...,"Voucher bảo dưỡng cùng nhiều quà tặng hấp dẫn: sổ da, vitamin, phụ kiện tiện ích,... ... Nâng tầm trải nghiệm: Tặng gói phụ kiện cao cấp chính ...","site:facebook.com ""Mitsubishi Xpander"" ""chi phí nuôi xe bảo dưỡng""",2026-09-15 20:25:24
https://www.facebook.com/oneshotreviewofficial/posts/ch%E1%BB%A7-xe-limo-green-chia-s%E1%BA%BB-th%E1%BA%B3ng-th%E1%BA%AFn-chi-ph%C3%AD-nhi%C3%AAn-li%E1%BB%87u-b%E1%BA%A3o-d%C6%B0%E1%BB%A1ng-ch%E1%BB%89-nh%C6%B0-xe-m%C3%A1y/1458201772537421,page_or_user_post,"Chủ xe Limo Green chia sẻ thẳng thắn, “Chi phí nhiên ...","Anh cho biết, với xe xăng, mỗi 100 km anh phải tốn khoảng 600.000 đồng tiền nhiên liệu, chưa kể chi phí thay nhớt, bảo dưỡng động cơ định kỳ “ ...","site:facebook.com ""Mitsubishi Xpander"" ""chi phí nuôi xe bảo dưỡng""",2026-09-15 20:25:24
https://www.facebook.com/groups/xpandervietnamclub/posts/2806572859565103,group_post,Đây là báo giá Bảo dưỡng 80.000km Vệ sinh kim phun 350k,"CHI PHÍ BẢO DƯỠNG 200.000KM KHOẢNG 120.000 TRIỆU ĐỒNG Đây là chi phí bảo dưỡng các mốc từ 0 đến 200.000km, chính hãng, khá chuẩn cho các bác dự ...","site:facebook.com ""Mitsubishi Xpander"" ""chi phí nuôi xe bảo dưỡng""",2026-09-15 20:25:24
https://www.facebook.com/groups/450562210236650/posts/1477365487556312,group_post,"🔥 MITSUBISHI XPANDER CROSS 2023 – 7 CHỖ, GẦM ...","✓ Vận hành bền bỉ, chi phí bảo dưỡng hợp lý. ✓ Giữ giá tốt sau nhiều năm sử dụng. ✓ Phù hợp cho cả gia đình và kinh doanh. **Giá niêm ...","site:facebook.com ""Mitsubishi Xpander"" ""chi phí nuôi xe bảo dưỡng""",2026-09-15 20:25:24
https://www.facebook.com/groups/xpandervietnamclub/posts/4093325190889857,group_post,Các bác ơi cho em hỏi mốc 45k nên bảo dưỡng những gì ...,Các bác ơi cho em hỏi mốc 45k nên bảo dưỡng những gì vậy ạ ? Mốc 40k e vào hãng họ báo như này nhưng em chưa làm mục nào cả.,"site:facebook.com ""Mitsubishi Xpander"" ""chi phí nuôi xe bảo dưỡng""",2026-09-15 20:25:24
https://www.facebook.com/groups/xpandervietnamclub/posts/4127524587469917,group_post,Ụ mé trước khi mua em hỏi 4 thằng,"Hơn 30 cmt thì có tận 25 cmt là chê X, khen Innova và Limo Green. Cái hay ở chổ đây là group Xpander, các cụ chê X mà sao vẫn còn lưu lạc ...","site:facebook.com ""Mitsubishi Xpander"" ""khen chê chia sẻ kinh nghiệm""",2026-09-15 20:25:28
https://www.facebook.com/groups/xpandervietnamclub/posts/3633582026864178,group_post,"Theo anh em xpander có yếu lắm không, riêng tôi thấy ...","Theo anh em xpander có yếu lắm không, riêng tôi thấy không mạnh như những xe 2.0 nhưng củng không đến nổi yếu đi đà lạt full tải 7 người đề ba ...","site:facebook.com ""Mitsubishi Xpander"" ""khen chê chia sẻ kinh nghiệm""",2026-09-15 20:25:28
https://www.facebook.com/groups/xpandervietnamclub/posts/4081424262079950,group_post,"Xin chào các anh chị em, mong mọi người cho tôi xin một ...","Chào các bác, e xin chia sẻ chút cảm nhận về Xpander premium 2024, và xin hỏi các bác có thấy, hay bị giống e không.? 1. Hệ thống treo quảng cáo ...","site:facebook.com ""Mitsubishi Xpander"" ""khen chê chia sẻ kinh nghiệm""",2026-09-15 20:25:28
https://www.facebook.com/MitsubishiMotorsVietnam/posts/minigame-khoe-ch%E1%BA%A5t-phi%C3%AAu-l%C6%B0u-rinh-qu%C3%A0-%C4%91%E1%BB%99c-nh%E1%BA%A5ttinh-th%E1%BA%A7n-star-camp-kh%C3%B4ng-ch%E1%BB%89-d%E1%BB%ABng/1387926793368086,page_or_user_post,"MINIGAME: KHOE CHẤT PHIÊU LƯU, RINH QUÀ ĐỘC ...","Đừng bỏ lỡ cơ hội trải nghiệm dòng xe Mitsubishi Xpander Cross 2025 mới nhất. Ưu điểm vượt trội: Xe đời 2025 mới, nội thất thơm tho, sạch sẽ.","site:facebook.com ""Mitsubishi Xpander"" ""khen chê chia sẻ kinh nghiệm""",2026-09-15 20:25:28
https://www.facebook.com/otochutin/videos/%C4%91%C3%A1nh-gi%C3%A1-v%E1%BB%81-xe-xpander/26158748123828316,video,Đánh giá ưu nhược điểm của xe xpander | Ô Tô Chữ Tín,"dòng này đời 2020 về trước khi chở nhiều người thì bánh xe và lòng xe cạ vào nhau , sau này rút kinh nghiệm đời xe sau cứng hơn , khi đi 1 người ...","site:facebook.com ""Mitsubishi Xpander"" ""khen chê chia sẻ kinh nghiệm""",2026-09-15 20:25:28
https://www.facebook.com/MitsubishiMotorsVietnam/videos/ng%C6%B0%E1%BB%9Di-d%C3%B9ng-th%E1%BA%ADt-%C4%91%C3%A1nh-gi%C3%A1-xpander-khi-ch%E1%BA%A1y-%C4%91%C6%B0%E1%BB%9Dng-%C4%91%C3%A8o-n%C3%BAi/923783974748074,video,NGƯỜI DÙNG THẬT ĐÁNH GIÁ XPANDER KHI CHẠY ...,"Ngoài ra, anh Thật còn có những đánh giá rất thật về Xpander khi chạy trên địa hình có nhiều đèo núi như Sapa. Cùng Mitsubishi Motors Việt Nam ...","site:facebook.com ""Mitsubishi Xpander"" ""khen chê chia sẻ kinh nghiệm""",2026-09-15 20:25:28
https://www.facebook.com/groups/xpandervietnamclub/posts/3657440181145029,group_post,Em đang băn khoăn giữa 2 dòng xe stargazer X Và ...,Em đang băn khoăn giữa 2 dòng xe stargazer X Và xphander eco khi cùng tầm giá A Nào có kinh nghiệm có thể chia sẻ giúp em nên chọn loại nào được ...,"site:facebook.com ""Mitsubishi Xpander"" ""khen chê chia sẻ kinh nghiệm""",2026-09-15 20:25:28
https://www.facebook.com/groups/xpandervietnamclub/posts/2220406908181704,group_post,"Em chảo các bác ạ, em đang có ý định mua Xpander AT ...","Em chảo các bác ạ, em đang có ý định mua Xpander AT màu trắng mà nghe nói xe thân vỏ mỏng nên dễ lõm khi va chạm và ồn nữa ạ.","site:facebook.com ""Mitsubishi Xpander"" ""khen chê chia sẻ kinh nghiệm""",2026-09-15 20:25:28
https://www.facebook.com/groups/xpandervietnamclub/posts/4025381424350901,group_post,"Em là khách hàng, nói thật là muốn mua Honda BR- V ...","Phuộc xe tốt hơn, ít cảm giác bồng bềnh. Cốp xe hơi chật nếu đi nhiều người thì khó bố trí hành lý. Không có gập mở kính tự động. Về Xpander: ...","site:facebook.com ""Mitsubishi Xpander"" ""khen chê chia sẻ kinh nghiệm""",2026-09-15 20:25:28
https://www.facebook.com/groups/3013233348814971/posts/3743637552441210,group_post,Casper hay TCL tốt hơn? Nên mua điều hòa hãng nào tại kho ...,... Đánh giá ưu nhược điểm của từng thương hiệu ✓ Tư ... Đánh giá ưu nhược điểm của từng thương ... Toyota Veloz - Toyota Fotuno - Hoda BRV - VinFast ...,"site:facebook.com ""Toyota Veloz"" ""đánh giá ưu nhược điểm""",2026-09-15 20:27:36
https://www.facebook.com/toyotacamau.toyotavietnam/posts/mu%E1%BB%91n-bi%E1%BA%BFt-xe-c%C3%B3-v%C3%B4-lo-nh%C6%B0-l%E1%BB%9Di-%C4%91%E1%BB%93n%C4%91%E1%BA%BFn-toyota-l%C3%A1i-th%E1%BB%AD-ngay-toyota-veloz-crosskh%C3%B4ng/971663845587576,page_or_user_post,Toyota Cà Mau - Đại Lý Chính Thức Toyota Việt Nam,... trải nghiệm thực tế siêu phẩm gia đình Toyota Veloz Cross: ✨ Cảm nhận sự thảnh thơi: Với gói an toàn TSS thông minh và không gian 7 chỗ ...,"site:facebook.com ""Toyota Veloz"" ""trải nghiệm thực tế""",2026-09-15 20:27:37
https://www.facebook.com/tpmh.official/posts/c%C3%B3-veloz-tr%E1%BA%A3i-nghi%E1%BB%87m-v%E1%BA%B9n-tr%C3%B2n-c%C3%B9ng-toyota-ph%C3%BA-m%E1%BB%B9-h%C6%B0ng-m%E1%BB%99t-chi%E1%BA%BFc-xe-ph%C3%B9-h%E1%BB%A3p-kh%C3%B4ng/1503552638444953,page_or_user_post,CÓ VELOZ – TRẢI NGHIỆM VẸN TRÒN CÙNG TOYOTA PHÚ ...,"... trải nghiệm thực tế dòng xe Toyota Veloz Cross ✔️Lái thử và cảm nhận khả năng vận hành linh hoạt, tiện nghi ✔️Được tư vấn thêm về cách chăm sóc, sử dụng ...","site:facebook.com ""Toyota Veloz"" ""trải nghiệm thực tế""",2026-09-15 20:27:37
https://www.facebook.com/ToyotaTsushoGroup/videos/-99-tri%E1%BB%87u-b%E1%BA%AFt-%C4%91%E1%BA%A7u-v%E1%BB%9Bi-veloz-7-ch%E1%BB%97-nghe-h%C6%A1i-kh%C3%B3-tin-nh%C6%B0ng-v%E1%BB%9Bi-t%E1%BB%AB-99-tri%E1%BB%87u-ban-%C4%91%E1%BA%A7u/1097068669501167,video,"99 TRIỆU, BẮT ĐẦU VỚI VELOZ 7 CHỖ ❓ Nghe ...","... Toyota Veloz 7 chỗ và trả góp ... trải nghiệm thực tế khoang nội thất, cảm nhận sự thoải mái trên từng vị trí ngồi ...","site:facebook.com ""Toyota Veloz"" ""trải nghiệm thực tế""",2026-09-15 20:27:37
https://www.facebook.com/groups/toyotavnveloz/posts/1256049376640470,group_post,Veloz có xem được áp suất lốp trên màn hình ko các bác ...,Hội Anh Em Toyota Veloz. Khám Phá Động VậtApr 9. Veloz có xem được áp ... Ae nào đã làm rồi cho em xin thêm ít trải nghiệm thực tế với ạ.,"site:facebook.com ""Toyota Veloz"" ""trải nghiệm thực tế""",2026-09-15 20:27:37
https://www.facebook.com/groups/toyotavnveloz/posts/1153379620240780,group_post,Hôm bữa có bạn nào chia sẽ cách cài đặt km quảng ...,"Hội Anh Em Toyota Veloz. Hoàng Thiện󰞋Nov 25, 2025󰞋󱟠. 󳄫. Hôm bữa có ... Ae nào đã làm rồi cho em xin thêm ít trải nghiệm thực tế với ạ.","site:facebook.com ""Toyota Veloz"" ""trải nghiệm thực tế""",2026-09-15 20:27:37
https://www.facebook.com/groups/1163182927490308/posts/2451964121945509,group_post,Nhà em nên chọn dòng 7 chỗ Toyota Veloz hay Expander,"Toyota Veloz. 16w · 1 like. Nguyến Đình. Dòng Toyota, các Chi tiết ... * Đăng ký lái thử và trải nghiệm thực tế. VinFast MPV7 – Rộng không ...","site:facebook.com ""Toyota Veloz"" ""trải nghiệm thực tế""",2026-09-15 20:27:37
https://www.facebook.com/groups/687717375939218/posts/759005355477086,group_post,Cho em hỏi veloz thân vỏ có mỏng bỏ kêu ộp ộp như lời ...,"Hội Toyota Veloz Cross Việt Nam. Pham AnhMay 11, 2022. Cho em hỏi ... Nói thật là cứ phải ra trải nghiệm thực tế chứ còn hỏi thế này thì ...","site:facebook.com ""Toyota Veloz"" ""trải nghiệm thực tế""",2026-09-15 20:27:37
https://www.facebook.com/toyotacamau.toyotavietnam/posts/l%C3%BD-do-nhi%E1%BB%81u-gia-%C4%91%C3%ACnh-tr%E1%BA%BB-ch%E1%BB%91t-veloz-cross-ngay-l%E1%BA%A7n-%C4%91%E1%BA%A7u-mua-xe%EF%B8%8Fkh%C3%B4ng-ph%E1%BA%A3i-ng%E1%BA%ABu-nh/1042731271814166,page_or_user_post,"LÝ DO NHIỀU GIA ĐÌNH TRẺ ""CHỐT"" VELOZ CROSS ...","... Toyota Veloz Cross luôn nằm trong danh sách những mẫu MPV được các gia đình trẻ yêu thích nhất. Chỉ cần trải nghiệm thực tế, bạn sẽ hiểu vì ...","site:facebook.com ""Toyota Veloz"" ""trải nghiệm thực tế""",2026-09-15 20:28:38
https://www.facebook.com/binhdinhtoyota.com.vn/posts/-l%C3%A1i-th%E1%BB%AD-xe-toyota-tr%E1%BA%A3i-nghi%E1%BB%87m-th%E1%BB%B1c-t%E1%BA%BF-ch%E1%BB%8Dn-xe-nh%C6%B0-%C3%BDtoyota-b%C3%ACnh-%C4%91%E1%BB%8Bnh-tr%C3%A2n-tr%E1%BB%8Dng-/1484590663471180,page_or_user_post,LÁI THỬ XE TOYOTA – TRẢI NGHIỆM THỰC TẾ ...,"... Toyota Veloz Cross và Toyota Avanza Premio. Bên cạnh đó, Quý khách ... trải nghiệm thực tế, Quý khách còn có cơ hội nhận nhiều ưu đãi ...","site:facebook.com ""Toyota Veloz"" ""trải nghiệm thực tế""",2026-09-15 20:28:38
https://www.facebook.com/toyotabuonmathuot2013/videos/%EF%B8%8F-h%C3%A0ng-gh%E1%BA%BF-sofa-tr%C3%AAn-toyota-veloz-s%E1%BA%B5n-s%C3%A0ng-c%C3%B9ng-b%E1%BA%A1n-%C4%91i-so-farv%E1%BB%9Bi-kh%E1%BA%A3-n%C4%83ng-g%E1%BA%ADp-ph/2051660815733773,video,HÀNG GHẾ SOFA TRÊN TOYOTA VELOZ – SẴN SÀNG ...,Inbox Toyota Buôn Ma Thuột để trải nghiệm thực tế Toyota Veloz ngay hôm nay! ----------- TOYOTA BUÔN MA THUỘT - Hotline : 1800 599 924 - 29 ...,"site:facebook.com ""Toyota Veloz"" ""trải nghiệm thực tế""",2026-09-15 20:28:38
https://www.facebook.com/PhuTaiDucGroup.15TranPhu/videos/l%C3%A1i-m%E1%BB%9Bi-kh%C3%B4ng-c%C3%B2n-lo-%C4%91%C3%A3-c%C3%B3-toyota-veloz-b%E1%BA%A3o-v%E1%BB%87-to%C3%A0n-di%E1%BB%87nb%E1%BA%A1n-m%E1%BB%9Bi-l%C3%A1i-xe-lo-l%E1%BA%AFng-v/3738623023098097,video,LÁI MỚI KHÔNG CÒN LO – ĐÃ CÓ TOYOTA VELOZ BẢO VỆ ...,để được tư vấn và trải nghiệm thực tế các tính năng an toàn hiện đại trên Toyota Veloz Cross. 󱝍. Trần Nhân Tôn and 24 others. 25 reactions ...,"site:facebook.com ""Toyota Veloz"" ""trải nghiệm thực tế""",2026-09-15 20:28:38
https://www.facebook.com/Otofun.Community/videos/ph%E1%BB%8Fng-v%E1%BA%A5n-ng%C6%B0%E1%BB%9Di-d%C3%B9ng-toyota-veloz-cross-chi%E1%BA%BFc-xe-l%C3%BD-t%C6%B0%E1%BB%9Fng-d%C3%A0nh-cho-gia-%C4%91%C3%ACnh-tr%E1%BA%BB/430957405669007,video,Phỏng vấn người dùng TOYOTA VELOZ CROSS Diện mạo trẻ ...,Phỏng vấn người dùng Toyota Veloz Cross - Chiếc xe lý tưởng dành cho gia đình trẻ ... Các cụ xem ảnh và trải nghiệm thực tế sẽ khác nhau đấy em ...,"site:facebook.com ""Toyota Veloz"" ""trải nghiệm thực tế""",2026-09-15 20:28:38
https://www.facebook.com/ToyotaThaiBinh/videos/veloz-cross-an-t%C3%A2m-tr%C3%AAn-m%E1%BB%8Di-h%C3%A0nh-tr%C3%ACnh-%C4%91%C3%A8n-chi%E1%BA%BFu-xa-t%E1%BB%B1-%C4%91%E1%BB%99ng-ahb-t%E1%BB%B1-%C4%91%E1%BB%99ng-b%E1%BA%ADtt%E1%BA%AFt-l/1600395567993456,video,Veloz Cross – an tâm trên mọi hành trình Đèn chiếu xa tự ...,... trải nghiệm thực tế ... TOYOTA VELOZ CROSS - Ưu đãi hơn 100triệu đồng Toyota Veloz Cross được.,"site:facebook.com ""Toyota Veloz"" ""trải nghiệm thực tế""",2026-09-15 20:28:38
https://www.facebook.com/toyotacamau.toyotavietnam/videos/-top-nh%E1%BB%AFng-l%C3%BD-do-n%C3%AAn-ch%E1%BB%8Dn-mua-toyota-veloz-cross-/1387999339559233,video,TOP NHỮNG LÝ DO NÊN CHỌN MUA TOYOTA VELOZ ...,"... dụng và bền bỉ. Đừng chần chừ, hãy đến ngay Toyota Cà Mau để trải nghiệm thực tế và nhận ưu đãi hấp dẫn khi mua Toyota Veloz Cross hôm nay!","site:facebook.com ""Toyota Veloz"" ""trải nghiệm thực tế""",2026-09-15 20:28:38
https://www.facebook.com/ToyotaVietnam/posts/b%E1%BA%A1n-%C4%91%C3%A3-s%E1%BA%B5n-s%C3%A0ng-h%E1%BA%B9n-h%C3%B2-v%E1%BB%9Bi-toyota-t%E1%BA%A1i-tp-hcm-ch%C6%B0av%E1%BB%9Bi-s%E1%BB%B1-g%C3%B3p-m%E1%BA%B7t-%C4%91%E1%BA%B7c-bi%E1%BB%87t-c%E1%BB%A7a-ch%E1%BB%8B/432489765801839,page_or_user_post,Toyota Việt Nam,... Trải nghiệm thực tế ảo các tính năng an toàn Toyota Safety Sense ... CHỌN TOYOTA VELOZ CROSS - CHỌN ĐÁP ÁN TRỌN VẸN CHO MỌI NHU CẦU! Bố ...,"site:facebook.com ""Toyota Veloz"" ""trải nghiệm thực tế""",2026-09-15 20:28:38
https://www.facebook.com/TOYOTATAYNINH/posts/-th%C3%B4ng-b%C3%A1o-s%E1%BB%B1-ki%E1%BB%87n-c%C3%B9ng-toyota-veloz-cross-m%E1%BB%9F-l%E1%BB%91i-th%C3%A0nh-c%C3%B4ng-toyota-t%C3%A2y-ninh-tr%C3%A2/1657379086397596,page_or_user_post,Toyota Veloz Cross. 📅 Thời gian: 08h00 – 12h00,... Toyota Veloz Cross. Thời gian: 08h00 – 12h00 | Ngày 21/03/2026 ... trải nghiệm thực tế! Liên hệ ngay Hotline 1800 6565 hoặc inbox ...,"site:facebook.com ""Toyota Veloz"" ""trải nghiệm thực tế""",2026-09-15 20:28:38
https://www.facebook.com/groups/292473843015490/posts/1169498085313057,group_post,Lỗ thường gặp của xe veloz ?,Hội Xe Toyota Veloz Cross Việt nam MC ( Club Toyota Veloz Cross ) ... Lỗi thường gặp là hay phải đổ xăng và thay nhớt. 41w · 1 like. Dvdl Bảo ...,"site:facebook.com ""Toyota Veloz"" ""lỗi thường gặp""",2026-09-15 20:28:45
https://www.facebook.com/garathoidaibonbanh/posts/toyota-veloz-b%E1%BB%8B-h%E1%BB%8Fng-qu%E1%BA%A1t-k%C3%A9t-n%C6%B0%E1%BB%9Bc-ca-n%C3%A0y-anh-em-n%C3%AAn-l%C6%B0u-t%C3%A2m-nh%C3%A9-tr%C6%B0%E1%BB%9Dng-h%E1%BB%A3p-b%C3%A1c-/1049338884322683,page_or_user_post,Toyota #Veloz bị hỏng quạt két nước ca này anh em nên ...,Toyota #Veloz bị hỏng quạt két nước ca này anh em nên Lưu tâm ... lỗi thường gặp trên xe Toyota Altis đời cũ anh em nếu mua xe cũ nên ...,"site:facebook.com ""Toyota Veloz"" ""lỗi thường gặp""",2026-09-15 20:28:45
https://www.facebook.com/garathoidaibonbanh/posts/b%E1%BA%A3o-d%C6%B0%E1%BB%A1ng-xe-toyota-veloz-c%E1%BA%A5p-l%E1%BB%9Bn-h%C6%A1n-10-v%E1%BA%A1n-c%E1%BA%A7n-l%C3%A0m-nh%E1%BB%AFng-g%C3%AC-chi-ph%C3%AD-c%C3%B3-t%E1%BB%91n-k%C3%A9m/722093187047256,page_or_user_post,Bảo dưỡng xe toyota veloz cấp lớn hơn 10 vạn cần làm ...,Bảo dưỡng xe toyota veloz cấp lớn hơn 10 vạn cần làm những gì ... lỗi thường gặp trên xe Toyota Altis đời cũ anh em nếu mua xe cũ nên ...,"site:facebook.com ""Toyota Veloz"" ""lỗi thường gặp""",2026-09-15 20:28:45
https://www.facebook.com/ToyotaHaiDuongTHA/posts/-nh%E1%BB%AFng-l%E1%BB%97i-th%C6%B0%E1%BB%9Dng-g%E1%BA%B7p-khi-l%C3%A1i-xe-b%E1%BA%A1n-c%C3%B3-%C4%91ang-m%E1%BA%AFc-ph%E1%BA%A3id%C3%B9-l%C3%A0-ng%C6%B0%E1%BB%9Di-m%E1%BB%9Bi-c%E1%BA%A7m-l%C3%A1i-hay/1646176337514044,page_or_user_post,NHỮNG LỖI THƯỜNG GẶP KHI LÁI XE – BẠN CÓ ĐANG MẮC ...,NHỮNG LỖI THƯỜNG GẶP KHI LÁI XE – BẠN CÓ ĐANG MẮC ... NHỮNG LỖI THƯỜNG GẶP KHI LÁI XE – BẠN ... Toyota Veloz Cross để mọi hành trình của gia đình ...,"site:facebook.com ""Toyota Veloz"" ""lỗi thường gặp""",2026-09-15 20:28:45
https://www.facebook.com/groups/3102071463354352/posts/4638794286348721,group_post,THÔNG BÁO EM VẪN NHẬN LỊCH XE TỰ LÁI Limo Green ...,"... TOYOTA VELOZ Xe 16 , 29 phục vụ đoàn Nhanh tay liên hệ em để giữ ... lỗi thường gặp TỦ LẠNH – TỦ ĐÔNG • Tủ không lạnh, lạnh yếu ...","site:facebook.com ""Toyota Veloz"" ""lỗi thường gặp""",2026-09-15 20:28:48
https://www.facebook.com/groups/vf3haiphong/posts/1771409793689859,group_post,Hải khá quan tâm chỉ số Crash Test sao an toàn như Euro ...,... Toyota Veloz / Avanza / Vios xuất hiện trong tương lai nhưng ở 1 tên ... Và lỗi thường gặp là gì ? Lượng tiêu hao nhiên liệu nếu tối đa ...,"site:facebook.com ""Toyota Veloz"" ""lỗi thường gặp""",2026-09-15 20:28:48
https://www.facebook.com/groups/2732285143757175/posts/4179182425734099,group_post,Jaecoo J8 2 cầu 650 mã lực liệu có đốn tim anh em :)),Tạm thời mình đang đi con Toyota Veloz nhưng dạo này bễ quá chưa có kinh tế đổi. ... lỗi thường gặp và khả năng đi đường dài với ạ. Đặc biệt đang ...,"site:facebook.com ""Toyota Veloz"" ""lỗi thường gặp""",2026-09-15 20:28:48
https://www.facebook.com/thegioiphuongtien.vn/posts/b%E1%BA%A3n-tin-th%E1%BA%BF-gi%E1%BB%9Bi-ph%C6%B0%C6%A1ng-ti%E1%BB%87n-ng%C3%A0y-29072026-tin-trong-n%C6%B0%E1%BB%9Bc-honda-vi%E1%BB%87t-nam-tri%E1%BB%87u-h/1662871932511879,page_or_user_post,BẢN TIN THẾ GIỚI PHƯƠNG TIỆN NGÀY 29/07/2026 ------ ...,"... Toyota Veloz Cross tăng tốc doanh số, cuộc đua MPV cỡ B thêm cạnh ... lỗi thường gặp trên ô tô mới, người mua cần kiểm tra kỹ ...","site:facebook.com ""Toyota Veloz"" ""lỗi thường gặp""",2026-09-15 20:28:48
https://www.facebook.com/groups/1863982170525539/posts/4542303569360039,group_post,"Chào các bác chủ xe Fiesta, Eco,focus! 👋🚗 Nhóm Zalo này ...","... lỗi thường gặp, cách sửa chữa, và chia sẻ kinh nghiệm lái xe. Mời ... 22:34 17/8 Toyota Veloz Top 2026 . lướt : 6000km sai đốt xe ...","site:facebook.com ""Toyota Veloz"" ""lỗi thường gặp""",2026-09-15 20:28:48
https://www.facebook.com/groups/851463535479312/posts/2114160665876253,group_post,"Bảo ❤️🔥 Tháng 8 này nhà em còn trống xe nhiều ngày, anh","... lỗi thường gặp • Kiểm tra/bổ sung gas khi cần Máy lọc nước • Sửa ... Toyota Veloz, Xpander, Toyota Rush, Kia Sendona, Kia Carnival ...","site:facebook.com ""Toyota Veloz"" ""lỗi thường gặp""",2026-09-15 20:28:48
https://www.facebook.com/ToyotaLT/videos/-toyota-veloz-cross-%C4%91%E1%BA%B3ng-c%E1%BA%A5p-ti%E1%BB%87n-nghi-an-to%C3%A0n-tr%C3%AAn-m%E1%BB%8Di-h%C3%A0nh-tr%C3%ACnh-kh%C3%B4ng-ch%E1%BB%89-s%E1%BB%9F-/4494049150916932,video,"🚗 TOYOTA VELOZ CROSS – ĐẲNG CẤP TIỆN NGHI, AN TOÀN ...","❤️ Toyota Veloz Cross không chỉ là một chiếc MPV 7 chỗ, mà còn là người bạn đồng hành lý tưởng cho gia đình với sự kết hợp hoàn hảo giữa An toàn – Tiện nghi – ...","site:facebook.com ""Toyota Veloz"" ""chi phí nuôi xe bảo dưỡng""",2026-09-15 20:28:50
https://www.facebook.com/otosaigon/posts/veloz-cross-mpv-b%E1%BB%81n-b%E1%BB%89-ti%E1%BA%BFt-ki%E1%BB%87m-v%C3%A0-%C4%91%C3%A1ng-ti%E1%BB%81n-trong-t%E1%BA%A7m-gi%C3%A1sau-h%C6%A1n-m%E1%BB%99t-n%C4%83m-s%E1%BB%AD-d%E1%BB%A5/873508951678365,page_or_user_post,"Veloz Cross – MPV bền bỉ, tiết kiệm và đáng tiền trong tầm ...","Với bình xăng 43 lít, xe đi được 600 km đường trường hoặc 300–350 km trong đô thị, chi phí bảo dưỡng chỉ 550.000 đồng/lần, minh chứng cho lợi ...","site:facebook.com ""Toyota Veloz"" ""khen chê chia sẻ kinh nghiệm""",2026-09-15 20:28:51
https://www.facebook.com/Hunglamxehay/videos/khai-xu%C3%A2n-c%C3%B9ng-toyota-veloz-cross-kh%C3%B3-%E1%BB%9F-th%E1%BB%9Di-%C4%91i%E1%BB%83m-nh%C6%B0ng-v%E1%BA%ABn-l%E1%BB%A3i-v%E1%BB%81-l%C3%A2u-d%C3%A0i-xehay/1378685587361140,video,Khai xuân cùng Toyota Veloz Cross: Khó ở thời điểm nhưng ...,Khai xuân cùng Toyota Veloz Cross: Khó ở thời điểm nhưng vẫn.. lợi về lâu dài! |XEHAY.VN| -------------------- Cảm ơn quý vị và các bạn đã ...,"site:facebook.com ""Toyota Veloz"" ""khen chê chia sẻ kinh nghiệm""",2026-09-15 20:28:51
https://www.facebook.com/otosaigon/posts/ng%C6%B0%E1%BB%9Di-d%C3%B9ng-toyota-veloz-cross-ph%C5%A9-ph%C3%A0ng-%C4%91%C3%A1nh-gi%C3%A1-m%C3%A1y-l%E1%BA%A1nh-y%E1%BA%BFu-v%C3%A0-khoang-%C4%91%E1%BB%83-%C4%91%E1%BB%93-h%E1%BA%A1/806195895076338,page_or_user_post,Người dùng đánh giá Toyota Veloz Cross,"Người dùng Toyota Veloz Cross ""phũ phàng"" đánh giá máy lạnh yếu và khoang để đồ hạn chế khi đi đủ tải. Thế nhưng, mẫu xe này vẫn nhận điểm 8/10.","site:facebook.com ""Toyota Veloz"" ""khen chê chia sẻ kinh nghiệm""",2026-09-15 20:28:51
https://www.facebook.com/otosaigon/posts/nhi%E1%BB%81u-anh-em-v%E1%BA%ABn-ng%E1%BA%A1i-m%C3%A1y-15-c%E1%BB%A7a-veloz-y%E1%BA%BFu-nh%C6%B0ng-th%E1%BB%B1c-t%E1%BA%BF-s%E1%BB%AD-d%E1%BB%A5ng-l%E1%BA%A1i-mang-%C4%91%E1%BA%BFn-c%C3%A1/981843600844899,page_or_user_post,"Nhiều anh em vẫn ngại máy 1.5 của Veloz yếu, nhưng ...","Nhiều anh em vẫn ngại máy 1.5 của Veloz yếu, nhưng thực tế sử dụng lại mang đến cái nhìn khác. Dưới đây là cảm nhận sau những km đầu tiên: ...","site:facebook.com ""Toyota Veloz"" ""khen chê chia sẻ kinh nghiệm""",2026-09-15 20:28:51
https://www.facebook.com/ToyotaThanhXuan/posts/-h%E1%BB%87-th%E1%BB%91ng-ki%E1%BB%83m-so%C3%A1t-v%E1%BA%ADn-h%C3%A0nh-ch%C3%A2n-ga-pmc-tr%C3%AAn-veloz-cross-veloz-cross-l%C3%A0-m%E1%BA%ABu-xe-/1131167619038766,page_or_user_post,🚘 Hệ thống kiểm soát vận hành chân ga (PMC) trên Veloz ...,Hệ thống kiểm soát vận hành chân ga (PMC) trên Veloz Cross Veloz Cross là mẫu xe duy nhất trong phân khúc B-MPV 7 chỗ đa dụng được trang ...,"site:facebook.com ""Toyota Veloz"" ""khen chê chia sẻ kinh nghiệm""",2026-09-15 20:28:51
https://www.facebook.com/dangsauvolang/posts/c%C3%B3-n%C3%AAn-mua-toyota-corolla-cross-%C4%91%C3%A1nh-gi%C3%A1-%C6%B0u-nh%C6%B0%E1%BB%A3c-%C4%91i%E1%BB%83m-chi-ti%E1%BA%BFt-nh%E1%BA%A5t/1486261916874515,page_or_user_post,Có nên mua Toyota Corolla Cross? Đánh giá ưu nhược điểm chi ...,Có nên mua Toyota Corolla Cross? Đánh giá ưu nhược điểm ... Đánh giá ưu nhược điểm chi tiết nhất · May be an ... Có nên chốt Kia Carnival 2026 ko các anh em thiện ...,"site:facebook.com ""Kia Carnival"" ""đánh giá ưu nhược điểm""",2026-09-15 20:30:37
https://www.facebook.com/NiceCarVietNam/videos/-%C4%91%C3%B4i-khi-ch%E1%BB%89-sang-tr%E1%BB%8Dng-th%C3%B4i-v%E1%BA%ABn-ch%C6%B0a-%C4%91%E1%BB%A7chi%E1%BA%BFc-kia-carnival-n%C3%A0y-tr%C6%B0%E1%BB%9Bc-%C4%91%C3%B3-%C4%91%C3%A3-%C4%91%C6%B0%E1%BB%A3c-/1883127175984258,video,"Đôi khi, chỉ sang trọng thôi vẫn chưa đủ. Chiếc Kia Carnival ...","Chiếc Kia Carnival này trước đó đã được nâng cấp full nội thất ... trải nghiệm thực tế, giúp chiếc xe không chỉ đẹp hơn mà còn phù hợp ...","site:facebook.com ""Kia Carnival"" ""trải nghiệm thực tế""",2026-09-15 20:30:39
https://www.facebook.com/NiceCarVietNam/videos/b%E1%BA%A1n-nh%C3%ACn-th%E1%BA%A5y-g%C3%AC-tr%C3%AAn-chi%E1%BA%BFc-kia-carnival-n%C3%A0ykh%C3%B4ng-ph%E1%BA%A3i-l%C3%A0-nh%E1%BB%AFng-n%C3%A2ng-c%E1%BA%A5p-qu%C3%A1-ph%C3%B4/977415854939624,video,BẠN NHÌN THẤY GÌ TRÊN CHIẾC KIA CARNIVAL NÀY ...,"... trải nghiệm thực tế. - Ghế hàng 2 chỉnh đ | Nice Car - Hãng Nâng Cấp ... Với gói độ phụ kiện cho Kia Carnival tại Nice Car, sẽ không làm AE.","site:facebook.com ""Kia Carnival"" ""trải nghiệm thực tế""",2026-09-15 20:30:39
https://www.facebook.com/KiaVietNam.Official/videos/kh%C3%A1m-ph%C3%A1-kia-new-carnival-m%E1%BA%ABu-suv-c%E1%BB%A1-l%E1%BB%9Bn-kh%E1%BA%B3ng-%C4%91%E1%BB%8Bnh-v%E1%BB%8B-th%E1%BA%BF-d%E1%BA%ABn-%C4%91%E1%BA%A7unew-carnival-m/1035238694537386,video,KHÁM PHÁ KIA NEW CARNIVAL | MẪU SUV CỠ LỚN ...,Mong được trải nghiệm thực tế. 2y. 1. Kia Vietnam. Chào Việt Trần ... Kia Carnival Sig full Dầu siêu lướt 2025 7s #bachcars #Kia #carnival.,"site:facebook.com ""Kia Carnival"" ""trải nghiệm thực tế""",2026-09-15 20:30:39
https://www.facebook.com/groups/1739948139826177/posts/2293093734511612,group_post,Mình sắp lấy xe mà đang phân vân bản HEV ghế Vip & ...,Hội Kia Carnival Việt Nam™ (CarnivalClubVN). OptimisticAsparagus2561 ... trải nghiệm thực tế Thanks AE · Hoàng An and 38 others · 39 · 49 · 2.,"site:facebook.com ""Kia Carnival"" ""trải nghiệm thực tế""",2026-09-15 20:30:39
https://www.facebook.com/kiagiaiphong.vn/videos/kia-new-carnival-%C6%B0u-%C4%91%C3%A3i-t%E1%BB%91t-s%E1%BB%9F-h%E1%BB%AFu-d%E1%BB%85-d%C3%A0ng/756663873417078,video,KIA NEW CARNIVAL ƯU ĐÃI 50 TRIỆU - SỞ HỮU NGAY ...,▪️ Bảo hành 5 năm hoặc 150.000 Km. ▪️ Trải nghiệm thực tế - đăng ký miễn phí. ▪️ Xe có sẵn – giao ngay. Kia Carnival xứng tầm đẳng cấp với ...,"site:facebook.com ""Kia Carnival"" ""trải nghiệm thực tế""",2026-09-15 20:30:39
https://www.facebook.com/showroomkiatruongchinh/posts/-kia-carnival-hybrid-%C4%91%E1%BB%89nh-cao-c%C3%B4ng-ngh%E1%BB%87-ti%E1%BB%87n-nghik%E1%BA%BFt-h%E1%BB%A3p-ho%C3%A0n-h%E1%BA%A3o-gi%E1%BB%AFa-hi%E1%BB%87u-su%E1%BA%A5t/1410365031098266,page_or_user_post,Kia Carnival Hybrid – Đỉnh cao công nghệ & tiện nghi Kết ...,Kia Carnival Hybrid – Đỉnh cao công nghệ & tiện nghi Kết hợp hoàn hảo ... Trải nghiệm thực tế tại Kia Trường Chinh #KiaCarnivalHybrid ...,"site:facebook.com ""Kia Carnival"" ""trải nghiệm thực tế""",2026-09-15 20:30:39
https://www.facebook.com/mmkauto.vn/videos/-chi%E1%BA%BFc-carnival-%C4%91%C6%B0%E1%BB%A3c-mmk-%C4%91%E1%BA%A7u-t%C6%B0-%C4%91%E1%BB%99-to%C3%A0n-di%E1%BB%87n-%C4%91%C3%A3-s%E1%BA%B5n-s%C3%A0ng-n%E1%BA%BFu-b%E1%BA%A1n-%C4%91ang-t%C3%ACm-ki%E1%BA%BFm-m/1533915684846274,video,CHIẾC CARNIVAL ĐƯỢC MMK ĐẦU TƯ ĐỘ TOÀN DIỆN ĐÃ ...,... Kia Carnival dành cho bạn. NHỮNG ĐIỂM NHẤN ĐẮT GIÁ CỦA NỘI THẤT ... Rõ lớp và cảm xúc hơn khi trải nghiệm thực tế. Dưới chân là bộ ...,"site:facebook.com ""Kia Carnival"" ""trải nghiệm thực tế""",2026-09-15 20:30:39
https://www.facebook.com/groups/1875403786299425/posts/2436830440156754,group_post,E đang phân vân giữa xe kia carnival và Volkswagen ...,"... trải nghiệm thực tế xe ạ . Em Hải 0908765678. 35w · 1 like. Lê Minh ... Kia Carnival Signature 3.5L Xăng 2022 Trắng Nâu 31,000 km Hotline ...","site:facebook.com ""Kia Carnival"" ""trải nghiệm thực tế""",2026-09-15 20:30:39
https://www.facebook.com/kialongbien/posts/gi%E1%BA%A3i-m%C3%A3-c%C3%B4ng-ngh%E1%BB%87-hybrid-tr%C3%AAn-kia-carnival-hev-m%E1%BA%ABu-xe-c%E1%BB%A1-l%E1%BB%9Bn-cao-c%E1%BA%A5p-b%C3%A1n-ch%E1%BA%A1y-nh/1432737572193045,page_or_user_post,GIẢI MÃ CÔNG NGHỆ HYBRID TRÊN KIA CARNIVAL HEV ...,"GIẢI MÃ CÔNG NGHỆ HYBRID TRÊN KIA CARNIVAL HEV – MẪU XE CỠ LỚN CAO ... trải nghiệm thực tế, nhận tư vấn ưu đãi hấp dẫn và tìm cho mình ...","site:facebook.com ""Kia Carnival"" ""trải nghiệm thực tế""",2026-09-15 20:30:39
https://www.facebook.com/auto365tpthuduc/videos/kia-carnival-l%E1%BB%99t-b%E1%BB%8F-l%E1%BB%9Bp-phim-c%C5%A9-v%C3%A0-n%C3%A2ng-c%E1%BA%A5p-l%E1%BA%A1i-phim-c%C3%A1ch-nhi%E1%BB%87t-3m-%C4%91%E1%BB%83-c%E1%BA%A3i-thi%E1%BB%87n-/1940554469950015,video,Kia Carnival lột bỏ lớp phim cũ và nâng cấp lại phim cách ...,Kia Carnival lột bỏ lớp phim cũ và nâng cấp lại phim cách nhiệt ... TRẢI NGHIỆM THỰC TẾ: So Sánh Phim Cách Nhiệt 3M Cystalline BLK Thế ...,"site:facebook.com ""Kia Carnival"" ""trải nghiệm thực tế""",2026-09-15 20:30:39
https://www.facebook.com/mmkauto.vn/posts/m%C3%A0n-h%C3%ACnh-tr%E1%BA%A7n-kia-carnival-c%C3%A1nh-c%E1%BB%ADa-m%E1%BB%9F-ra-th%E1%BA%BF-gi%E1%BB%9Bi-gi%E1%BA%A3i-tr%C3%AD-di%E1%BB%87u-k%E1%BB%B3th%E1%BB%AD-t%C6%B0%E1%BB%9Fng-t%C6%B0%E1%BB%A3/811074841043230,page_or_user_post,Màn hình trần Kia Carnival - Cánh cửa mở ra thế giới giải ...,... Kia Carnival trong một ... trải nghiệm thực tế! Carvina - Chuyên độ Carnival!!! LH: 0838033789 ...,"site:facebook.com ""Kia Carnival"" ""trải nghiệm thực tế""",2026-09-15 20:30:42
https://www.facebook.com/VjetRuaxeNhatban/videos/ch%E1%BB%89-c%E1%BA%A7n-ng%E1%BB%93i-th%E1%BB%AD-m%E1%BB%99t-l%E1%BA%A7n-b%E1%BA%A1n-s%E1%BA%BD-c%C3%B3-c%C3%A2u-tr%E1%BA%A3-l%E1%BB%9Dic%C3%B4-ch%C3%BA-mang-chi%E1%BA%BFc-kia-carnival-%C4%91%E1%BA%BFn/1097515049274952,video,Chỉ cần ngồi thử một lần... bạn sẽ có câu trả lời. Cô chú mang ...,"... Kia Carnival đến HongYi để nâng cấp cặp ghế 6.0 Pro Max. Ban đầu chỉ ... trải nghiệm thực tế, giúp chiếc xe không chỉ đẹp hơn mà còn ...","site:facebook.com ""Kia Carnival"" ""trải nghiệm thực tế""",2026-09-15 20:30:42
https://www.facebook.com/mmkauto.vn/videos/-kia-carnival-n%C3%A2ng-c%E1%BA%A5p-gh%E1%BA%BF-mika-60-c%C3%B9ng-nh%E1%BB%AFng-h%E1%BA%A1ng-m%E1%BB%A5c-ti%E1%BB%87n-%C3%ADch-chu%E1%BA%A9n-th%C6%B0%C6%A1ng-gia/1399406954970391,video,KIA CARNIVAL NÂNG CẤP GHẾ MIKA 6.0 CÙNG NHỮNG ...,"KIA CARNIVAL NÂNG CẤP GHẾ MIKA 6.0 CÙNG NHỮNG HẠNG MỤC TIỆN ÍCH ... Sau rất nhiều trải nghiệm thực tế, tìm hiểu thông tin và cân nhắc ...","site:facebook.com ""Kia Carnival"" ""trải nghiệm thực tế""",2026-09-15 20:30:42
https://www.facebook.com/NiceCarVietNam/posts/kia-carnival-all-new-l%E1%BA%AFp-%C4%91%E1%BA%B7t-s%C3%A0n-carbon-sang-tr%E1%BB%8Dngv%E1%BB%9Bi-thi%E1%BA%BFt-k%E1%BA%BF-m%E1%BB%9Bi-l%E1%BA%A1-%C4%91i%E1%BB%83m-nh%E1%BA%A5n-/1097484555715961,page_or_user_post,KIA CARNIVAL ALL NEW LẮP ĐẶT SÀN CARBON SANG ...,KIA CARNIVAL ALL NEW LẮP ĐẶT SÀN CARBON SANG TRỌNG Với thiết kế ... trải nghiệm thực tế các mẫu sàn Carbon/ sàn gỗ dành riêng cho xe ...,"site:facebook.com ""Kia Carnival"" ""trải nghiệm thực tế""",2026-09-15 20:30:42
https://www.facebook.com/mmkauto.vn/videos/-m%C3%A0n-h%C3%ACnh-tr%E1%BA%A7n-android-183-inch-cho-kia-carnival-gi%E1%BA%A3i-ph%C3%A1p-gi%E1%BA%A3i-tr%C3%AD-%C4%91%E1%BB%89nh-cao-cho/1553771509783751,video,MÀN HÌNH TRẦN ANDROID 18.3 INCH CHO KIA CARNIVAL ...,"Thiết bị được tối ưu hóa để đồng bộ trực tiếp với hệ thống loa nguyên bản của Kia Carnival, mang lại âm thanh sống động trọn vẹn mà không cần ...","site:facebook.com ""Kia Carnival"" ""trải nghiệm thực tế""",2026-09-15 20:30:42
https://www.facebook.com/NiceCarVietNam/posts/-l%C3%A0-m%E1%BB%99t-t%C3%ADn-%C4%91%E1%BB%93-y%C3%AAu-xe-v%C3%A0-gia-%C4%91%C3%ACnh-ai-c%C5%A9ng-mu%E1%BB%91n-s%E1%BB%9F-h%E1%BB%AFu-ngay-nh%E1%BB%AFng-m%C3%B3n-ph%E1%BB%A5-ki%E1%BB%87n-ti/1361110079353406,page_or_user_post,💌 Là một tín đồ yêu xe và gia đình ...,... KIA CARNIVAL mẫu xe lý tưởng dành cho gia đình thì các phụ kiện trên ... Trải nghiệm thực tế không gian xe ☎️HOTLINE: 093.1771407 (Nhi Bình).,"site:facebook.com ""Kia Carnival"" ""trải nghiệm thực tế""",2026-09-15 20:30:42
https://www.facebook.com/kianamdinh/videos/kia-new-carnival-hybrid-d%E1%BA%ABn-l%E1%BB%91i-tr%E1%BA%A3i-nghi%E1%BB%87m-to%C3%A0n-di%E1%BB%87nkia-new-carnival-hybrid-g%C3%A2y/785357737300040,video,KIA NEW CARNIVAL HYBRID – DẪN LỐI TRẢI NGHIỆM ...,Kia Carnival 2026 nâng cấp nội thất full tiện nghi hạng thương gia ... Liên hệ em để trải nghiệm thực tế và nhận ưu đãi mới nhất.,"site:facebook.com ""Kia Carnival"" ""trải nghiệm thực tế""",2026-09-15 20:30:42
https://www.facebook.com/NiceCarVietNam/videos/c%E1%BA%ADn-n%C3%A9t-m%E1%BA%ABu-s%C3%A0n-v%C3%A2n-g%E1%BB%97-teck-%C4%91%E1%BA%BF-nh%C3%B4m-cho-kia-carnival-t%C3%A1c-ph%E1%BA%A9m-ch%E1%BB%89nh-chu-v%C3%A0-t%C3%A2m-h/2938666659672451,video,Cận Nét Mẫu Sàn Vân Gỗ Teck Đế Nhôm Cho Kia Carnival ...,"... trải nghiệm thực tế các mẫu sàn dành riêng cho xe mình anh em nhé ... **KIA CARNIVAL – NÂNG CẤP SÀN GỖ DU THUYỀN, KHẲNG ĐỊNH ĐẲNG. 01 ...","site:facebook.com ""Kia Carnival"" ""trải nghiệm thực tế""",2026-09-15 20:30:42
https://www.facebook.com/groups/SmartVozer/posts/3042981145925190,group_post,"Xin ý kiến cả nhà NNĐÔTM,mình đang phân vân lựa chọn ...","Xin ý kiến cả nhà NNĐÔTM,mình đang phân vân lựa chọn giữa mazda cx8 và kia carnival 2021! Cảm ơn cả nhà ... trải nghiệm thực tế lại hơi ít.","site:facebook.com ""Kia Carnival"" ""trải nghiệm thực tế""",2026-09-15 20:30:42
https://www.facebook.com/groups/aemexe/posts/3448818088606436,group_post,Vì sao phải mua xe Hàn hay cụ thể là Kia ở thời ...,... Kia Carnival đang 1 mình thống trị cả phân khúc và Sorento mới ra ... trải nghiệm thực tế 1 vòng thì xin mạn phép chém thế này Nếu so ...,"site:facebook.com ""Kia Carnival"" ""trải nghiệm thực tế""",2026-09-15 20:30:42
https://www.facebook.com/groups/gearupvn/posts/1386510452914085,group_post,"Chào các cụ, e đang cân nhắc giữa carnival bản máy dầu ...",Các bác đang đi dòng carnival hybrid.Có những lỗi thường gặp gì vậy ... Khả Nguyễn ▻ Hội Kia Carnival Việt Nam™ (CarnivalClubVN). 45w ...,"site:facebook.com ""Kia Carnival"" ""lỗi thường gặp""",2026-09-15 20:30:44
https://www.facebook.com/groups/1739948139826177/posts/1894466451041011,group_post,Các bác cho em hỏi cái ghế hàng 3 của carnival kéo lẫy để ...,em đang làm báo cáo về các lỗi thường gặp trên kia carnival. anh cho em hỏi lỗi của anh đã được khắc phục chưa ạ?,"site:facebook.com ""Kia Carnival"" ""lỗi thường gặp""",2026-09-15 20:30:44
https://www.facebook.com/groups/gearupvn/posts/1408870737344723,group_post,Xin chào các đồng Gear! Mấy năm rồi mới lại viết bài kể từ ...,"K3, K5 có một lỗi thường gặp là giàn lạnh bị thủng sau khoảng 3 năm ... Tiến Nguyễn Quyết ▻ Kia Carnival Club. 1y · Public · Xe của mình ...","site:facebook.com ""Kia Carnival"" ""lỗi thường gặp""",2026-09-15 20:30:44
https://www.facebook.com/duong.nuyen.3591/videos/x%E1%BB%AD-l%C3%BD-g%C3%B3c-camber-%C4%83n-l%E1%BB%91p-kia-carnival-m%C3%A2m-l%E1%BB%91p-c%C3%A2n-ch%E1%BB%89nh-l%C3%A1i-c%C3%A2n-m%C3%A2m-ki%E1%BA%BFm-em-lu%C3%B4n-/1465453575318969,video,"Xử lý góc camber ăn lốp Kia carnival , mâm lốp , cân chỉnh ...","kia carnival hao nhơt, hơi thừa, #kia #carnival. 01:34. kia carnival ... ⛔️ lỗi thường gặp lắp má sau,kia ,huynh dai #... Apr 5 ...","site:facebook.com ""Kia Carnival"" ""lỗi thường gặp""",2026-09-15 20:30:44
https://www.facebook.com/groups/aemexe/posts/3657377417750501,group_post,Anh em cho xin đánh giá carnival hybrid ah,Các bác đang đi dòng carnival hybrid.Có những lỗi thường gặp gì vậy ... InspiringOtter8657 ▻ Hội Kia Carnival Việt Nam™ (CarnivalClubVN).,"site:facebook.com ""Kia Carnival"" ""lỗi thường gặp""",2026-09-15 20:30:44
https://www.facebook.com/garage.ecupro.chuyensuadienoto/videos/kia-carens-b%C3%A1c-t%C3%A0i-b%E1%BA%A3o-ch%E1%BA%A1y-ra-kh%C3%B3i-%C4%91en-y%E1%BA%BFu-m%C3%A1y-%C4%91i-100km-ph%E1%BA%A3i-d%E1%BB%ABng-3-l%E1%BA%A7n-%EF%B8%8F%EF%B8%8F-h%E1%BB%97-t/1824231794793329,video,Kia Carens bác tài bảo chạy ra khói đen yếu máy đi 100km ...,"Lỗi thường gặp trên xe Kia Morning mùi xăng rất nhiều trong xe ... kia carnival chay yếu, trể chân ga, #garaga #hyundai #Kia #. 00:47 ...","site:facebook.com ""Kia Carnival"" ""lỗi thường gặp""",2026-09-15 20:30:44
https://www.facebook.com/banxenhanh/posts/nh%E1%BB%AFng-l%E1%BB%97i-th%C6%B0%E1%BB%9Dng-g%E1%BA%B7p-c%E1%BB%A7a-huyndai-grand-i10-m%E1%BA%B7c-d%C3%B9-hay-b%E1%BB%8B-l%E1%BB%97i-v%E1%BA%B7t-%C4%91%C3%B4i-l%C3%BAc-b%E1%BB%8B-l%E1%BB%97i-/598792038919186,page_or_user_post,Những lỗi thường gặp của Huyndai Grand i10,Những lỗi thường gặp của Huyndai Grand i10 - Mặc ... Những lỗi thường gặp của Huyndai Grand i10 ... Kia Carnival 2022 - Review điểm mạnh và điểm yếu ...,"site:facebook.com ""Kia Carnival"" ""lỗi thường gặp""",2026-09-15 20:30:44
https://www.facebook.com/groups/exauto.net/posts/4602402490018185,group_post,**ĐỌC ĐƯỢC MÃ LỖI CHƯA PHẢI LÀ ĐÃ BIẾT SỬA XE ...,"... lỗi thường gặp, TSB và hướng xử lý đã được ghi nhận. **Điểm quan ... KIA Carnival 2022 sau khi kiểm tra điều kiện của xe trước khi ...","site:facebook.com ""Kia Carnival"" ""lỗi thường gặp""",2026-09-15 20:30:44
https://www.facebook.com/groups/exauto.net/posts/3940962062828901,group_post,Cheverlet cruze 2010 Tình máy nổ nhưng không ga được.,... KIA Carnival 2022 sau khi kiểm tra điều kiện của xe trước khi tiến ... Một số mã lỗi thường gặp trên Toyota Corolla Cross: C1A10 ...,"site:facebook.com ""Kia Carnival"" ""lỗi thường gặp""",2026-09-15 20:31:09
https://www.facebook.com/groups/exauto.net/posts/4603230759935358,group_post,**ECU MER 272 – CÀI ĐẶT ĐỒNG BỘ SAU KHI THAY ECU ...,"SmartFIX / SmartCASE – tham khảo các lỗi thường gặp, TSB và hướng xử lý đã được ghi nhận. ... KIA Carnival 2022 sau khi kiểm tra điều kiện ...","site:facebook.com ""Kia Carnival"" ""lỗi thường gặp""",2026-09-15 20:31:09
https://www.facebook.com/groups/exauto.net/posts/4604290829829351,group_post,**SERIES ĐÀO TẠO SỬ DỤNG MÁY CHẨN ĐOÁN | KHÓA ...,"SmartFIX / SmartCASE – tham khảo các lỗi thường gặp, TSB và hướng xử lý đã được ghi nhận. ... KIA Carnival 2022 sau khi kiểm tra điều kiện ...","site:facebook.com ""Kia Carnival"" ""lỗi thường gặp""",2026-09-15 20:31:09
https://www.facebook.com/groups/exauto.net/posts/4543356055922829,group_post,"**Thay camera, radar mới mà xe vẫn báo lỗi ADAS?** Đây là ...",... lỗi thường gặp trên Toyota Corolla Cross:** C1A10 – Camera trước ... KIA Carnival 2022 sau khi kiểm tra điều kiện của xe trước khi ...,"site:facebook.com ""Kia Carnival"" ""lỗi thường gặp""",2026-09-15 20:31:09
https://www.facebook.com/groups/otosaigon2023/posts/1209480311057863,group_post,Mình cũng hiểu tại sao có bằng lái chạy ô tô mà chen hết ...,Kinh nghiệm tập lái xe ở Mỹ - Các lỗi thường gặp?? #Nguồn: Andy ... AP CAR CARE ▻ Hội Kia Carnival Việt Nam™ (CarnivalClubVN). 42w ...,"site:facebook.com ""Kia Carnival"" ""lỗi thường gặp""",2026-09-15 20:31:09
https://www.facebook.com/PhongDoAuto/posts/workshop-training-avery-dennison-vi%E1%BB%87t-nam-t%E1%BA%A1i-phong-%C4%91%E1%BB%99-auto-n%C3%A2ng-cao-k%E1%BB%B9-thu%E1%BA%ADt-v%C3%A0/1063660459739748,page_or_user_post,WORKSHOP TRAINING AVERY DENNISON VIỆT NAM ...,... lỗi thường gặp trong quá trình thi công - Quy trình kiểm tra chất ... KIA CARNIVAL NÂNG CẤP GHẾ LIMOUSINE ELLI 6.0 – CHUẨN KHOANG ...,"site:facebook.com ""Kia Carnival"" ""lỗi thường gặp""",2026-09-15 20:31:09
https://www.facebook.com/groups/121751391332021/posts/3032835060223625,group_post,CHỦ XE CẦN BIẾT! 🚫 Bạn đang dùng thiết bị định vị ô tô nhưng ...,7 LỖI THƯỜNG GẶP Ở CÁC THIẾT BỊ ĐỊNH VỊ XE Ô TÔ ... 7 LỖI THƯỜNG GẶP Ở CÁC THIẾT BỊ ĐỊNH VỊ ... Kia Carnival. ✨ Đường Đi 1: Tánh Linh — Suối ...,"site:facebook.com ""Kia Carnival"" ""lỗi thường gặp""",2026-09-15 20:31:09
https://www.facebook.com/groups/exauto.net/posts/3935626293362478,group_post,Xe mazda 6 tình trạng nổ dập dìu báo lỗi code P0171 ...,"SmartFIX / SmartCASE – tham khảo các lỗi thường gặp, TSB và hướng xử lý đã được ghi nhận. ... KIA Carnival 2022 sau khi kiểm tra điều kiện ...","site:facebook.com ""Kia Carnival"" ""lỗi thường gặp""",2026-09-15 20:31:09
https://www.facebook.com/nghiaphamauto/videos/%C4%91i-kia-carnival-2022nh%C6%B0ng-ch%E1%BB%89-6-l%C3%ADt100km-tin-%C4%91%C6%B0%E1%BB%A3c-kh%C3%B4ng/834302672751664,video,Đi Kia CARNIVAL 2022...nhưng chỉ 6 lít/100Km TIN ĐƯỢC ...,Đi Kia CARNIVAL 2022...nhưng chỉ 6 lít/100Km TIN ĐƯỢC KHÔNG? KIA CARNIVAL 2022 2.2 AT DẦU GIÁ 1.179 TRIỆU MUA BÁN XE Ô TÔ - LIÊN HỆ NGHĨA ...,"site:facebook.com ""Kia Carnival"" ""khen chê chia sẻ kinh nghiệm""",2026-09-15 20:31:12
https://www.facebook.com/saigoncars.com.vn/videos/toyota-innova-cross-hay-kia-carnival-ch%E1%BB%8Dn-xe-7-ch%E1%BB%97-n%C3%A0o-t%E1%BB%91t-nh%E1%BA%A5t-trong-ph%C3%A2n-kh%C3%BAc-/1801348774584358,video,TOYOTA INNOVA CROSS Hay KIA CARNIVAL | Chọn Xe 7 ...,"Đến á xem xe của Sài Gòn. Xe này xe gia đình sử dụng và cũng lên rất nhiều đồ chơi ốp mâm này, màn hình giải trí, camera ba trăm sáu mươi mới ...","site:facebook.com ""Kia Carnival"" ""khen chê chia sẻ kinh nghiệm""",2026-09-15 20:31:12
https://www.facebook.com/saigoncars.com.vn/videos/%F0%9D%97%96%F0%9D%97%AE%CC%A3%CC%82%F0%9D%97%BD-%F0%9D%97%95%F0%9D%97%B2%CC%82%CC%81%F0%9D%97%BB-%F0%9D%97%A6%F0%9D%97%B6%F0%9D%97%B2%CC%82%F0%9D%98%82-%F0%9D%97%A3%F0%9D%97%B5%F0%9D%97%AE%CC%82%CC%89%F0%9D%97%BA-%F0%9D%97%9B%F0%9D%97%AC%F0%9D%97%A8%F0%9D%97%A1%F0%9D%97%97%F0%9D%97%94%F0%9D%97%9C-%F0%9D%97%A6%F0%9D%97%94%F0%9D%97%A1%F0%9D%97%A7%F0%9D%97%94%F0%9D%97%99%F0%9D%97%98-%F0%9D%97%9E%F0%9D%97%9C%F0%9D%97%94-%F0%9D%97%96%F0%9D%97%94%F0%9D%97%A5%F0%9D%97%A1%F0%9D%97%9C%F0%9D%97%A9%F0%9D%97%94%F0%9D%97%9F-%F0%9D%97%A0%F0%9D%97%BC%CC%9B%CC%81%F0%9D%97%B6-%F0%9D%97%A9%F0%9D%97%B2%CC%82%CC%80-%F0%9D%97%96%F0%9D%98%82%CC%9B%CC%A3%F0%9D%97%B0-%F0%9D%97%97%F0%9D%97%B2%CC%A3%F0%9D%97%BD-%F0%9D%97%A7%F0%9D%97%AE%CC%A3%F0%9D%97%B6/4479092092369096,video,Showroom Sài Gòn Car,Hàng về liên tục – xe tuyển kỹ – cam kết chất lượng Odo chuẩn – không đâm đụng – không ngập nước Hỗ trợ trả góp lãi tốt Bao test ...,"site:facebook.com ""Kia Carnival"" ""khen chê chia sẻ kinh nghiệm""",2026-09-15 20:31:12
https://www.facebook.com/otosaigon/videos/kia-carnival-phi%C3%AAn-b%E1%BA%A3n-high-limousine-4-ch%E1%BB%97-cao-c%E1%BA%A5p-t%E1%BA%A1i-h%C3%A0n-qu%E1%BB%91c/1361674137641724,video,Kia Carnival phiên bản High Limousine 4 chỗ cao cấp tại Hàn ...,Ton Hoa bạn k biết mình đang nói tới cái xe này hiện đang bán ở vn à? Cai xe trong video cũng là kia caniva.nhưng nó bán ở hàn.và thêm trang bị ...,"site:facebook.com ""Kia Carnival"" ""khen chê chia sẻ kinh nghiệm""",2026-09-15 20:31:12
https://www.facebook.com/garage.oto.hung.pham/videos/kia-carnival-v%E1%BB%87-sinh-h%E1%BB%8Dng-nap-v%E1%BB%87-sinh-m%C3%A1y-l%E1%BA%A1nh-thay-b%E1%BB%91-th%E1%BA%AFng-tr%C6%B0%E1%BB%9Bc-sau/2225597097848391,video,Hưng Phát Garage Ôto on Reels,Thành Khen Auto. 5d · Public. KIA Morning 2009 Thỉnh Thoảng Gài Số ... kia carnival vệ sinh họng nap vệ sinh máy lạnh thay bố thắng trước sau.,"site:facebook.com ""Kia Carnival"" ""khen chê chia sẻ kinh nghiệm""",2026-09-15 20:31:12
https://www.facebook.com/groups/1739948139826177/posts/2221847631636223,group_post,Mobin cao áp cho a e độ xe hoặc zin đi trên 50k km có trải ...,Lúc nhận xe thì ai cũng khen: “Bề ngoài giống nhau mà!” Nhưng sau 4 tháng chạy hàng nặng: ❌ Khung bắt đầu mỏi ❌ Lốp ăn không đều ❌ Xe nằm ...,"site:facebook.com ""Kia Carnival"" ""khen chê chia sẻ kinh nghiệm""",2026-09-15 20:31:12
https://www.facebook.com/groups/1739948139826177/posts/2446333639187620,group_post,Carnival 2022,"Mình cũng đã đọc kỹ review bài về lốp trên nhóm nhưng lại không có kinh nghiệm nên mong các bác tư vấn dùm: Mình chạy xe hàng ngày đi làm, đường thành phố/chợ/ ...","site:facebook.com ""Kia Carnival"" ""khen chê chia sẻ kinh nghiệm""",2026-09-15 20:31:12
https://www.facebook.com/saigoncars.com.vn/videos/b%C3%A1o-gi%C3%A1-xe-m%E1%BB%9Bi-v%E1%BB%81-mazda-6-cx8-kia-k5-m%E1%BB%9Bi-c%E1%BA%ADp-b%E1%BA%BFn-showroom-s%C3%A0i-g%C3%B2n-car-%C3%B4-t%C3%B4-c%C5%A9xem/1303927318366221,video,"BÁO GIÁ XE MỚI VỀ | MAZDA 6, CX8 & KIA K5 Mới Cập Bến ...",Lăn bánh thì có thời điểm là rơi vào khoảng tầm chín trăm rưỡi đến chín trăm bảy mươi triệu nhưng mà xe cũ bây giờ chỉ khoảng bảy trăm. Sáu lăm ...,"site:facebook.com ""Kia Carnival"" ""khen chê chia sẻ kinh nghiệm""",2026-09-15 20:31:12
https://www.facebook.com/vnCafeauto/posts/l%E1%BB%91p-d%E1%BB%B1-ph%C3%B2ng-anh-%C4%91%E1%BB%83-%C4%91%C3%A2uch%E1%BB%A7-xe-volvo-anh-%C4%91%E1%BB%83-c%E1%BB%91p-sau/1470343938454949,page_or_user_post,Lốp dự phòng anh để đâu? Chủ xe Volvo: Anh để cốp sau,"... bánh, thông số, đánh giá, ưu nhược điểm. 9h. Recent Posts. Cafeauto Vietnam. 8m󰞋󱟠. 󳄫. Vì sao Ford Everest vẫn thống trị hoàn toàn phân khúc SUV 7 chỗ tại ...","site:facebook.com ""Ford Everest"" ""đánh giá ưu nhược điểm""",2026-09-15 20:33:20
https://www.facebook.com/NiceCarVietNam/videos/tr%E1%BA%A3i-nghi%E1%BB%87m-th%E1%BB%B1c-t%E1%BA%BF-g%C3%B3i-%C4%91%E1%BB%99-n%E1%BB%99i-th%E1%BA%A5t-ford-everest-titanium-c%C3%B9ng-nice-carc%C3%A1c-h%E1%BA%A1ng-/2294485904328246,video,TRẢI NGHIỆM THỰC TẾ GÓI ĐỘ NỘI THẤT FORD EVEREST ...,TRẢI NGHIỆM THỰC TẾ GÓI ĐỘ NỘI THẤT FORD EVEREST TITANIUM CÙNG NICE CAR! Các hạng mục có trong gói độ: - Mẫu ghế VIP MBS 5.0 Base và đổi màu ...,"site:facebook.com ""Ford Everest"" ""trải nghiệm thực tế""",2026-09-15 20:33:22
https://www.facebook.com/thanhxuanford.vn/videos/-ford-everest-raptor-m%E1%BB%9Bi-%C4%91%C3%A3-c%C3%B3-m%E1%BA%B7ttr%E1%BA%A3i-nghi%E1%BB%87m-th%E1%BB%B1c-t%E1%BA%BF-nh%E1%BA%ADn-qu%C3%A0-c%E1%BB%B1c-ch%E1%BA%A5t-88-nguy%E1%BB%85/2481757132303261,video,FORD EVEREST & RAPTOR MỚI ĐÃ CÓ MẶT! Trải nghiệm thực tế,"FORD EVEREST & RAPTOR MỚI ĐÃ CÓ MẶT! Trải nghiệm thực tế – nhận quà cực chất 88 Nguyễn Xiển, Hà Nội 23.05.2026 Đăng ký ngay hôm nay! 093 558 0000 ...","site:facebook.com ""Ford Everest"" ""trải nghiệm thực tế""",2026-09-15 20:33:22
https://www.facebook.com/mydinhford.hanoi/videos/-ford-everest-platinum-bi%E1%BB%83u-t%C6%B0%E1%BB%A3ng-%C4%91%E1%BA%B3ng-c%E1%BA%A5p-c%E1%BB%A7a-gi%E1%BB%9Bi-th%C6%B0%E1%BB%A3ng-l%C6%B0u-tr%E1%BA%AFng-tinh-kh%C3%B4i-s/776124515328481,video,FORD EVEREST PLATINUM – BIỂU TƯỢNG ĐẲNG CẤP ...,... trải nghiệm thực tế “chiến binh đỉnh cao” này! #EverestPlatinum ... FORD EVEREST PLATINUM & FORD EVEREST ACTIVE – BẠN CHỌN PHONG CÁCH NÀO?,"site:facebook.com ""Ford Everest"" ""trải nghiệm thực tế""",2026-09-15 20:33:22
https://www.facebook.com/camphaford.0971753030/videos/ford-everest-kho%E1%BA%A3n-%C4%91%E1%BA%A7u-t%C6%B0-x%E1%BB%A9ng-%C4%91%C3%A1ng-cho-h%C3%A0nh-tr%C3%ACnh-d%C3%A0i-khi-l%E1%BB%B1a-ch%E1%BB%8Dn-m%E1%BB%99t-chi%E1%BA%BFc-su/1955393821726039,video,Ford Everest – Khoản Đầu Tư Xứng Đáng Cho Hành Trình ...,Ford Everest – Khoản Đầu Tư Xứng Đáng Cho Hành Trình Dài. ✨ Khi ... trải nghiệm thực tế Ford Everest chỉ khoảng mười lăm phút sau vô ...,"site:facebook.com ""Ford Everest"" ""trải nghiệm thực tế""",2026-09-15 20:33:22
https://www.facebook.com/FordVietnam/posts/%C4%91%C3%A2u-l%C3%A0-gi%E1%BB%9Bi-h%E1%BA%A1n-c%E1%BB%A7a-ch%C3%ADnh-b%E1%BA%A1n-s%E1%BA%B5n-s%C3%A0ng-b%C6%B0%E1%BB%9Bc-ra-kh%E1%BB%8Fi-v%C3%B9ng-an-to%C3%A0n-%C4%91%E1%BB%83-t%E1%BB%B1-tay-c%E1%BA%A7m-l/1583398553816647,page_or_user_post,Đâu là giới hạn của chính bạn? Sẵn sàng bước ra khỏi vùng ...,... Ford Everest biến mọi chông gai thành một trải nghiệm tận hưởng ... Trải nghiệm thực tế sức mạnh của Ranger XLS ngay hôm nay tại các ...,"site:facebook.com ""Ford Everest"" ""trải nghiệm thực tế""",2026-09-15 20:33:22
https://www.facebook.com/haiphongford.0919209955/videos/%C4%91%E1%BA%AFt-qu%C3%A1-v%E1%BA%ADy-t%E1%BA%A1i-sao-ford-everest-v%E1%BA%ABn-b%C3%A1n-ch%E1%BA%A1y-nh%E1%BA%A5t-ph%C3%A2n-kh%C3%BAc-gi%C3%A1-l%C3%AAn-t%E1%BB%9Bi-16-t%E1%BB%B7-%C4%91/1330889878884240,video,"""Đắt quá!"" — Vậy Tại Sao Ford Everest Vẫn Bán Chạy Nhất ...",... trải nghiệm thực tế cùng Việt Trì Ford các bác nhé! Inbox ngay ... Ford Everest Platinum 4x2 - Chiếc Xe Trong Danh Sách Mơ Ước ✨ Ford Everest ...,"site:facebook.com ""Ford Everest"" ""trải nghiệm thực tế""",2026-09-15 20:33:22
https://www.facebook.com/ChungAuto.vncom/videos/chi-h%C3%A0ng-tr%C4%83m-tri%E1%BB%87u-cho-n%E1%BB%99i-th%E1%BA%A5t-everest-c%C3%B3-%C4%91%C3%A1ng-kh%C3%B4ng-b%E1%BB%99-gh%E1%BA%BF-ch%E1%BB%A7-t%E1%BB%8Bch-cao-c%E1%BA%A5p-n/1775756100168967,video,Chi hàng trăm triệu cho nội thất Everest có đáng không? Bộ ...,"Anh em muốn cá nhân hóa Ford Everest theo phong cách riêng, liên hệ ChungAuto để được tư vấn nhé! #FordEverest #GheChuTich # ...","site:facebook.com ""Ford Everest"" ""trải nghiệm thực tế""",2026-09-15 20:33:22
https://www.facebook.com/dailyviettriford/posts/-review-chuy%C3%AAn-s%C3%A2u-ford-everest-platinum-m%C3%A1y-x%C4%83ng-b%E1%BA%A1n-mong-mu%E1%BB%91n-kh%E1%BA%A3-n%C4%83ng-off-roa/122168533616715080,page_or_user_post,REVIEW CHUYÊN SÂU: FORD EVEREST PLATINUM MÁY ...,"... Ford Everest Mới, câu trả lời chính là: CÓ TẤT CẢ! ⏳ Đừng quên lịch ... trải nghiệm thực tế cùng Việt Trì Ford các bác nhé! Inbox ...","site:facebook.com ""Ford Everest"" ""trải nghiệm thực tế""",2026-09-15 20:33:22
https://www.facebook.com/NiceCarVietNam/videos/h%C3%A0ng-gh%E1%BA%BF-th%E1%BB%A9-2-tr%C3%AAn-ford-everest-c%C5%A9ng-c%C3%B3-th%E1%BB%83-sang-tr%E1%BB%8Dng-v%C3%A0-tho%E1%BA%A3i-m%C3%A1i-nh%C6%B0-xe-h%E1%BA%A1ng/1613525506782570,video,Hàng ghế thứ 2 trên Ford Everest cũng có thể sang trọng và ...,Hàng ghế thứ 2 trên Ford Everest cũng có thể sang trọng và thoải mái như xe hạng sang! ... Ghé Nicecar để trải nghiệm thực tế nhiều mẫu ghế VIP ...,"site:facebook.com ""Ford Everest"" ""trải nghiệm thực tế""",2026-09-15 20:33:22
https://www.facebook.com/camphaford.0971753030/videos/ch%E1%BB%8Dn-ford-everest-m%C3%A1y-x%C4%83ng-hay-m%C3%A1y-d%E1%BA%A7u-/1453420696065132,video,Ford Everest Máy Xăng Với Máy Dầu – Khác Biệt Thật Sự ...,Sự khác biệt không chỉ nằm ở động cơ hay thông số kỹ thuật… mà nằm ở chính cảm giác sau vô-lăng. Trải nghiệm thực tế Ford Everest tại Cẩm Phả ...,"site:facebook.com ""Ford Everest"" ""trải nghiệm thực tế""",2026-09-15 20:33:22
https://www.facebook.com/ProAuto.vn/videos/-khi-khoang-sau-ford-everest-kh%C3%B4ng-c%C3%B2n-l%C3%A0-gh%E1%BA%BF-ng%E1%BB%93i-m%C3%A0-tr%E1%BB%9F-th%C3%A0nh-kh%C3%B4ng-gian-ngh%E1%BB%89-/887503603875303,video,"Khi khoang sau Ford Everest không còn là “ghế ngồi”, mà trở ...",Đặt lịch trải nghiệm thực tế ngay hôm nay! — PROAUTO ... More videos you may like. Ford Everest độ full bài: Ngoài lên phuộc ...,"site:facebook.com ""Ford Everest"" ""trải nghiệm thực tế""",2026-09-15 20:34:31
https://www.facebook.com/haiphongford.0919209955/videos/ford-everest-next-gen-r%E1%BB%99ng-r%C3%A3i-th%C3%B4ng-minh-v%C3%A0-an-to%C3%A0n-b%E1%BA%A1n-%C4%91ang-t%C3%ACm-m%E1%BB%99t-m%E1%BA%ABu-suv-7-/1058448409741085,video,"Ford Everest Next-Gen – Rộng Rãi, Thông Minh Và An Toàn ...","Ford Everest Next-Gen – Rộng Rãi, Thông Minh Và An Toàn ✨ Bạn ... trải nghiệm thực tế. Pages · Businesses · Automotive, Aircraft & Boat.","site:facebook.com ""Ford Everest"" ""trải nghiệm thực tế""",2026-09-15 20:34:31
https://www.facebook.com/Autodaily/videos/nhi%E1%BB%81u-ae-m%C3%AA-xe-ford-mong-mu%E1%BB%91n-chi%E1%BA%BFc-everest-30-n%C3%A0y-v%E1%BB%81-vi%E1%BB%87t-nam/1245157677429377,video,Nhiều ae mê xe Ford mong muốn chiếc Everest 3.0 này về ...,Nhiều ae mê xe Ford mong muốn chiếc Everest 3.0 này về Việt Nam! #autodaily #ford #everest.,"site:facebook.com ""Ford Everest"" ""trải nghiệm thực tế""",2026-09-15 20:34:31
https://www.facebook.com/vinhford.com.vn/videos/ford-everest-platinum-23l-m%C3%A1y-x%C4%83ng-s%E1%BA%B5n-s%C3%A0ng-%C4%91%E1%BB%83-b%E1%BA%A1n-c%E1%BA%A7m-l%C3%A1i-t%E1%BA%A1i-vinh-ford%C4%91%E1%BB%ABng-b%E1%BB%8F-/1440813091396671,video,Ford Everest Platinum 2.3L máy xăng sẵn sàng để bạn cầm lái ...,"Ford Everest Platinum 2.3L máy xăng sẵn sàng để ... Ford Everest Platinum 2.3L máy xăng ... ✨ Sau trải nghiệm thực tế, khách hàng không giấu được ...","site:facebook.com ""Ford Everest"" ""trải nghiệm thực tế""",2026-09-15 20:34:31
https://www.facebook.com/SieuThiOtoBinhPhuoc/posts/ford-everest-2018-m%C3%A0u-xanh-%C4%91%C3%A1-b%E1%BB%87-v%E1%BB%87-sang-tr%E1%BB%8Dng-v%C3%A0-n%C3%A2ng-c%E1%BA%A5p-thi%E1%BA%BFt-th%E1%BB%B1cc%C3%B3-nh%E1%BB%AFng-ch/122228744246312720,page_or_user_post,"Ford Everest 2018 Màu Xanh Đá - Bệ vệ, sang trọng và nâng ...","Ford Everest 2018 Màu Xanh Đá - Bệ vệ, sang trọng và nâng cấp ... Trải nghiệm thực tế cực kỳ ấn tượng khi mức tiêu hao chỉ loanh quanh ...","site:facebook.com ""Ford Everest"" ""trải nghiệm thực tế""",2026-09-15 20:34:31
https://www.facebook.com/haiphongford.0919209955/videos/%EF%B8%8F-%C4%91i-%C4%91%C3%A8o-d%E1%BB%91c-b%E1%BA%B1ng-ford-everest-nh%C6%B0ng-ch%C6%B0a-bi%E1%BA%BFt-c%C3%A1ch-l%C3%A0m-ch%E1%BB%A7-h%E1%BB%99p-s%E1%BB%91nhi%E1%BB%81u-t%C3%A0i-x%E1%BA%BF-k/27086813490906178,video,Đi Đèo Dốc Bằng Ford Everest Nhưng Chưa Biết Cách ...,Trải nghiệm thực tế Ford Everest tại Cẩm Phả Ford để lựa chọn phiên bản phù hợp nhất với phong cách lái của bạn. #FordEverest ...,"site:facebook.com ""Ford Everest"" ""trải nghiệm thực tế""",2026-09-15 20:34:31
https://www.facebook.com/mydinhford.hanoi/posts/-ford-everest-platinum-bi%E1%BB%83u-t%C6%B0%E1%BB%A3ng-%C4%91%E1%BA%B3ng-c%E1%BA%A5p-c%E1%BB%A7a-gi%E1%BB%9Bi-th%C6%B0%E1%BB%A3ng-l%C6%B0u-tr%E1%BA%AFng-tinh-kh%C3%B4i-s/785308307614797,page_or_user_post,FORD EVEREST PLATINUM – BIỂU TƯỢNG ĐẲNG CẤP ...,FORD EVEREST PLATINUM – BIỂU TƯỢNG ĐẲNG CẤP CỦA GIỚI THƯỢNG LƯU ... trải nghiệm thực tế “chiến binh đỉnh cao” này! #EverestPlatinum ...,"site:facebook.com ""Ford Everest"" ""trải nghiệm thực tế""",2026-09-15 20:34:31
https://www.facebook.com/ChungAuto.vncom/posts/anh-kh%C3%A1ch-ch%C6%A1i-l%E1%BB%9Bn-%C4%91%E1%BB%99-200-tri%E1%BB%87u-cho-ford-everest-t%E1%BB%AB-nh%E1%BB%AFng-h%E1%BA%A1ng-m%E1%BB%A5c-t%C4%83ng-%C4%91%E1%BB%99-h%E1%BA%A7m-h/1539003754467554,page_or_user_post,ANH KHÁCH CHƠI LỚN ĐỘ 200 TRIỆU CHO FORD ...,ANH KHÁCH CHƠI LỚN ĐỘ 200 TRIỆU CHO FORD EVEREST ‍ Từ những ... Trải Nghiệm Thực Tế Màn Hình Texpad 13 Inch Trên VF3 #ChungAuto ...,"site:facebook.com ""Ford Everest"" ""trải nghiệm thực tế""",2026-09-15 20:34:31
https://www.facebook.com/HaThanhFord.Official/videos/t%C6%B0-v%E1%BA%A5n-ch%E1%BB%8Dn-xe-cho-gia-%C4%91%C3%ACnh-nh%E1%BB%8F/801781532488827,video,Xe cho gia đình nhỏ nên chọn Everest hay Territory? Đến Hà ...,"Ford Everest Titanium 4x4AT 2022, bản full 2 cầu mà em Thiết đnag bán ... Cùng Việt Anh (Tipcar TV) cầm lái, trải nghiệm thực tế từ thiết...","site:facebook.com ""Ford Everest"" ""trải nghiệm thực tế""",2026-09-15 20:34:31
https://www.facebook.com/camphaford.0971753030/videos/ford-everest-platinum-2026/1284154290552272,video,Ford Everest Platinum 2026 | Buớc Nhảy Vọt Sang Một Đẳng ...,Ford Everest Platinum 2026 | Buớc Nhảy Vọt Sang Một Đẳng Cấp Mới ... Hãy đến Cẩm Phả kho để trải nghiệm thực tế. Pages. 󱙿. Businesses.,"site:facebook.com ""Ford Everest"" ""trải nghiệm thực tế""",2026-09-15 20:34:31
https://www.facebook.com/HoangAnhFordTL/videos/nh%E1%BB%AFng-l%E1%BB%97i-ng%C6%B0%E1%BB%9Di-d%C3%B9ng-hay-m%E1%BA%AFc-ph%E1%BA%A3i-khi-s%E1%BB%AD-d%E1%BB%A5ng-ford-everest-ph%E1%BA%A7n-01/1038977334605813,video,"Những ""Lỗi"" người dùng hay mắc phải khi sử dụng Ford ...",Và sau đây là 05 lỗi thường gặp khi sử dụng Ford Everest 2024 1. LỖI XỬ LÍ KHÍ THẢI -Nguyên nhân: Do sử dụng không đúng loại dầu đạt tiêu ...,"site:facebook.com ""Ford Everest"" ""lỗi thường gặp""",2026-09-15 20:34:33
https://www.facebook.com/HoangAnhFordTL/videos/ph%E1%BA%A7n-02-nh%E1%BB%AFng-l%E1%BB%97i-ng%C6%B0%E1%BB%9Di-d%C3%B9ng-hay-m%E1%BA%AFc-ph%E1%BA%A3i-khi-s%E1%BB%AD-d%E1%BB%A5ng-ford-everest/443732882148714,video,"Những ""Lỗi"" người dùng hay mắc phải khi sử dụng Ford ...",Và sau đây là 05 lỗi thường gặp khi sử dụng Ford Everest 2024 4. KHÔNG CÀI FORD PASS FordPass là một nền tảng kết nối được trang bị trên ...,"site:facebook.com ""Ford Everest"" ""lỗi thường gặp""",2026-09-15 20:34:33
https://www.facebook.com/groups/everestvnclub/posts/867917052782497,group_post,♦+ CÁC LỖI CƠ BẢN XẨY RA KHI THAY #ACQUY ôtô Mới ...,Bài viết dưới đây tổng hợp các lỗi thường gặp sau khi thay bình ... FORD EVEREST TITANIUM 1 CẦU - Sx2024 - Xe cá nhân - Odo: 22.000km ...,"site:facebook.com ""Ford Everest"" ""lỗi thường gặp""",2026-09-15 20:34:33
https://www.facebook.com/groups/hoiotocu.hcm/posts/2321094658649988,group_post,🚘 Ford Everest Titanium 4x2 - Sản xuất 2022 📍Odo ...,"Ford Everest Titanium 4x2 - Sản xuất 2022 Odo ... Đời 2015, bản full, máy xăng tiết kiệm nhiên liệu, đã fix hết các lỗi thường gặp.","site:facebook.com ""Ford Everest"" ""lỗi thường gặp""",2026-09-15 20:34:33
https://www.facebook.com/garathoidaibonbanh/posts/la%CC%80m-la%CC%A3i-ma%CC%81y-xe-o%CC%82-to%CC%82-xe-ford-everest-video-chia-s%E1%BA%BB-quy-tr%C3%ACnh-c%C3%A1ch-l%C3%A0m-l%E1%BA%A1i-m%C3%A1/687521775003269,page_or_user_post,Gara ô tô thời đại bốn bánh,Làm lại máy xe ô tô xe ford everest video chia sẻ quy trình ... lỗi thường gặp trên xe Toyota Altis đời cũ anh em nếu mua xe cũ nên ...,"site:facebook.com ""Ford Everest"" ""lỗi thường gặp""",2026-09-15 20:34:33
https://www.facebook.com/groups/congdongxefordloi/posts/1526836128808975,group_post,Xe em đang bị lỗi đồng hồ báo nhiên liệu k chuẩn. ...,HƯỚNG DẪN KIỂM TRA & XỬ LÝ SỰ CỐ XE FORD EVEREST 2007-2008 MÁY ... - Lỗi thường gặp: Nếu cảm biến báo sai nhiệt độ (ví dụ báo nóng khi ...,"site:facebook.com ""Ford Everest"" ""lỗi thường gặp""",2026-09-15 20:34:33
https://www.facebook.com/61553045474514/posts/ford-everest-suv-7-ch%E1%BB%97-m%E1%BA%A1nh-m%E1%BA%BD-xe-c%C3%B3-s%E1%BA%B5n-giao-ngay-b%E1%BA%A1n-%C4%91ang-t%C3%ACm-m%E1%BB%99t-m%E1%BA%ABu-suv-r%E1%BB%99ng/122228872124101515,page_or_user_post,"Ford Everest – SUV 7 chỗ mạnh mẽ, xe có sẵn giao ngay ...",Ford Everest – SUV 7 chỗ mạnh ... Cam kết hỗ trợ đăng kiểm trọn gói ✓ Kiểm tra xe trước đăng kiểm ✓ Xử lý nhanh tất cả lỗi thường gặp ...,"site:facebook.com ""Ford Everest"" ""lỗi thường gặp""",2026-09-15 20:34:33
https://www.facebook.com/groups/474689303065781/posts/740209743180401,group_post,Nguyên nhân vì sao turbo hỏng : Lỗi thường gặp là mòn và ...,"Nguyên nhân vì sao turbo hỏng : Lỗi thường gặp là mòn và rơ bạc turbine của turbo. ... Ford Everest limited 2014 máy dầu số tự động, tư nhân xe ...","site:facebook.com ""Ford Everest"" ""lỗi thường gặp""",2026-09-15 20:34:33
https://www.facebook.com/groups/gearupvn/posts/1410520807179716,group_post,Mấy b cho hỏi cái cảm biến dưới gương của lexus có tác ...,BỆNH THƯỜNG GẶP TRÊN LEXUS GX460 & LX570 NGUYÊN NHÂN VÀ CÁCH KHẮC PHỤC Lỗi thường gặp ... Minh Nửa Tải ▻ Hội Ford Everest Việt Nam (FC ...,"site:facebook.com ""Ford Everest"" ""lỗi thường gặp""",2026-09-15 20:35:37
https://www.facebook.com/groups/otoplusvn/posts/26605593112435970,group_post,xe chạy đường trường nhiều thường ít khói đen và dễ đạt ...,"Ford everest chạy dg trường ở dải tốc 100-120km/h thì tua máy chỉ ... Những Lỗi Thường Gặp ❌ Van SCV hỏng → xe rung, hụt ga, chết ...","site:facebook.com ""Ford Everest"" ""lỗi thường gặp""",2026-09-15 20:35:37
https://www.facebook.com/groups/gearupvn/posts/1597188885179573,group_post,[GÓC QUẤY QUẢ][LẦN N] Chúng tôi cần tìm 01 người anh ...,Thật lòng: Ford Everest không có đối thủ vì không có đối thủ thật. Hai ông tiềm năng nhất là Fortuner và Pajero thì một ông thiết kế bên ngoài ...,"site:facebook.com ""Ford Everest"" ""khen chê chia sẻ kinh nghiệm""",2026-09-15 20:36:20
https://www.facebook.com/groups/congdongxefordloi/posts/1064213345071258,group_post,Các bác chạy Everest 2024 bản Titanium 1 cầu có cảm ...,"Các bác chạy Everest 2024 bản Titanium 1 cầu có cảm nhận gì so với các đời trước (khen, chê) không. Em đang tìm hiểu để chốt ạ.","site:facebook.com ""Ford Everest"" ""khen chê chia sẻ kinh nghiệm""",2026-09-15 20:36:20
https://www.facebook.com/groups/gearupvn/posts/1490839739147822,group_post,Mình đang phân vân giữa Santafe với Ford Everest ...,Mình đang phân vân giữa Santafe với Ford Everest mình hay đi đường dài Ae đã trải nghiệm dòng xe này cho e xin lời khuyên với ạ.,"site:facebook.com ""Ford Everest"" ""khen chê chia sẻ kinh nghiệm""",2026-09-15 20:36:20
https://www.facebook.com/groups/gearupvn/posts/1413803556851441,group_post,Thật lòng: Ford Everest không có đối thủ vì ...,Thật lòng: Ford Everest không có đối thủ vì không có đối thủ thật. Hai ông tiềm năng nhất là Fortuner và Pajero thì một ông thiết kế bên ngoài ...,"site:facebook.com ""Ford Everest"" ""khen chê chia sẻ kinh nghiệm""",2026-09-15 20:36:20
https://www.facebook.com/FordVietnam/posts/minigame-tr%E1%BA%A3i-nghi%E1%BB%87m-s%C3%A1ng-t%E1%BA%A1o-d%E1%BA%A5n-b%C6%B0%E1%BB%9Bc-m%E1%BB%9F-%C4%91%C6%B0%E1%BB%9Dng-%C4%91%C3%B3n-2026-v%E1%BB%9Bi-c%C3%B4ng-ngh%E1%BB%87-ain%C4%83m-202/1378680660955105,page_or_user_post,Ford,Ford Everest cùng bạn phác họa những khát vọng bứt phá trong năm mới với công nghệ AI độc đáo và dành tặng bạn cơ hội nhận quà tặng hấp dẫn!,"site:facebook.com ""Ford Everest"" ""khen chê chia sẻ kinh nghiệm""",2026-09-15 20:36:20
https://www.facebook.com/groups/congdongxefordloi/posts/1447638626728726,group_post,"Mình mới chuyển qua đi Ford Everest, nhờ các anh chị ...","Mình mới chuyển qua đi Ford Everest, nhờ các anh chị chia sẽ kinh nghiệm sử dụng, bảo dưỡng ntn với nhé! Xe mình ev 2.2 2016 đi 9 vạn.","site:facebook.com ""Ford Everest"" ""khen chê chia sẻ kinh nghiệm""",2026-09-15 20:36:20
https://www.facebook.com/groups/congdongxefordloi/posts/1089259522566640,group_post,Thành viên nhóm này mà khen xe Ford thì chỉ có Sale hoặc ...,"Nhóm chia sẻ, kinh nghiệm xe lỗi, kinh nghiệm đấu tranh với hãng, đại lý đòi hỏi quyền lợi của người tiêu dùng mà pháp luật vn cho phép. Mà ...","site:facebook.com ""Ford Everest"" ""khen chê chia sẻ kinh nghiệm""",2026-09-15 20:36:20
https://www.facebook.com/vnCafeauto/posts/%C4%91%C3%A1nh-gi%C3%A1-xe-toyota-corolla-cross-v%E1%BB%81-nh%E1%BB%AFng-%C6%B0u-%C4%91i%E1%BB%83m-v%C6%B0%E1%BB%A3t-tr%E1%BB%99i/1455027203319956,page_or_user_post,Đánh giá xe Toyota Corolla Cross về những ưu điểm vượt trội,Đánh giá ưu nhược điểm chi tiết. 1d. Recent Posts. Cafeauto Vietnam. 1h󰞋󱟠. 󳄫 ... Những nâng cấp đáng đồng tiền bát gạo trên Ford Ranger 2026 · May be an image ...,"site:facebook.com ""Ford Ranger"" ""đánh giá ưu nhược điểm""",2026-09-15 20:38:31
https://www.facebook.com/groups/congdongchoisacvn/posts/1203729115159759,group_post,"Quên nói nhỏ với ae 1 điều, bơm lốp có pin dự phòng bỏ ...","Khánh Vy ▻ HỘI XE FORD RANGER, TERRITORY, EVEREST, TRANSIT VIỆT NAM ... đánh giá ưu nhược điểm, hay các bác biết loại nào hay hơn thì giới ...","site:facebook.com ""Ford Ranger"" ""đánh giá ưu nhược điểm""",2026-09-15 20:38:31
https://www.facebook.com/dailyviettriford/posts/vi%E1%BB%87c-n%E1%BA%B7ng-c%E1%BA%A7n-xe-b%E1%BB%81n-ranger-xls-lu%C3%B4n-s%E1%BA%B5n-s%C3%A0ng-g%C3%A1nh-v%C3%A1cb%E1%BB%A5i-%C4%91%C6%B0%E1%BB%9Dng-s%E1%BB%8Fi-%C4%91%C3%A1-hay-d%E1%BB%91c-l/122175854498715080,page_or_user_post,Việt Trì Ford,"... Ford Ranger XLS, không cung đường nào là trở ngại: ✔️ Động cơ 2.0L ... Trải nghiệm thực tế sức mạnh của Ranger XLS ngay hôm nay tại ...","site:facebook.com ""Ford Ranger"" ""trải nghiệm thực tế""",2026-09-15 20:41:44
https://www.facebook.com/mydinhford.hanoi/posts/vi%E1%BB%87c-n%E1%BA%B7ng-c%E1%BA%A7n-xe-b%E1%BB%81n-ranger-xls-lu%C3%B4n-s%E1%BA%B5n-s%C3%A0ng-g%C3%A1nh-v%C3%A1cb%E1%BB%A5i-%C4%91%C6%B0%E1%BB%9Dng-s%E1%BB%8Fi-%C4%91%C3%A1-hay-d%E1%BB%91c-l/1042311885247770,page_or_user_post,Mỹ Đình Ford,... Trải nghiệm thực tế sức mạnh của Ranger XLS ngay hôm nay tại Mỹ Đình Ford! Khám phá Ford Ranger tại https://mydinhford.com.vn ...,"site:facebook.com ""Ford Ranger"" ""trải nghiệm thực tế""",2026-09-15 20:41:44
https://www.facebook.com/HaiduongFord/videos/c%E1%BA%A3m-nh%E1%BA%ADn-b%E1%BA%A3n-l%C4%A9nh-ford-ranger-wildtrak-h%E1%BA%A3i-d%C6%B0%C6%A1ng-ford/1104731094884402,video,Cảm nhận bản lĩnh Ford Ranger Wildtrak! Với 6 chế độ lái tùy ...,"Hải Phòng Trải nghiệm thực tế bộ đôi Ranger mới, khám phá công ... FORD RANGER WILDTRAK 4x4 2.0L 2026 Giá xe Ford Ranger ✓ Cập ...","site:facebook.com ""Ford Ranger"" ""trải nghiệm thực tế""",2026-09-15 20:41:44
https://www.facebook.com/quangninhford5s/posts/th%C6%B0-m%E1%BB%9Di-th%E1%BB%A9-b%E1%BA%A3y-n%C3%A0y-tr%E1%BA%A3i-nghi%E1%BB%87m-th%E1%BB%B1c-t%E1%BA%BF-ford-ranger-th%E1%BA%BF-h%E1%BB%87-m%E1%BB%9Bich%E1%BB%89-c%C3%B2n-2-ng%C3%A0y-n%E1%BB%AFa/1637346995061035,page_or_user_post,[THƯ MỜI] THỨ BẢY NÀY: TRẢI NGHIỆM THỰC TẾ FORD ...,[THƯ MỜI] THỨ BẢY NÀY: TRẢI NGHIỆM THỰC TẾ FORD RANGER THẾ HỆ MỚI! Chỉ còn 2 ngày nữa! Sự kiện giới thiệu và lái thử Ford Ranger thế hệ mới sẽ chính thức...,"site:facebook.com ""Ford Ranger"" ""trải nghiệm thực tế""",2026-09-15 20:41:44
https://www.facebook.com/haiphongford.0919209955/videos/kh%C3%B4ng-c%E1%BA%A7n-ti%E1%BB%81n-t%E1%BB%B7-v%E1%BA%ABn-c%C3%B3-ranger-%C4%91%C3%A1ng-muamu%E1%BB%91n-s%E1%BB%9F-h%E1%BB%AFu-m%E1%BB%99t-chi%E1%BA%BFc-b%C3%A1n-t%E1%BA%A3i-m%E1%BA%A1nh-m%E1%BA%BD-b%E1%BB%81/2084079475517130,video,"Không Cần Tiền Tỷ, Vẫn Có Ranger Đáng Mua! Muốn sở hữu ...",Ghé Hải Phòng Ford để trải nghiệm thực tế và nhận những ưu đãi hấp dẫn đang chờ bạn! ... THỜI ĐIỂM VÀNG SỞ HỮU FORD RANGER Ford Ranger – Mẫu ...,"site:facebook.com ""Ford Ranger"" ""trải nghiệm thực tế""",2026-09-15 20:41:44
https://www.facebook.com/mydinhford.hanoi/videos/-ford-v%E1%BB%ABa-tung-b%E1%BA%A3ng-gi%C3%A1-m%E1%BB%9Bi-v%C3%A0-th%E1%BA%ADt-s%E1%BB%B1-qu%C3%A1-ch%C3%A1y-m%E1%BB%99t-b%C3%AAn-l%C3%A0-ranger-raptor-v6-sinh/1352708253389020,video,Ford vừa tung bảng giá mới và thật sự quá “cháy” Một bên là ...,"Trải nghiệm thực tế ngay tại Mỹ Đình Ford: 0906.23 ... Ford Ranger Raptor V6 3.0L – Xám & Trắng, SẴN XE GIAO NGAY. 00:33 ...","site:facebook.com ""Ford Ranger"" ""trải nghiệm thực tế""",2026-09-15 20:41:44
https://www.facebook.com/laocaiford.com.vn/videos/ford-ranger-b%E1%BA%A3n-l%C4%A9nh-d%E1%BA%ABn-%C4%91%E1%BA%A7u-m%E1%BB%8Di-h%C3%A0nh-tr%C3%ACnhford-ranger-kh%C3%B4ng-ch%E1%BB%89-l%C3%A0-m%E1%BB%99t-chi%E1%BA%BFc-b%C3%A1/1399521564761964,video,BẢN LĨNH DẪN ĐẦU MỌI HÀNH TRÌNH Ford Ranger ...,- Điều hòa tự động 2 vùng ✨Mỗi nâng cấp đều hướng đến trải nghiệm thực tế ... FORD RANGER XLS & FORD RANGER WILDTRAK CHÍNH THỨC RA MẮT ...,"site:facebook.com ""Ford Ranger"" ""trải nghiệm thực tế""",2026-09-15 20:41:44
https://www.facebook.com/DuongAnhAutoSaiGon/videos/ford-ranger-xls-tho%C3%A1t-x%C3%A1c-b%E1%BA%A3n-thi%E1%BA%BFu-v%E1%BB%9Bi-4-m%C3%B3n-%C4%91%E1%BB%93-ch%C6%A1i-th%E1%BB%B1c-d%E1%BB%A5ng-nh%E1%BA%A5t-t%E1%BA%A1i-d%C6%B0%C6%A1ng-a/1194508972602983,video,"Ford Ranger XLS ""thoát xác"" bản thiếu với 4 món đồ chơi thực ...","Ford Ranger XLS ""thoát xác"" bản thiếu với 4 món đồ chơi thực dụng ... trải nghiệm thực tế nhé! #DươngAnhAuto #Auto365Quận9 #RangerXLS ...","site:facebook.com ""Ford Ranger"" ""trải nghiệm thực tế""",2026-09-15 20:41:44
https://www.facebook.com/FordVietnam/posts/ford-ranger-everest-phi%C3%AAn-b%E1%BA%A3n-m%E1%BB%9Bi-ch%C3%ADnh-th%E1%BB%A9c-ra-m%E1%BA%AFt-t%E1%BA%A1i-vi%E1%BB%87t-nam-s%E1%BA%B5n-s%C3%A0ng-cho-nh/1483741933782310,page_or_user_post,Ford Ranger & Everest phiên bản mới chính thức ra mắt tại ...,"Ford Ranger & Everest phiên bản mới chính thức ra mắt tại Việt ... Cùng Việt Anh (Tipcar TV) cầm lái, trải nghiệm thực tế từ thiết kế ...","site:facebook.com ""Ford Ranger"" ""trải nghiệm thực tế""",2026-09-15 20:41:44
https://www.facebook.com/garathoidaibonbanh/posts/c%C3%A1c-l%E1%BB%97i-th%C6%B0%E1%BB%9Dng-g%E1%BA%B7p-c%E1%BB%A7a-xe-ford-ranger-c%C3%A1c-l%E1%BB%97i-xe-ford-ranger-v%C3%A0-%C4%91%C3%A2y-l%C3%A0-m%E1%BB%99t-trong/259400759983170,page_or_user_post,Các lỗi thường gặp của xe ford ranger ...,Các lỗi thường gặp của xe ford ranger các lỗi xe ford ranger và đây là một trong những lỗi mà không chỉ ford ranger bị mà cũng có thể các ...,"site:facebook.com ""Ford Ranger"" ""lỗi thường gặp""",2026-09-15 20:41:47
https://www.facebook.com/phutungmasaru/posts/-nh%E1%BB%AFng-l%E1%BB%97i-th%C6%B0%E1%BB%9Dng-g%E1%BA%B7p-li%C3%AAn-quan-%C4%91%E1%BA%BFn-van-tu%E1%BA%A7n-ho%C3%A0n-kh%C3%AD-x%E1%BA%A3-tr%C3%AAn-ford-ranger-van-tu/122195794970249183,page_or_user_post,Van EGR bị kẹt hoặc tắc nghẽn do carbon tích tụ. ...,Những Lỗi Thường Gặp Liên Quan Đến Van Tuần Hoàn Khí Xả Trên Ford Ranger Van tuần hoàn khí xả (EGR) là một bộ phận thiết yếu trong hệ ...,"site:facebook.com ""Ford Ranger"" ""lỗi thường gặp""",2026-09-15 20:41:47
https://www.facebook.com/61577292414396/videos/ford-range-mua-b%C3%A1n-oto-c%C5%A9-trung-xe-c%E1%BB%8F-%C4%91%E1%BA%B9p-nh%E1%BB%AFng-l%E1%BB%97i-th%C6%B0%E1%BB%9Dng-g%E1%BA%B7p-tr%C3%AAn-xe-fordrange/906331415610367,video,ford range# mua bán oto cũ# Trung xe cỏ đẹp# những lỗi ...,... range# mua bán oto cũ# Trung xe cỏ đẹp# những lỗi thường gặp trên xe fordrange# xu hướng ... Những lỗi thường gặp trên xe Ford Ranger đấy thì mình ...,"site:facebook.com ""Ford Ranger"" ""lỗi thường gặp""",2026-09-15 20:41:47
https://www.facebook.com/nguyenotobacgiang/posts/l%C3%A0m-%C4%91i%E1%BB%81u-h%C3%B2a-ford-ranger-c%C3%A1ch-n%E1%BA%A1p-gas-chu%E1%BA%A9n-%C4%91%E1%BB%83-l%E1%BA%A1nh-s%C3%A2u-tr%C3%A1nh-h%E1%BB%8Fng-l%E1%BB%91c-t%E1%BB%91n-ti%E1%BB%81n-/918258224436149,page_or_user_post,Làm điều hòa Ford Ranger | Cách nạp gas CHUẨN để lạnh ...,"... Ford Ranger đúng chuẩn kỹ thuật, đảm bảo điều hòa mát sâu ... lỗi thường gặp khi nạp gas sai cách Nếu làm đúng quy trình, điều hòa ...","site:facebook.com ""Ford Ranger"" ""lỗi thường gặp""",2026-09-15 20:41:47
https://www.facebook.com/groups/anhemsuachuaoto/posts/25349665598036802,group_post,MẤT ĐÈN COS CHO FORD RANGER – MAZDA BT50 QUA ...,... lỗi thường gặp: - Lỗi U1000-U3000 - Lỗi mất đèn cos - Sao chép hộp BCM mà không cần bóc hộp Các lỗi điện – điện tử trên Ford Ranger & Mazda ...,"site:facebook.com ""Ford Ranger"" ""lỗi thường gặp""",2026-09-15 20:41:47
https://www.facebook.com/nguyenotobacgiang/videos/l%C3%A0m-%C4%91i%E1%BB%81u-h%C3%B2a-ford-ranger-c%C3%A1ch-n%E1%BA%A1p-gas-chu%E1%BA%A9n-%C4%91%E1%BB%83-l%E1%BA%A1nh-s%C3%A2u-tr%C3%A1nh-h%E1%BB%8Fng-l%E1%BB%91c-t%E1%BB%91n-ti%E1%BB%81n-/4298614143748589,video,Làm điều hòa Ford Ranger | Cách nạp gas CHUẨN để lạnh ...,"... Ford Ranger đúng chuẩn kỹ thuật, đảm bảo điều hòa mát sâu ... lỗi thường gặp khi nạp gas sai cách Nếu làm đúng quy trình, điều hòa ...","site:facebook.com ""Ford Ranger"" ""lỗi thường gặp""",2026-09-15 20:41:47
https://www.facebook.com/groups/1522770998048384/posts/2931372337188236,group_post,Lỗi Radar thường gặp cho những xe có Adaptive Control,"[LỖI THƯỜNG GẶP VÀ CÁCH GIẢI QUYẾT] - #Radar Voi các anh chị đang so ... #Ford #Ranger #Wildtrak mới, trang bị động cơ 3.0 - 250Hp ...","site:facebook.com ""Ford Ranger"" ""lỗi thường gặp""",2026-09-15 20:41:47
https://www.facebook.com/groups/exauto.net/posts/3182479648677150,group_post,Gửi anh/em nhé ✅Sơ đồ mạch điện Ford Ranger 2021 ...,"... ford-ranger-2021/ ✓Phần mềm IDS 125 ( SVCI ... SmartFIX / SmartCASE – tham khảo các lỗi thường gặp, TSB và hướng xử lý đã được ghi nhận.","site:facebook.com ""Ford Ranger"" ""lỗi thường gặp""",2026-09-15 20:41:47
https://www.facebook.com/thanhxuanford.vn/posts/%C4%91%C4%83ng-ki%E1%BB%83m-kh%C3%B4ng-kh%C3%B3-%C4%91%E1%BA%BFn-ngay-thanh-xu%C3%A2n-ford-b%E1%BA%A1n-%C4%91ang-lo-l%E1%BA%AFng-v%C3%AC-s%E1%BA%AFp-%C4%91%E1%BA%BFn-k%E1%BB%B3-%C4%91%C4%83ng/1349939487162931,page_or_user_post,Đăng Kiểm Không Khó - Đến Ngay Thanh Xuân Ford ...,Cam kết hỗ trợ đăng kiểm trọn gói ✓ Kiểm tra xe trước đăng kiểm ✓ Xử lý nhanh tất cả lỗi thường gặp ... Ford Ranger Raptor không chỉ ...,"site:facebook.com ""Ford Ranger"" ""lỗi thường gặp""",2026-09-15 20:41:47
https://www.facebook.com/groups/xefordxegiatot24h/posts/1784850016273645,group_post,Bảo dưỡng định kỳ Ford Escape 2.3L đời 2010 ✅ Thay ...,"HỘI XE FORD RANGER, TERRITORY, EVEREST, TRANSIT VIỆT NAM ... Alo đặt lịch trước: *0347.994.484* #Các lỗi thường gặp em xử lý dứt điểm:* ...","site:facebook.com ""Ford Ranger"" ""lỗi thường gặp""",2026-09-15 20:43:54
https://www.facebook.com/groups/congdongxefordloi/posts/1253608849465039,group_post,Tiếp tục hỗ trợ ae raptor khắc phục tiếng kêu tic tăc ở cột B ...,Luân Đặng ▻ HỘI XE BÁN TẢI FORD RANGER. 1y · Public · Ae cho hỏi ở ... Cần tổng hợp các lỗi thường gặp. Ae dùng xe bị vấn đề gì cùng chia ...,"site:facebook.com ""Ford Ranger"" ""lỗi thường gặp""",2026-09-15 20:43:54
https://www.facebook.com/groups/636411057304840/posts/1824189661860301,group_post,Vai trò: Giúp ECU xác định nhiệt độ động cơ để điều ...,"... Lỗi thường gặp: Nếu cảm biến báo sai nhiệt độ (ví dụ báo nóng khi ... FORD RANGER XLS 2018 SỐ SÀN – BỀN BỈ, TIẾT KIỆM, ĐA DỤNG ...","site:facebook.com ""Ford Ranger"" ""lỗi thường gặp""",2026-09-15 20:43:54
https://www.facebook.com/PhongDoAuto/posts/%F0%9D%91%AD%F0%9D%92%90%F0%9D%92%93%F0%9D%92%85-%F0%9D%91%B9%F0%9D%92%82%F0%9D%92%8F%F0%9D%92%88%F0%9D%92%86%F0%9D%92%93-%F0%9D%91%BF%F0%9D%91%B3%F0%9D%91%BA-ho%C3%A0n-thi%E1%BB%87n-n%C3%A2ng-c%E1%BA%ADp-%F0%9D%97%AF%F0%9D%97%BC%CC%A3%CC%82-%F0%9D%97%B4%F0%9D%97%B5%F0%9D%97%B2%CC%82%CC%81-%F0%9D%97%B0%F0%9D%97%B5%F0%9D%97%B6%CC%89%F0%9D%97%BB%F0%9D%97%B5-%C4%91%F0%9D%97%B6%F0%9D%97%B2%CC%A3%CC%82%F0%9D%97%BB-%F0%9D%97%A9%F0%9D%97%A3%F0%9D%97%A5%F0%9D%97%A2-%F0%9D%97%A6%F0%9D%97%B2%F0%9D%97%AE%F0%9D%98%81-%C4%91%E1%BB%99-khung-/480320824740384,page_or_user_post,Độ khung chỉnh điện 𝗩𝗣𝗥𝗢 𝗦𝗲𝗮𝘁 ngả lưng hàng ghế ...,Ford Ranger XLS hoàn thiện nâng cập bộ ghế ... lỗi thường gặp trong quá trình thi công - Quy trình kiểm tra chất ...,"site:facebook.com ""Ford Ranger"" ""lỗi thường gặp""",2026-09-15 20:43:54
https://www.facebook.com/PhongDoAuto/posts/ford-ranger-xls-next-gen-bi%E1%BA%BFn-h%C3%ACnh-kinh-ng%E1%BA%A1c-ch%E1%BB%89-v%E1%BB%9Bi-3-ph%E1%BB%A5-ki%E1%BB%87n-d%C6%B0%E1%BB%9Bi-%C4%91%C3%A2y-c%E1%BB%A5m-%C4%91%C3%A8n/196560226444149,page_or_user_post,FORD RANGER XLS NEXT-GEN ...,FORD RANGER XLS NEXT-GEN BIẾN HÌNH KINH NGẠC CHỈ VỚI 3 PHỤ KIỆN ... lỗi thường gặp trong quá trình thi công - Quy trình kiểm tra chất ...,"site:facebook.com ""Ford Ranger"" ""lỗi thường gặp""",2026-09-15 20:43:54
https://www.facebook.com/QuocThuongAutoKonTum/videos/%C4%91i%E1%BB%81u-ho%C3%A0-l%E1%BA%A1nh-kh%C3%B4ng-s%C3%A2u-l%E1%BA%A1nh-kh%C3%B4ng-bu%E1%BB%91t-c%C3%A1ch-x%E1%BB%AD-l%C3%BD-t%E1%BB%B1-l%C3%A0m-t%E1%BA%A1i-nh%C3%A0/1071763654352753,video,Ford fiesta Sửa chữa điều hoà ô tô tại kon tum - GARAGE Ô ...,Xử lý những lỗi thường gặp trên động cơ 2KD Sđt: 0907.665.558 Đc. 02 ... TIẾP NHẬN XE DƯỚI HÃNG VỀ SỬA THÔI FORD RANGER WIDTRAK 3.2 ĐIỆN THOẠI: ...,"site:facebook.com ""Ford Ranger"" ""lỗi thường gặp""",2026-09-15 20:43:54
https://www.facebook.com/PhongDoAuto/posts/-ford-ranger-xls-n%C3%A2ng-c%E1%BA%A5p-ch%E1%BA%AFn-b%C3%B9n-tjm-ch%E1%BB%AF-v%C3%A0ng-thay-th%E1%BA%BF-ch%E1%BA%AFn-b%C3%B9n-zin-theo-xe-t%C4%83/539205378851928,page_or_user_post,Ford Ranger XLS nâng cấp chắn bùn TJM chữ vàng thay ...,Ford Ranger XLS nâng cấp chắn bùn TJM chữ vàng thay thế chắn bùn ... lỗi thường gặp trong quá trình thi công - Quy trình kiểm tra chất ...,"site:facebook.com ""Ford Ranger"" ""lỗi thường gặp""",2026-09-15 20:43:54
https://www.facebook.com/trinh.le.94651/videos/xe-x%C4%83ng-c%C3%B3-c%C3%B2n-%C4%91%E1%BB%A7-h%E1%BA%A5p-d%E1%BA%ABn-n%E1%BB%AFa-kh%C3%B4ng-/1399247825224363,video,Xe xăng có còn đủ hấp dẫn nữa không # | Lê Văn Trình,"... lỗi thường gặp trên xe. 02:09. mua bán xe cũ# Trung xe cỏ đẹp# những lỗi thường gặp tr... Feb 27, 2026 · 93K views. Tiên sư phát minh ra chế ...","site:facebook.com ""Ford Ranger"" ""lỗi thường gặp""",2026-09-15 20:43:54
https://www.facebook.com/FordVietnam/posts/minigame-b%E1%BA%A3n-l%C4%A9nh-%C4%91%C3%ADch-th%E1%BB%B1c-ford-rangerb%E1%BA%A3n-l%C4%A9nh-kh%C3%B4ng-n%E1%BA%B1m-%E1%BB%9F-nh%E1%BB%AFng-th%C3%B4ng-s%E1%BB%91-tr%C3%AAn-/1383648143791690,page_or_user_post,[MINIGAME] BẢN LĨNH ĐÍCH THỰC FORD RANGER Bản ...,"Hãy cho cả cộng đồng thấy “bản lĩnh đích thực” của bạn với Ford Ranger. Chia sẻ ngay câu chuyện ""người thật - xe thật"" để khẳng định: # ...","site:facebook.com ""Ford Ranger"" ""khen chê chia sẻ kinh nghiệm""",2026-09-15 20:44:01
https://www.facebook.com/FordVietnam/posts/b%E1%BA%A1n-ch%E1%BB%8Dn-ch%E1%BA%BF-%C4%91%E1%BB%99-l%C3%A1i-n%C3%A0o-khi-off-road-v%E1%BB%9Bi-ford-ranger-c%C3%A2u-tr%E1%BA%A3-l%E1%BB%9Di-l%C3%A0-b%E1%BA%A1n-c%C3%B3-th%E1%BB%83-l/761431266013384,page_or_user_post,Bạn chọn chế độ lái nào khi off-road với Ford Ranger? Câu trả ...,Cảm ơn bạn đã dành lời khen cho sản phẩm Ford. Chúng tôi hi vọng sẽ luôn nhận được sự quan tâm và yêu mến của bạn dành cho Ford. 2y.,"site:facebook.com ""Ford Ranger"" ""khen chê chia sẻ kinh nghiệm""",2026-09-15 20:44:01
https://www.facebook.com/FordVietnam/posts/m%C6%B0a-t%E1%BA%A1i-h%C3%A0-n%E1%BB%99i-kh%C3%B4ng-l%C3%A0m-gi%E1%BA%A3m-s%E1%BB%A9c-n%C3%B3ng-m%C3%A0-c%C3%B2n-tr%E1%BB%9F-th%C3%A0nh-s%C3%A0n-di%E1%BB%85n-ho%C3%A0n-h%E1%BA%A3o-%C4%91%E1%BB%83-c%C3%A1c/1585242650298904,page_or_user_post,"Mưa tại Hà Nội không làm giảm sức nóng, mà còn ...",Ford Việt Nam mời cộng đồng tài xế Ford Transit tham gia minigame “Chia Sẻ Bí Quyết Song Hành Cùng Ford Transit” để cùng lan tỏa những kinh ...,"site:facebook.com ""Ford Ranger"" ""khen chê chia sẻ kinh nghiệm""",2026-09-15 20:44:01
https://www.facebook.com/NavuVlog/videos/raptor-v6-30-ra-m%E1%BA%AFt-th%E1%BA%A5y-nhi%E1%BB%81u-b%C3%A1c-v%C3%A0o-khen-l%E1%BA%AFm-nh%C6%B0ng-ch%C6%B0a-th%E1%BA%A5y-%C3%B4ng-n%C3%A0o-an-%E1%BB%A7i-c%C3%A1/1510964923965656,video,"Raptor V6 3.0 ra mắt thấy nhiều bác vào khen lắm, nhưng ...",Ờ một cái lý do thứ ba thì máy mạnh thì thực ra ở Việt Nam thì chả có đường để chạy. Thứ hai là Ranger Raptor vẫn bị coi là xe tải thôi. Ấy các ...,"site:facebook.com ""Ford Ranger"" ""khen chê chia sẻ kinh nghiệm""",2026-09-15 20:44:01
https://www.facebook.com/groups/otofun2021/posts/1065953738326569,group_post,Admin Group Anh Em Mê Xe (và là người đang đi Ford ...,"Ford nắm bắt được thị hiếu, tận dụng rất tốt điều này và biến Ranger trở nên vô đối, đè bẹp đối thủ tại thị trường Việt Nam dù vẫn có những lùm ...","site:facebook.com ""Ford Ranger"" ""khen chê chia sẻ kinh nghiệm""",2026-09-15 20:44:01
https://www.facebook.com/ToyotaVietnam/posts/tr%E1%BA%A3i-nghi%E1%BB%87m-th%E1%BB%B1c-t%E1%BA%BF-toyota-corolla-cross-hev-2024-%C4%91i%E1%BB%81u-b%E1%BA%A5t-ng%E1%BB%9D-b%E1%BA%A1n-ch%C6%B0a-bi%E1%BA%BFttoyo/635577558826391,page_or_user_post,Trải nghiệm thực tế Toyota Corolla Cross HEV 2024: Điều bất ...,Trải nghiệm thực tế Toyota Corolla Cross HEV 2024: Điều bất ngờ bạn chưa biết! #Toyota #ToyotaVietNam #DatewithExpert #CorollaCross #Hybrid.,"site:facebook.com ""Toyota Corolla Cross"" ""trải nghiệm thực tế""",2026-09-15 20:47:19
https://www.facebook.com/toyotahiroshimathlp/videos/-toyota-corolla-cross-hev-suv-5-ch%E1%BB%97-ti%E1%BA%BFt-ki%E1%BB%87m-nh%C6%B0-xe-m%C3%A1ym%E1%BB%99t-chi%E1%BA%BFc-suv-5-ch%E1%BB%97-v%E1%BA%ADn-/851140004052235,video,TOYOTA COROLLA CROSS HEV | SUV 5 CHỖ – TIẾT KIỆM ...,TOYOTA COROLLA CROSS HEV | SUV 5 CHỖ – TIẾT KIỆM NHƯ XE MÁY Một ... trải nghiệm thực tế Corolla Cross HEV tại Toyota Hiroshima Long ...,"site:facebook.com ""Toyota Corolla Cross"" ""trải nghiệm thực tế""",2026-09-15 20:47:19
https://www.facebook.com/toyotamydinh.com.vn/videos/kh%C3%A1ch-h%C3%A0ng-n%C3%B3i-g%C3%AC-v%E1%BB%81-xe-hybrid-sau-m%E1%BB%99t-th%E1%BB%9Di-gian-s%E1%BB%AD-d%E1%BB%A5ngh%C3%A3y-c%C3%B9ng-l%E1%BA%AFng-nghe-nh%E1%BB%AFng/689078067420320,video,Khách hàng nói gì về xe Hybrid sau một thời gian sử dụng ...,"... trải nghiệm thực tế của anh ạ ❤️. 1y. 1. Profile photo of Ta. Ta ... Toyota Corolla Cross 1.8 HEV 2024, bản đặc biệt Hybrid Tiết Kiệm ...","site:facebook.com ""Toyota Corolla Cross"" ""trải nghiệm thực tế""",2026-09-15 20:47:19
https://www.facebook.com/ToyotaBienhoa/posts/kh%C3%A1ch-h%C3%A0ng-n%C3%B3i-g%C3%AC-v%E1%BB%81-toyota-corolla-cross-hev-sau-th%E1%BB%9Di-gian-s%E1%BB%AD-d%E1%BB%A5ng-kh%C3%B4ng-ch%E1%BB%89-%E1%BA%A5n/1315378187316274,page_or_user_post,KHÁCH HÀNG NÓI GÌ VỀ Toyota Corolla Cross HEV SAU THỜI ...,KHÁCH HÀNG NÓI GÌ VỀ Toyota Corolla Cross ... trải nghiệm thực tế mỗi ngày. ✨ Một chủ xe chia ... Toyota Corolla Cross Hybrid • Toyota Veloz Cross ...,"site:facebook.com ""Toyota Corolla Cross"" ""trải nghiệm thực tế""",2026-09-15 20:47:19
https://www.facebook.com/groups/3408650809229540/posts/25807990268868941,group_post,Đúng là ở vn xe nào bị chê nhiều thì lại bán được nhiều 🤣😍,"Dấu ấn Toyota Corolla Cross sau hơn 5 năm tại Việt Nam. Corolla Cross ... Trên đây là trải nghiệm thực tế của em, còn ngoài ra thì vận ...","site:facebook.com ""Toyota Corolla Cross"" ""trải nghiệm thực tế""",2026-09-15 20:47:19
https://www.facebook.com/toyotathaihoatuliem.com.vn/videos/-h%C6%A1n-6000km-xuy%C3%AAn-vi%E1%BB%87t-v%C3%A0-l%E1%BB%9Di-kh%E1%BA%B3ng-%C4%91%E1%BB%8Bnh-chi%E1%BA%BFc-xe-n%C3%A0y-%C4%91%E1%BA%A3o-l%E1%BB%99n-m%E1%BB%8Di-suy-ngh%C4%A9-c%E1%BB%A7a-t/1484031653096766,video,🇻🇳 HƠN 6.000KM XUYÊN VIỆT VÀ LỜI KHẲNG ĐỊNH ...,"... Toyota Corolla Cross HEV chính là một ""người ... trải nghiệm thực tế đã thôi thúc bác kết nối trở lại: ✨ Lan tỏa ...","site:facebook.com ""Toyota Corolla Cross"" ""trải nghiệm thực tế""",2026-09-15 20:47:19
https://www.facebook.com/toyotaphapvan.net/posts/kh%C3%A1ch-h%C3%A0ng-nh%E1%BA%ADn-x%C3%A9t-g%C3%AC-v%E1%BB%81-corolla-cross-sau-1-th%E1%BB%9Di-gian-s%E1%BB%AD-d%E1%BB%A5ng-corolla-cross-he/1471038451701063,page_or_user_post,Toyota PHÁP VÂN,... trải nghiệm thực tế từ người đã trực tiếp sử dụng xe mỗi ngày ... Nguyễn Quốc Thành ▻ Hội Toyota Corolla CROSS Việt Nam™ Club ( Cross VN Official ).,"site:facebook.com ""Toyota Corolla Cross"" ""trải nghiệm thực tế""",2026-09-15 20:47:19
https://www.facebook.com/CNToyotaTruongChinh/videos/tr%E1%BA%A3i-nghi%E1%BB%87m-th%E1%BB%B1c-t%E1%BA%BF-toyota-corolla-cross-hev-2024-%C4%91i%E1%BB%81u-b%E1%BA%A5t-ng%E1%BB%9D-b%E1%BA%A1n-ch%C6%B0a-bi%E1%BA%BFt/445680341810913,video,Trải nghiệm thực tế Toyota Corolla Cross HEV 2024: Điều bất ...,Trải nghiệm thực tế Toyota Corolla Cross HEV 2024: Điều bất ngờ bạn chưa biết! #Toyota #ToyotaVietNam #DatewithExpert #CorollaCross #Hybrid ———————————...,"site:facebook.com ""Toyota Corolla Cross"" ""trải nghiệm thực tế""",2026-09-15 20:47:19
https://www.facebook.com/toyotathaihoatuliem.com.vn/videos/ch%E1%BB%8Dn-corolla-cross-x%C4%83ng-hay-hybridch%E1%BB%89-1-n%C4%83m-tr%C6%B0%E1%BB%9Bc-t%E1%BB%ABng-ch%C3%AAnh-t%E1%BB%9Bi-90-tri%E1%BB%87u-gi%E1%BB%9D-%C4%91%C3%A2/1552678566604836,video,CHỌN COROLLA CROSS - XĂNG HAY HYBRID? Chỉ 1 năm ...,TOYOTA COROLLA CROSS HYBRID GIẢM LIỀN TAY 40 TRIEU INBOX ... trải nghiệm thực tế và tìm hiểu phương án sở hữu phù hợp.,"site:facebook.com ""Toyota Corolla Cross"" ""trải nghiệm thực tế""",2026-09-15 20:47:19
https://www.facebook.com/groups/congdongxexanhtoyota/posts/3956568344635145,group_post,nắp che động cơ bị “lược bỏ” trên corolla cross / altis,... Toyota Corolla Cross Hybrid / Altis ... trải nghiệm thực tế về xe Hybrid. Và em cũng rất mong thầy Vũ Quang Luân ...,"site:facebook.com ""Toyota Corolla Cross"" ""trải nghiệm thực tế""",2026-09-15 20:47:19
https://www.facebook.com/groups/toyotacrossvietnamclub/posts/3216228001902093,group_post,Em đang phân Vân giữa con Corolla Cross bản xăng với ...,Đang phân vân giữa mazda cx5 deluxe và toyota corolla cross g. ... Ngoài ra em có xem thêm Geely monjaro vì thấy giá tốt và options nhiều nhưng ...,"site:facebook.com ""Toyota Corolla Cross"" ""trải nghiệm thực tế""",2026-09-15 20:47:44
https://www.facebook.com/toyotaquangbinh204LyThuongKiet/posts/corolla-cross-chu%E1%BA%A9n-tinh-ch%E1%BB%8Dn-th%C3%A1ng-ng%C3%A2u-t%E1%BB%9Bi-%C4%91%C3%B3n-kh%E1%BB%9Fi-%C4%91%E1%BA%A7u-m%E1%BB%9Bith%C3%A1ng-ng%C3%A2u-c%C3%B3-th%E1%BB%83-k/1776459901154735,page_or_user_post,COROLLA CROSS | CHUẨN TINH CHỌN THÁNG NGÂU TỚI ...,... Toyota Corolla Cross - bạn luôn có thể tự tin bắt đầu hành trình của ... trải nghiệm thực tế trước khi quyết định? Vậy thì đừng bỏ lỡ ...,"site:facebook.com ""Toyota Corolla Cross"" ""trải nghiệm thực tế""",2026-09-15 20:47:44
https://www.facebook.com/TOYOTANGOCANH/posts/-l%C3%A1i-th%E1%BB%AD-cu%E1%BB%91i-tu%E1%BA%A7n-tr%E1%BA%A3i-nghi%E1%BB%87m-suv-toyota-ho%C3%A0n-to%C3%A0n-mi%E1%BB%85n-ph%C3%ADb%E1%BA%A1n-%C4%91ang-t%C3%ACm-m%E1%BB%99t-chi/1244694797766660,page_or_user_post,🚗 LÁI THỬ CUỐI TUẦN – TRẢI NGHIỆM SUV TOYOTA ...,"Đừng bỏ lỡ cơ hội trải nghiệm thực tế hai mẫu xe nổi bật của Toyota: ✨ Toyota Corolla Cross HEV – Công nghệ Hybrid tiên tiến, vận hành êm ái, ...","site:facebook.com ""Toyota Corolla Cross"" ""trải nghiệm thực tế""",2026-09-15 20:47:44
https://www.facebook.com/toyotadungtienphuyen/posts/-corolla-cross-ch%E1%BA%A1m-l%C3%A0-d%C3%ADnh-nh%C3%ACn-l%C3%A0-m%C3%AA-%C4%91%E1%BB%8F-r%E1%BB%B1c-r%E1%BB%A1-b%C3%B3ng-lo%C3%A1ng-ki%C3%AAu-sa-b%C6%B0%E1%BB%9Bc-v%C3%A0o-l%C3%A0-/1232560755563675,page_or_user_post,"✨ COROLLA CROSS – CHẠM LÀ “DÍNH”, ...",... Trải nghiệm thực tế tại Toyota Dũng Tiến Inbox ngay kẻo lỡ deal ... TOYOTA COROLLA CROSS 1.8V 2020 – MẪU SUV QUỐC DÂN ĐƯỢC ƯA ...,"site:facebook.com ""Toyota Corolla Cross"" ""trải nghiệm thực tế""",2026-09-15 20:47:44
https://www.facebook.com/groups/aemexe/posts/3125387234282858,group_post,Toyota Corolla Cross là xe hạng gì? B hay C?* ...,**Toyota Corolla Cross là xe hạng gì? B hay C?** Thấy anh em ... trải nghiệm thực tế với ạ e đang băn khoăn nên mua xe này về đi gia ...,"site:facebook.com ""Toyota Corolla Cross"" ""trải nghiệm thực tế""",2026-09-15 20:47:44
https://www.facebook.com/ToyotaVietnam/posts/thi%E1%BA%BFt-k%E1%BA%BF-th%E1%BB%9Di-th%C6%B0%E1%BB%A3ng-s%E1%BA%AFc-m%C3%A0u-%E1%BA%A5n-t%C6%B0%E1%BB%A3ng-corolla-cross-mang-%C4%91%E1%BA%BFn-m%E1%BB%99t-di%E1%BB%87n-m%E1%BA%A1o-m%E1%BB%9Bi-%C4%91%E1%BA%A7/620082810375866,page_or_user_post,SẮC MÀU ẤN TƯỢNG Corolla Cross mang đến ...,"... Toyota Corolla Cross 2024 tại: - Bản xăng: https://www.toyota.com.vn ... trải nghiệm thực tế. Từ sự cẩn trọng trong mỗi chi tiết, tính ...","site:facebook.com ""Toyota Corolla Cross"" ""trải nghiệm thực tế""",2026-09-15 20:47:44
https://www.facebook.com/groups/congdongxexanhtoyota/posts/3692252137733435,group_post,Hôm trước có bác hỏi về việc chạy dịch vụ bằng Toyota ...,Trải nghiệm thực tế xong sẽ hiểu vì sao dạo này nhiều người bắt đầu ... Xét riêng từng mẫu mã thì Toyota Corolla Cross Hybrid là mẫu xe ...,"site:facebook.com ""Toyota Corolla Cross"" ""trải nghiệm thực tế""",2026-09-15 20:47:44
https://www.facebook.com/CNToyotaTruongChinh/posts/corolla-cross-%C4%91i%E1%BB%81u-b%E1%BA%A1n-ch%C6%B0a-bi%E1%BA%BFtb%E1%BA%A1n-c%C3%B3-bi%E1%BA%BFt-corolla-cross-hybrid-c%C3%B3-th%E1%BB%83-ti%E1%BA%BFt-ki%E1%BB%87/1474591578001001,page_or_user_post,Toyota Trường Chinh,... trải nghiệm thực tế. TRƯNG BÀY & LÁI THỬ TOYOTA HILUX • Trưng bày ... TOYOTA COROLLA CROSS 1.8V NHẬP THÁI | 2023 ✓ Biển số TP.HCM ...,"site:facebook.com ""Toyota Corolla Cross"" ""trải nghiệm thực tế""",2026-09-15 20:47:44
https://www.facebook.com/ToyotaVinhNA/videos/tnga-%C4%91%E1%BB%8Bnh-h%C6%B0%E1%BB%9Bng-thi%E1%BA%BFt-k%E1%BA%BF-to%C3%A0n-c%E1%BA%A7u-m%E1%BB%9Bi-c%E1%BB%A7a-toyotakh%C3%B4ng-ch%E1%BB%89-l%C3%A0-b%C6%B0%E1%BB%9Bc-ti%E1%BA%BFn-v%E1%BB%81-m%E1%BA%B7t-k%E1%BB%B9/1784017965543404,video,TNGA - ĐỊNH HƯỚNG THIẾT KẾ TOÀN CẦU MỚI CỦA ...,... Toyota Corolla Cross tặng ngay 50% lệ phí trước bạ lên đến 46 triệu ... CƠ HỘI TRẢI NGHIỆM THỰC TẾ CÁC DÒNG XE TOYOTA TẠI EA H'LEO ...,"site:facebook.com ""Toyota Corolla Cross"" ""trải nghiệm thực tế""",2026-09-15 20:47:44
https://www.facebook.com/groups/2732285143757175/posts/4651634858488851,group_post,Anh em cho mình xin lời khuyên với ạ!,Anh em cho mình xin lời khuyên với ạ! Gia đình mình đang lăn tăn giữa Beijing X7 2022 – Toyota Corolla Cross ... lỗi thường gặp và khả năng đi ...,"site:facebook.com ""Toyota Corolla Cross"" ""lỗi thường gặp""",2026-09-15 20:47:46
https://www.facebook.com/groups/chuyenmuabanxeco/posts/37669505849361954,group_post,Chất xe đi ít rất mới/ Bảo dưỡng full hãng 🔹Màu trắng ngọc ...,"Toyota corolla cross 1.8V 2023 siêu ... lỗi thường gặp. Xe zin đẹp từ nội thất tới ngoại thất, mới đăng ...","site:facebook.com ""Toyota Corolla Cross"" ""lỗi thường gặp""",2026-09-15 20:47:46
https://www.facebook.com/groups/exauto.net/posts/4544411482483953,group_post,Xe báo lỗi C1A50 – Lỗi hệ thống phanh khẩn cấp (Pre-Collision ...,"Một số mã lỗi thường gặp trên Toyota Corolla Cross: C1A10 – Camera trước lệch trục, cần hiệu chuẩn. C1A11 – Radar trước sai góc lắp đặt. C1A47 ...","site:facebook.com ""Toyota Corolla Cross"" ""lỗi thường gặp""",2026-09-15 20:47:46
https://www.facebook.com/PhongDoAuto/posts/-corolla-cross-x-z800new-%C3%B4ng-ho%C3%A0ng-th%E1%BB%91ng-tr%E1%BB%8B-ph%C3%A2n-kh%C3%BAc-cuv-nh%E1%BB%9D-phong-c%C3%A1ch-thi%E1%BA%BFt-/111847294921074,page_or_user_post,phong độ auto,... Toyota Corolla Cross mới thực sự trở nên hoàn hảo nhờ giao diện cá ... lỗi thường gặp trong quá trình thi công - Quy trình kiểm tra ...,"site:facebook.com ""Toyota Corolla Cross"" ""lỗi thường gặp""",2026-09-15 20:47:46
https://www.facebook.com/groups/2732285143757175/posts/4651645811821089,group_post,Bảo sao limo hay móp đít :)),Gia đình mình đang lăn tăn giữa Beijing X7 2022 – Toyota Corolla Cross ... lỗi thường gặp và khả năng đi đường dài với ạ. Đặc biệt đang khá ...,"site:facebook.com ""Toyota Corolla Cross"" ""lỗi thường gặp""",2026-09-15 20:48:17
https://www.facebook.com/groups/2732285143757175/posts/4302906450028362,group_post,Mỗi lần Thủ Đô mưa to thì luôn có những câu chuyện vè ...,Gia đình mình đang lăn tăn giữa Beijing X7 2022 – Toyota Corolla Cross ... lỗi thường gặp và khả năng đi đường dài với ạ. Đặc biệt đang khá ...,"site:facebook.com ""Toyota Corolla Cross"" ""lỗi thường gặp""",2026-09-15 20:48:17
https://www.facebook.com/groups/2520870914717930/posts/3600502670088077,group_post,"Cầu Tranh, Lương Tài Bắc Ninh trưa nay",Gia đình mình đang lăn tăn giữa Beijing X7 2022 – Toyota Corolla Cross ... lỗi thường gặp và khả năng đi đường dài với ạ. Đặc biệt đang khá ...,"site:facebook.com ""Toyota Corolla Cross"" ""lỗi thường gặp""",2026-09-15 20:48:17
https://www.facebook.com/groups/vinfastvf6vietnam/posts/440341849064475,group_post,Bản 6s có thể nâng cấp adas thêm được không mọi người,"Một số mã lỗi thường gặp trên Toyota Corolla Cross: C1A10 – Camera trước lệch trục, cần hiệu chuẩn. C1A11 – Radar trước sai góc lắp ...","site:facebook.com ""Toyota Corolla Cross"" ""lỗi thường gặp""",2026-09-15 20:48:17
https://www.facebook.com/groups/2732285143757175/posts/4651590208493316,group_post,"✅ E sẵn mấy xe H6, Jolion khách đi công tác nên để lại cho ...",Gia đình mình đang lăn tăn giữa Beijing X7 2022 – Toyota Corolla Cross ... lỗi thường gặp và khả năng đi đường dài với ạ. Đặc biệt đang khá ...,"site:facebook.com ""Toyota Corolla Cross"" ""lỗi thường gặp""",2026-09-15 20:48:17
https://www.facebook.com/groups/2732285143757175/posts/4651153335203670,group_post,Nghe nói nhặt được đồ k chịu trả .,Gia đình mình đang lăn tăn giữa Beijing X7 2022 – Toyota Corolla Cross ... lỗi thường gặp và khả năng đi đường dài với ạ. Đặc biệt đang khá ...,"site:facebook.com ""Toyota Corolla Cross"" ""lỗi thường gặp""",2026-09-15 20:48:17
https://www.facebook.com/groups/2520870914717930/posts/3566432926828385,group_post,Ace cho xin nhận xét về bộ khung ex2. Mình quan tâm đến ...,Gia đình mình đang lăn tăn giữa Beijing X7 2022 – Toyota Corolla Cross ... lỗi thường gặp và khả năng đi đường dài với ạ. Đặc biệt đang khá ...,"site:facebook.com ""Toyota Corolla Cross"" ""lỗi thường gặp""",2026-09-15 20:48:17
https://www.facebook.com/cothebandabiet/posts/-mua-%C3%B4-t%C3%B4-nhi%E1%BB%81u-ng%C6%B0%E1%BB%9Di-ch%E1%BB%89-nh%C3%ACn-gi%C3%A1-l%C4%83n-b%C3%A1nh-m%C3%A0-qu%C3%AAn-m%E1%BA%A5t-m%E1%BB%99t-kho%E1%BA%A3n-%C4%91%E1%BB%91t-ti%E1%BB%81n-k%C3%A9o-d/1562693882192168,page_or_user_post,"bảo dưỡng. Theo bảng giá chính hãng, sau 100.000 km ...","Sau 100.000 km, Corolla Cross có thể tốn khoảng 50–70 triệu đồng tiền bảo dưỡng, còn VF 7 chỉ khoảng 8–12 triệu đồng. Đây không phải ưu đãi tạm ...","site:facebook.com ""Toyota Corolla Cross"" ""chi phí nuôi xe bảo dưỡng""",2026-09-15 20:48:20
https://www.facebook.com/VnProCon/posts/chi-ph%C3%AD-b%E1%BA%A3o-d%C6%B0%E1%BB%A1ng-gi%E1%BB%AFa-toyota-corolla-cross-v%C3%A0-vinfast-vf-7-ch%C3%AAnh-l%E1%BB%87ch-kho%E1%BA%A3ng-42/1461638066006035,page_or_user_post,Chi phí bảo dưỡng giữa Toyota Corolla Cross và VinFast ...,Chi phí bảo dưỡng giữa Toyota Corolla Cross và VinFast VF 7 chênh lệch khoảng 42 đến 58 triệu đồng sau 100.000 km vận hành.,"site:facebook.com ""Toyota Corolla Cross"" ""chi phí nuôi xe bảo dưỡng""",2026-09-15 20:48:20
https://www.facebook.com/toyotacamau.toyotavietnam/posts/chi-ph%C3%AD-nu%C3%B4i-xe-nh%E1%BA%B9-m%C3%A0-an-t%C3%A2msau-khi-tr%E1%BA%A3i-nghi%E1%BB%87m-th%E1%BB%B1c-t%E1%BA%BF-kh%C3%A1ch-h%C3%A0ng-th%C6%B0%E1%BB%9Dng-quan-/881214077965887,page_or_user_post,Toyota Cà Mau - Đại Lý Chính Thức Toyota Việt Nam,"CHI PHÍ NUÔI XE – NHẸ MÀ AN TÂM Sau khi trải nghiệm thực tế, khách hàng thường quan tâm đến chi phí sử dụng lâu dài. Corolla Cross mang đến sự ...","site:facebook.com ""Toyota Corolla Cross"" ""chi phí nuôi xe bảo dưỡng""",2026-09-15 20:48:20
https://www.facebook.com/hiroshimatoyotaht/posts/-s%E1%BB%B1-th%E1%BA%ADt-v%E1%BB%81-xe-hybrid-toyota-pin-hybrid-c%C3%B3-b%E1%BB%81n-kh%C3%B4ng-chi-ph%C3%AD-s%E1%BB%AD-d%E1%BB%A5ng-c%C3%B3-%C4%91%C3%A1ng-lol/1442836500971250,page_or_user_post,Pin Hybrid có bền không? Chi phí sử ...,"Với giá xăng hiện nay, chi phí ""nuôi xe"" mỗi km chỉ khoảng 1.000 đồng hoặc thấp hơn. ... Thay pin (nếu cần): Trường hợp hiếm khi pin hỏng ngoài ...","site:facebook.com ""Toyota Corolla Cross"" ""chi phí nuôi xe bảo dưỡng""",2026-09-15 20:48:20
https://www.facebook.com/kinhte.kienthuc/posts/nh%E1%BB%AFng-h%E1%BA%A1ng-m%E1%BB%A5c-b%E1%BA%A3o-d%C6%B0%E1%BB%A1ng-quan-tr%E1%BB%8Dng-m%C3%A0-xe-x%C4%83ng-ph%E1%BA%A3i-l%C3%A0m-xe-%C4%91i%E1%BB%87n-th%C3%AC-kh%C3%B4ng-chi-ph/1458369576321089,page_or_user_post,NHỮNG HẠNG MỤC BẢO DƯỠNG QUAN TRỌNG MÀ XE ...,"Theo bảng giá chính hãng của Toyota và VinFast, sau 100.000 km sử dụng, Toyota Corolla Cross có tổng chi phí bảo dưỡng khoảng 50 - 70 triệu đồng ...","site:facebook.com ""Toyota Corolla Cross"" ""chi phí nuôi xe bảo dưỡng""",2026-09-15 20:48:20
https://www.facebook.com/groups/275745308871803/posts/807230209056641,group_post,Hội Toyota Yaris Cross,"Tình hình là e cũng định lấy xe mà chưa có nhiều kinh nghiệm về bảo dưỡng, các bác cho e tham khảo về chi phí bảo dưỡng mức 5000, 10000, ...","site:facebook.com ""Toyota Corolla Cross"" ""chi phí nuôi xe bảo dưỡng""",2026-09-15 20:48:20
https://www.facebook.com/ToyotaBacNinh5s/posts/chi-ph%C3%AD-nu%C3%B4i-xe-nh%E1%BA%B9-m%C3%A0-an-t%C3%A2msau-khi-tr%E1%BA%A3i-nghi%E1%BB%87m-th%E1%BB%B1c-t%E1%BA%BF-kh%C3%A1ch-h%C3%A0ng-th%C6%B0%E1%BB%9Dng-quan-/1322085646598765,page_or_user_post,Toyota Bắc Ninh,"CHI PHÍ NUÔI XE – NHẸ MÀ AN TÂM Sau khi trải nghiệm thực tế, khách hàng thường quan tâm đến chi phí sử dụng lâu dài. Corolla Cross mang đến ...","site:facebook.com ""Toyota Corolla Cross"" ""chi phí nuôi xe bảo dưỡng""",2026-09-15 20:48:20
https://www.facebook.com/groups/congdongxexanhtoyota/posts/4158983827726928,group_post,"Ai bảo dân mình sợ xe Hybrid, sợ hỏng pin, sợ chi phí thay ...",Nếu nhìn vào hóa đơn bảo dưỡng định kỳ tại hãng thì sự thật là: Chi phí 'nuôi' một chiếc Toyota Hybrid hoàn toàn tương đương với xe thuần xăng!,"site:facebook.com ""Toyota Corolla Cross"" ""chi phí nuôi xe bảo dưỡng""",2026-09-15 20:48:20
https://www.facebook.com/groups/3408650809229540/posts/26446770638324231,group_post,Nói về toyota corolla cross sau 4 năm sử dụng,Nói về toyota corolla cross sau 4 năm sử dụng 1. pô 3 năm sử dụng đều cũng lủng thay hãng. 2.loa cánh tài rè sau 1 .5 năm thay hãng. 3.,"site:facebook.com ""Toyota Corolla Cross"" ""khen chê chia sẻ kinh nghiệm""",2026-09-15 20:48:55
https://www.facebook.com/groups/gearupvn/posts/1130050315226768,group_post,**TOPIC VỀ: một bộ loa trên xe hay hay mà bạn được trải ...,"Toyota Corolla Cross được nâng cấp hệ thống âm thanh với cấu hình 6 loa kết hợp sub điện và bộ xử lý âm thanh tích hợp 6 kênh amply, giúp tối ưu ...","site:facebook.com ""Toyota Corolla Cross"" ""khen chê chia sẻ kinh nghiệm""",2026-09-15 20:48:55
https://www.facebook.com/groups/3408650809229540/posts/23891363897198264,group_post,Các bác cho em thao khảo chút về mức tiêu hao nhiên liệu ...,Anh chị cho em xin review về xe Corolla cross phiên bản 1.8V và 1.8HEV. Nên mua dòng nào hơn ạ? Màu đỏ và trắng thì màu nào bền hơn ạ? Em cảm ơn ...,"site:facebook.com ""Toyota Corolla Cross"" ""khen chê chia sẻ kinh nghiệm""",2026-09-15 20:48:55
https://www.facebook.com/groups/aemexe/posts/3706337422854500,group_post,"Sau 7 ngày trải nghiệm Innova Cross Hybrid, tôi ...","có 2 điểm chắc chắn phải chê: 1. khu vực yên ngựa, tablo quá xấu. con corolla cross nhìn khá ổn mà ko hiểu sao sang con này lại xấu vậy, ...","site:facebook.com ""Toyota Corolla Cross"" ""khen chê chia sẻ kinh nghiệm""",2026-09-15 20:48:55
https://www.facebook.com/groups/congdongxexanhtoyota/posts/3900421316916515,group_post,"Lại bàn về vấn đề ""Sợ"" Khi chọn mua Xe hybrid hoặc ...","Sau khi tham dự sự kiện Toyota hôm 14/3, mình thấy Hybrid đang dần trở thành một lựa chọn nghiêm túc chứ không còn là “công nghệ cho có”. Điểm ...","site:facebook.com ""Toyota Corolla Cross"" ""khen chê chia sẻ kinh nghiệm""",2026-09-15 20:48:55
https://www.facebook.com/groups/voz.oto.xemay/posts/1697318378093680,group_post,"em cố gắng chọn gầm cao để đi đường cho an toàn, cũng ...",Mua xe miễn mua đc con xe mình thích là ok rồi. Vào nhóm zalo yaris cross để khắc phục mấy lỗi vặt vãnh nhé. Con này có lỗi bẩn cảm biến sau ...,"site:facebook.com ""Toyota Corolla Cross"" ""khen chê chia sẻ kinh nghiệm""",2026-09-15 20:48:55
https://www.facebook.com/groups/congdongxexanhtoyota/posts/4218406645117979,group_post,Hệ thống Hybrid trên Land Cruiser 300 HEV và Lexus ...,Đây là hệ thống Hybrid đầu tiên của Toyota được trang bị cả máy phát điện và bộ đề nổ khởi động giống xe xăng truyền thống nhằm mục đích giúp ...,"site:facebook.com ""Toyota Corolla Cross"" ""khen chê chia sẻ kinh nghiệm""",2026-09-15 20:48:55
https://www.facebook.com/groups/otosaigon2023/posts/1131496445522917,group_post,"9 tháng đầu năm 2025, doanh số xe Hybrid tại Việt Nam tăng ...","Xét riêng từng mẫu mã thì Toyota Corolla Cross Hybrid là mẫu xe hybrid bán chạy nhất tháng 5 với 230 xe, tăng 65 xe so với tháng trước đó. Ngoài ...","site:facebook.com ""Toyota Corolla Cross"" ""khen chê chia sẻ kinh nghiệm""",2026-09-15 20:48:55
https://www.facebook.com/groups/aemexe/posts/3137387106416204,group_post,[Góc Review] Hyundai Creta – bản đặc biệt (bản giữa ...,... [Góc Review] Hyundai Creta – bản đặc biệt (bản giữa) Vừa tiền ... Trải nghiệm thực tế ở Việt Nam: lạ và là XE TÀU. Vấn đề đầu tiên: vì ...,"site:facebook.com ""Hyundai Creta"" ""trải nghiệm thực tế""",2026-09-15 20:49:49
https://www.facebook.com/HyundaiVinhYen.VN061/videos/hyundai-creta-suv-%C4%91%C3%B4-th%E1%BB%8B-%C4%91%C3%A1ng-s%E1%BB%9F-h%E1%BB%AFu-nh%E1%BA%A5t-hi%E1%BB%87n-nay/1633891477651370,video,HYUNDAI CRETA – SUV ĐÔ THỊ ĐÁNG SỞ HỮU NHẤT HIỆN ...,HYUNDAI CRETA – SUV ĐÔ THỊ ĐÁNG SỞ HỮU NHẤT HIỆN NAY Bạn ... Đừng chỉ nghe – hãy đến trải nghiệm thực tế! Hyundai Vĩnh Yên ...,"site:facebook.com ""Hyundai Creta"" ""trải nghiệm thực tế""",2026-09-15 20:49:49
https://www.facebook.com/HyundaiPhuYenOfficial/videos/-hyundai-creta-chu%E1%BA%A9n-suv-%C4%91%C3%B4-th%E1%BB%8B-cho-m%E1%BB%8Di-h%C3%A0nh-tr%C3%ACnhthi%E1%BA%BFt-k%E1%BA%BF-tr%E1%BA%BB-trung-nhi%E1%BB%81u-c%C3%B4ng-/1362756066021152,video,Hyundai Creta – Chuẩn SUV đô thị cho mọi hành trình! Thiết ...,Hyundai Creta – Chuẩn SUV đô thị cho mọi hành ... Ghé ngay Hyundai Phú Yên để trải nghiệm thực tế và nhận ưu đãi hấp dẫn trong tháng!,"site:facebook.com ""Hyundai Creta"" ""trải nghiệm thực tế""",2026-09-15 20:49:49
https://www.facebook.com/hyundaicamau/videos/-hyundai-creta-n-line-tr%E1%BA%A3i-nghi%E1%BB%87m-th%E1%BB%B1c-t%E1%BA%BF-t%E1%BB%AB-ch%C3%ADnh-kh%C3%A1ch-h%C3%A0ngsau-m%E1%BB%99t-th%E1%BB%9Di-gian-%C4%91/1051467027354822,video,🚗 Hyundai CRETA N Line – Trải nghiệm thực tế từ chính khách ...,"Video · Hyundai CRETA N Line – Trải nghiệm thực tế từ chính khách hàng! Sau một thời gian đồng hành cùng Hyundai CRETA N Line, khách hàng của Hyundai Cà Mau ...","site:facebook.com ""Hyundai Creta"" ""trải nghiệm thực tế""",2026-09-15 20:49:49
https://www.facebook.com/groups/936866700280476/posts/2050063735627428,group_post,Tài chính em 520 triệu quay đầu cần tìm creta tiêu chuẩn ạ ...,Ngoài ra em có xem thêm Geely monjaro vì thấy giá tốt và options nhiều nhưng trải nghiệm thực tế lại hơi ít. ... Anh em đang chạy Hyundai Creta ...,"site:facebook.com ""Hyundai Creta"" ""trải nghiệm thực tế""",2026-09-15 20:49:49
https://www.facebook.com/hyundaisonghan.com.vn/videos/kh%C3%B4ng-ph%E1%BA%A3i-ai-c%C5%A9ng-bi%E1%BA%BFt-s%E1%BB%AD-d%E1%BB%A5ng-h%E1%BA%BFt-t%C3%ADnh-n%C4%83ng-tr%C3%AAn-ch%C3%ACa-kh%C3%B3a-hyundai-creta-xe-su/2094573981070339,video,"Không phải ai cũng biết, sử dụng hết tính năng trên chìa khóa ...","... Hyundai Creta. Xe SUV B, Giá xe chỉ từ 599 TRĐ còn giảm đến 50% lp ... trải nghiệm thực tế. #Hyundai #hyundaithanhcong ...","site:facebook.com ""Hyundai Creta"" ""trải nghiệm thực tế""",2026-09-15 20:49:49
https://www.facebook.com/groups/aemexe/posts/3042073345947581,group_post,Nhà em đang phân vân Hyundai Creta bản cao cấp hoặc ...,Nhà em đang phân vân Hyundai Creta ... Ngoài ra em có xem thêm Geely monjaro vì thấy giá tốt và options nhiều nhưng trải nghiệm thực tế lại hơi ít ...,"site:facebook.com ""Hyundai Creta"" ""trải nghiệm thực tế""",2026-09-15 20:49:49
https://www.facebook.com/hyundaitaydo.vn/videos/c%C6%A1-h%E1%BB%99i-t%E1%BB%91t-nh%E1%BA%A5t-trong-n%C4%83m-%C4%91%E1%BB%83-s%E1%BB%9F-h%E1%BB%AFu-hyundai-creta-nh%C3%A2n-%C4%91%C3%B4i-%C6%B0u-%C4%91%C3%A3i-h%C6%B0%E1%BB%9Fng-ch%C3%ADnh-s%C3%A1/2155116791734139,video,Cơ hội tốt nhất trong năm để sở hữu Hyundai CRETA! NHÂN ...,Ghé Hyundai Tây Đô để trải nghiệm thực tế ngay hôm nay! ... Hyundai Creta Tiêu chuẩn! Ưu đãi Vàng thánh 07 #hyundaicreta #hyundai ...,"site:facebook.com ""Hyundai Creta"" ""trải nghiệm thực tế""",2026-09-15 20:49:49
https://www.facebook.com/groups/otoplusvn/posts/25673521042309853,group_post,Anh em đang chạy Hyundai Creta cho e hỏi: Con này chạy ...,Trải nghiệm thực tế ở Việt Nam: lạ và là XE TÀU. Vấn đề đầu tiên: vì ... Hyundai Creta⚡ • Được đánh giá là rộng rãi trong phân khúc.,"site:facebook.com ""Hyundai Creta"" ""trải nghiệm thực tế""",2026-09-15 20:49:49
https://www.facebook.com/Hyundai.Vinh.3S/posts/-ch%E1%BA%A1y-th%E1%BB%AD-xe-sang-nh%E1%BA%ADn-%C6%B0u-%C4%91%C3%A3i-c%C3%B9ng-hyundai-vinh-b%E1%BA%A1n-%C4%91ang-t%C3%ACm-ki%E1%BA%BFm-c%C6%A1-h%E1%BB%99i-tr%E1%BA%A3i-ng/1677812131018620,page_or_user_post,CHẠY THỬ XE SANG - NHẬN ƯU ĐÃI CÙNG HYUNDAI VINH ...,... trải nghiệm thực tế các dòng xe hot nhất hiện nay và rinh về ưu đãi ... Hyundai Creta: Ưu đãi bùng nổ lên tới 70 triệu đồng ...,"site:facebook.com ""Hyundai Creta"" ""trải nghiệm thực tế""",2026-09-15 20:51:55
https://www.facebook.com/groups/468586573953735/posts/2351371795675194,group_post,"LIÊN HỆ NGUYÊN! Bạn đang quan tâm Tucson, Creta, ...","... trải nghiệm thực tế ✓ Đồng hành tận tâm từ lúc chọn xe đến khi ... HYUNDAI CRETA – GỌN GÀNG, HIỆN ĐẠI, TIẾT KIỆM Hyundai Creta là ...","site:facebook.com ""Hyundai Creta"" ""trải nghiệm thực tế""",2026-09-15 20:51:55
https://www.facebook.com/groups/936866700280476/posts/1952257385408064,group_post,Em đang định lấy con creta N Line thấy ae bảo cách âm ...,Hội Hyundai Creta Việt Nam™ (CretaClubVN). Chang Hoang󰞋May 18 ... Lan Anh Nguyen. E sẵn Nline bác qua trải nghiệm thực tế bác nhé. LH ...,"site:facebook.com ""Hyundai Creta"" ""trải nghiệm thực tế""",2026-09-15 20:51:55
https://www.facebook.com/ductho.nguyen.180/videos/-hyundai-creta-2025-b%E1%BB%A9t-ph%C3%A1-phong-c%C3%A1ch-%C4%91%E1%BB%8Bnh-h%C3%ACnh-t%C6%B0%C6%A1ng-lai-hyundai-qu%E1%BA%A3ng-b%C3%ACnh-xi/1356172519023411,video,"🚗 HYUNDAI CRETA 2025 – BỨT PHÁ PHONG CÁCH, ...","HYUNDAI CRETA 2025 – BỨT PHÁ PHONG CÁCH, ĐỊNH HÌNH TƯƠNG LAI ... Sự kiện hứa hẹn mang đến: ✓ Trải nghiệm thực tế mẫu xe Creta ...","site:facebook.com ""Hyundai Creta"" ""trải nghiệm thực tế""",2026-09-15 20:51:55
https://www.facebook.com/hyundaidalat.vn/posts/-nam-ban-%C4%91%C3%A3-l%C4%83n-b%C3%A1nh-c%C3%B9ng-hyundai-%C4%91%C3%A0-l%E1%BA%A1tng%C3%A0y-1508-h%C3%A0nh-tr%C3%ACnh-mang-nh%E1%BB%AFng-tr%E1%BA%A3i-ngh/1674274911373217,page_or_user_post,NAM BAN ĐÃ “LĂN BÁNH” CÙNG HYUNDAI ĐÀ LẠT! Ngày ...,... trải nghiệm thực tế đến những cuộc trò chuyện thú vị cùng khách hàng ... Hyundai CRETA chính là lựa chọn đáng để trải nghiệm! Tháng ...,"site:facebook.com ""Hyundai Creta"" ""trải nghiệm thực tế""",2026-09-15 20:51:55
https://www.facebook.com/Hyundai3SVinhLong/posts/v%C3%AC-sao-hyundai-creta-l%E1%BA%A1i-h%C3%BAt-kh%C3%A1ch-nh%C6%B0-v%E1%BA%ADy-h%C3%A3y-c%C3%B9ng-t%C3%ACm-hi%E1%BB%83u-nh%C3%A9/1308675524611198,page_or_user_post,"Vì sao Hyundai Creta lại hút khách như vậy, hãy cùng tìm ...","Vì sao Hyundai Creta lại hút khách như vậy, hãy cùng tìm hiểu nhé ... Trải nghiệm thực tế cảm giác lái mượt mà, tính năng an toàn hiện ...","site:facebook.com ""Hyundai Creta"" ""trải nghiệm thực tế""",2026-09-15 20:51:55
https://www.facebook.com/hyundailaocai.thanhangroup/posts/-ch%C6%B0%C6%A1ng-tr%C3%ACnh-ra-m%E1%BA%AFt-%F0%9D%90%87%F0%9D%90%98%F0%9D%90%94%F0%9D%90%8D%F0%9D%90%83%F0%9D%90%80%F0%9D%90%88-%F0%9D%90%82%F0%9D%90%91%F0%9D%90%84%F0%9D%90%93%F0%9D%90%80-%F0%9D%9F%90%F0%9D%9F%8E%F0%9D%9F%90%F0%9D%9F%93-l%C3%A1i-th%E1%BB%AD-c%C3%A1c-d%C3%B2ng-xe-hyundai-%C4%91%E1%BA%BFm-ng%C6%B0%E1%BB%A3c-t%E1%BB%AB/1209247927879331,page_or_user_post,𝐑𝐀 𝐌𝐀̆́𝐓 𝐍𝐄𝐖 𝐇𝐘𝐔𝐍𝐃𝐀𝐈 𝐂𝐑𝐄𝐓𝐀 𝟐𝟎𝟐𝟓 & 𝐋𝐀́𝐈 𝐓𝐇𝐔̛̉ ...,... HYUNDAI CRETA 2025 & LÁI THỬ CÁC ... Trải nghiệm thực tế – cảm nhận khả năng vận hành vượt trội ✓ Tiệc ...,"site:facebook.com ""Hyundai Creta"" ""trải nghiệm thực tế""",2026-09-15 20:51:55
https://www.facebook.com/groups/bimatxebiz/posts/762931690221204,group_post,Ai bảo Hyundai sắp hẹo? Tucson và Creta vẫn bán hơn ...,... Hyundai Creta 242 1.161 381 Hyundai Palisade 381 1.696 Hyundai ... trải nghiệm thực tế rồi đọc cmt trong hội nhóm thì đều có 1 điểm ...,"site:facebook.com ""Hyundai Creta"" ""trải nghiệm thực tế""",2026-09-15 20:51:55
https://www.facebook.com/groups/308001614235486/posts/1516221246746844,group_post,Lỗi thường gặp trên Creata,"Lỗi thường gặp trên Creata Chào Ae hội, e mới lấy ... Lỗi thường gặp trên Creata Chào Ae hội, e mới ... Hội Hyundai Creta Việt Nam™ (HyundaiCretaClubVN).","site:facebook.com ""Hyundai Creta"" ""lỗi thường gặp""",2026-09-15 20:51:57
https://www.facebook.com/groups/aemexe/posts/2851910508297200,group_post,"E đang đi Creta, các bác cho em hỏi khung gầm dòng này ...","Lỗi thường gặp trên Creata Chào Ae hội, e mới lấy bằng có ý định mua ... Phương Nho Quang ▻ Hội Hyundai Creta Việt Nam™ (CretaClubVN).","site:facebook.com ""Hyundai Creta"" ""lỗi thường gặp""",2026-09-15 20:51:57
https://www.facebook.com/groups/aemexe/posts/3029603980527851,group_post,Nhờ các bác tư vấn giúp e E đang phân vân giữa 2 con ...,"Nhờ các bác tư vấn giúp e E đang phân vân giữa 2 con Mitsubishi Xforce và Hyundai Creta ... Lỗi thường gặp trên Creata Chào Ae hội, e mới ...","site:facebook.com ""Hyundai Creta"" ""lỗi thường gặp""",2026-09-15 20:51:57
https://www.facebook.com/groups/431401395145676/posts/1155941886024953,group_post,Nên lấy con CReta bản tiêu chuẩn hay con BRV bản G đây ...,"Nguyễn Thành Luân ▻ Hội Hyundai Creta Việt Nam™ (CretaClubVN) ... Lỗi thường gặp trên Creata Chào Ae hội, e mới lấy bằng có ý định mua ...","site:facebook.com ""Hyundai Creta"" ""lỗi thường gặp""",2026-09-15 20:51:57
https://www.facebook.com/groups/gearupvn/posts/859669585598177,group_post,Các bác đã ai đã trải nghiệm cho em ít so sánh Creta vs ...,"Lỗi thường gặp trên Creata Chào Ae hội, e mới lấy bằng có ý định mua ... Dung Lam ▻ Hội Hyundai Creta Việt Nam™ (HyundaiCretaClubVN).","site:facebook.com ""Hyundai Creta"" ""lỗi thường gặp""",2026-09-15 20:51:57
https://www.facebook.com/groups/345713636690072/posts/971611810766915,group_post,"Xe em bị hư còi, nghĩ là đứt cầu chì, mà ko thấy sơ đồ ...","Lỗi thường gặp của Creta, ko phải đứt cầu chì đâu bác. 2y. Cà Phê Đắng ... Hyundai Creta 1.5ĐB 2024 Odo: 3 vạn 5 bảo dưỡng full ...","site:facebook.com ""Hyundai Creta"" ""lỗi thường gặp""",2026-09-15 20:51:57
https://www.facebook.com/groups/262990820507461/posts/3468894426583735,group_post,Em.tìm mắt camera lùi zin Creta 2023 anh em nào có cho ...,"Đạt Plus ▻ Hội Hyundai Creta Việt Nam™ (CretaClubVN). 26w ... Lỗi thường gặp trên Creata Chào Ae hội, e mới lấy bằng có ý định mua ...","site:facebook.com ""Hyundai Creta"" ""lỗi thường gặp""",2026-09-15 20:52:54
https://www.facebook.com/groups/308001614235486/posts/1410127900689513,group_post,Creta vẫn có những điểm cộng nào đó khiến AE phải ...,"TaupeFalcon2878 ▻ Hội Hyundai Creta Việt Nam™ (HyundaiCretaClubVN) ... Lỗi thường gặp trên Creata Chào Ae hội, e mới lấy bằng có ý định mua ...","site:facebook.com ""Hyundai Creta"" ""lỗi thường gặp""",2026-09-15 20:52:54
https://www.facebook.com/nguyenotobacgiang/videos/%C4%91i%E1%BB%81u-h%C3%B2a-hyundai-i10-h%E1%BB%8Fng-%C4%91%E1%BB%99t-ng%E1%BB%99t-7-b%E1%BB%87nh-nguy-hi%E1%BB%83m-v%C3%A0-chi-ph%C3%AD-s%E1%BB%ADa-ch%E1%BB%AFa-nguy%C3%AAn-%C3%B4/1300079658170850,video,Điều Hòa Hyundai i10 Hỏng Đột Ngột! 7 Bệnh Nguy Hiểm Và ...,Anh em thợ xem kỹ từng bước để tránh lỗi thường gặp và tăng độ lạnh tối đa cho khách hàng. - ... Hyundai Creta · Nguyễn Minh Tiến and Đạt Gba.,"site:facebook.com ""Hyundai Creta"" ""lỗi thường gặp""",2026-09-15 20:52:54
https://www.facebook.com/thegioiphuongtien.vn/posts/b%E1%BA%A3n-tin-th%E1%BA%BF-gi%E1%BB%9Bi-ph%C6%B0%C6%A1ng-ti%E1%BB%87n-ng%C3%A0y-12092026-tin-trong-n%C6%B0%E1%BB%9Bc-th%E1%BB%8B-tr%C6%B0%E1%BB%9Dng-%C3%B4-t%C3%B4-vi%E1%BB%87t-n/1706491961483209,page_or_user_post,Top 10 mẫu xe bán ít nhất tháng 8/2026 (Thế giới Phương ...,"... Hyundai Creta Lounge Edition trang bị xịn sò, chỉ từ 576 triệu đồng ... lỗi thường gặp ở cửa cốp điện và cửa hậu ô tô (Công Luận) AN ...","site:facebook.com ""Hyundai Creta"" ""lỗi thường gặp""",2026-09-15 20:52:54
https://www.facebook.com/autospadn/posts/-m%E1%BB%99t-s%E1%BB%91-l%E1%BB%97i-th%C6%B0%E1%BB%9Dng-g%E1%BA%B7p-tr%C3%AAn-b%E1%BB%81-m%E1%BA%B7t-s%C6%A1n-xe-%C3%B4-t%C3%B4m%C3%A0u-s%C6%A1n-xe-d%E1%BB%85-b%E1%BB%8B-%E1%BA%A3nh-h%C6%B0%E1%BB%9Fng-b%E1%BB%9Fi-nh%E1%BB%AF/1253493286190856,page_or_user_post,Một số lỗi thường gặp trên bề mặt sơn xe ô tô,Một số lỗi thường gặp trên bề mặt sơn xe ô tô: Màu sơn xe dễ bị ... Hyundai Creta nâng cấp phim cách nhiệt V-KOOL – lựa chọn của những ...,"site:facebook.com ""Hyundai Creta"" ""lỗi thường gặp""",2026-09-15 20:52:54
https://www.facebook.com/thanhphatauto.net/posts/nh%E1%BB%AFng-%C4%91i%E1%BB%81u-c%E1%BA%A7n-bi%E1%BA%BFt-tr%C6%B0%E1%BB%9Bc-khi-mua-vietmap-live-2026vietmap-live-%C4%91ang-l%C3%A0-l%E1%BB%B1a-ch%E1%BB%8Dn/1521124263368713,page_or_user_post,Những Điều Cần Biết Trước Khi Mua Vietmap Live [2026 ...,"... lỗi thường gặp và cách tránh khi lắp đặt, kích hoạt Liên ... HYUNDAI CRETA 2024 – LẮP CAM 3 MẮT & CỐP ĐIỆN Hyundai Creta 2024 ...","site:facebook.com ""Hyundai Creta"" ""lỗi thường gặp""",2026-09-15 20:52:54
https://www.facebook.com/LirikQosidahSholawat/posts/arinil-haq-salsabilah-khoirol-bariyyah/434379008084526,page_or_user_post,Arinil Haq Salsabilah - Khoirol Bariyyah,Arinil Haq Salsabilah - Khoirol Bariyyah.,"site:facebook.com ""Hyundai Creta"" ""khen chê chia sẻ kinh nghiệm""",2026-09-15 20:52:59
https://www.facebook.com/BrooklynDA/videos/see-you-outside-brooklyn/1614691193325346,video,"See you outside, Brooklyn! | Brooklyn District Attorney's Office","See you outside, Brooklyn!","site:facebook.com ""Hyundai Creta"" ""khen chê chia sẻ kinh nghiệm""",2026-09-15 20:52:59
https://www.facebook.com/woodtech786/videos/wooden-panel-door-%E0%A4%B2%E0%A4%95%E0%A5%9C%E0%A5%80-%E0%A4%95%E0%A5%87-%E0%A4%A6%E0%A4%B0%E0%A4%B5%E0%A4%BE%E0%A4%9C%E0%A5%87-doors-fulshdoor-paneldoor/556335337192352,video,"Wooden panel door, लकड़ी के दरवाजे, # #doors #fulshdoor # ...","Wooden panel door, लकड़ी के दरवाजे, # #doors #fulshdoor #paneldoor · Gnna Gs and 20K others.","site:facebook.com ""Hyundai Creta"" ""khen chê chia sẻ kinh nghiệm""",2026-09-15 20:52:59
https://www.facebook.com/nadezhda.popova.167/videos/%D0%BE%D0%B3%D1%96%D1%80%D0%BE%D1%87%D0%BA%D0%B8-%D1%84%D0%B0%D0%B2%D0%BE%D1%80%D0%B8%D1%82-%D1%83%D0%BB%D1%8E%D0%B1%D0%BB%D0%B5%D0%BD%D0%B8%D0%B9-%D1%80%D0%B5%D1%86%D0%B5%D0%BF%D1%82-%D1%96%D0%BD%D0%B3%D1%80%D0%B5%D0%B4%D1%96%D1%94%D0%BD%D1%82%D0%B8-%D0%BD%D0%B0-1-%D0%BB%D1%96%D1%82%D1%80%D0%BE%D0%B2%D1%83-%D0%B1%D0%B0%D0%BD%D0%BA%D1%83-%D0%BE%D0%B3%D1%96%D1%80%D0%BA%D0%B8-%D0%BB%D0%B0%D0%B2%D1%80%D0%BE%D0%B2%D0%B8%D0%B9/27772349012454166,video,Огірочки «Фаворит» улюблений рецепт Інгредієнти на 1 ...,Маринад на три літрові банки: вода — 1 л. (5 скл. по 200 мл); цукор — 150 г (5 ст. л.); сіль — 70 г (2 ст. л.); оцет 9% — 200 мл.,"site:facebook.com ""Hyundai Creta"" ""khen chê chia sẻ kinh nghiệm""",2026-09-15 20:52:59
https://www.facebook.com/mehndidesignscollection/videos/stylish-mehndi-designs/888770797382521,video,Stylish and Gorgeous Mehndi Designs,Stylish and Gorgeous Mehndi Designs.,"site:facebook.com ""Hyundai Creta"" ""khen chê chia sẻ kinh nghiệm""",2026-09-15 20:52:59
https://www.facebook.com/nefisyemektarifleri/videos/%C3%A7ikolatal%C4%B1-kedi-dilli-ka%C5%9F%C4%B1k-tatl%C4%B1s%C4%B1-tarifi/9873625552724905,video,Çikolatalı Kedi Dilli Kaşık Tatlısı Tarifi,Berivan Kara evet kedi dili bisküvisi ıslatılmadan yapıldığında çok sert oluyor hiç denemeyin derim. 7mo.,"site:facebook.com ""Hyundai Creta"" ""khen chê chia sẻ kinh nghiệm""",2026-09-15 20:52:59
https://www.facebook.com/100088556441945/videos/hanuman-ji-bhajanbhajanlyricsdevotional-songfull-song/951395629833439,video,#hanuman ji bhajan#bhajanlyrics#devotional song#full song,"🕉️ हर सुर बजरंगबली को समर्पित। ✨... Jul 6, 2026 · 63K views. जय जय हनुमान | # ...","site:facebook.com ""Hyundai Creta"" ""khen chê chia sẻ kinh nghiệm""",2026-09-15 20:52:59
https://www.facebook.com/VlogXeVietnam/posts/b%C3%B3c-t%C3%A1ch-%C6%B0u-nh%C6%B0%E1%BB%A3c-%C4%91i%E1%BB%83m-omoda-c5-shs-hybrid-xem-th%C3%AAm-omodac5/1370303101794833,page_or_user_post,“Bóc tách” ưu nhược điểm Omoda C5 SHS Hybrid. Xem ...,Đánh giá ưu nhược điểm Omoda C5 SHS Hybrid - Chiếc CUV cỡ nhỏ Hoàn ... So kè Suzuki Fronx vs KIA Sonet vs Hyundai Venue để tìm ra xe hạng A sáng ...,"site:facebook.com ""Kia Sonet"" ""đánh giá ưu nhược điểm""",2026-09-15 20:53:24
https://www.facebook.com/groups/251696895257703/posts/1431317623962285,group_post,Các bác cho e xin đánh giá về xe MG ZS vs- em rất,"Đánh giá ưu/nhược điểm MG ZS - lựa chọn SUV/CUV trong tầm giá 600. 4y · 1 ... Tầm giá đang suy nghĩ nên mua MG ZS hay KIA sonet, ai có kinh nghiệm em tham khảo ...","site:facebook.com ""Kia Sonet"" ""đánh giá ưu nhược điểm""",2026-09-15 20:53:24
https://www.facebook.com/groups/aemexe/posts/3041554892666093,group_post,Mình ở HN thì gần như thích xe nào là mua xe đấy chứ k lăn tăn ...,"Huyndai venue, kia sonet, mazda cx3. 1y. Chu Tùng. 3s là ntn bác ơi ... đánh giá ưu nhược điểm của 2 chiếc với ạ. Xin cám ơn · Việt Thái Hà and Trần ...","site:facebook.com ""Kia Sonet"" ""đánh giá ưu nhược điểm""",2026-09-15 20:53:24
https://www.facebook.com/VlogXeVietnam/posts/m%E1%BB%95-x%E1%BA%BB-t%E1%BA%A5t-t%E1%BA%A7n-t%E1%BA%ADt-%C6%B0u-nh%C6%B0%E1%BB%A3c-%C4%91i%E1%BB%83m-omoda-c5-d%C3%A0nh-cho-ai-%C4%91ang-l%C4%83n-t%C4%83n-xem-chi-ti%E1%BA%BFt-o/1156032723221873,page_or_user_post,“Mổ xẻ” tất tần tật ưu nhược điểm OMODA C5 dành cho ai ...,si=wFsZr1oFvLvoQKbd. youtube.com. Đánh giá ưu nhược điểm OMODA C5 ... So kè Suzuki Fronx vs KIA Sonet vs Hyundai Venue để tìm ra xe hạng A sáng ...,"site:facebook.com ""Kia Sonet"" ""đánh giá ưu nhược điểm""",2026-09-15 20:53:24
https://www.facebook.com/kialongbien/videos/so-s%C3%A1nh-kia-sonet-v%C3%A0-kia-seltos-ch%C3%AAnh-nhau-40tr-xe-n%C3%A0o-l%C3%A0-l%E1%BB%B1a-ch%E1%BB%8Dn-ph%C3%B9-h%E1%BB%A3p-kiase/1033706005975073,video,"So sánh Kia Sonet và Kia Seltos chênh nhau 40tr, xe nào ...",Kia Sonet Bản Full Hay Kia Seltos Luxury ? ... Em xin mời anh chị đến bên em để ngồi thử và trải nghiệm thực tế chiếc xe này để có lựa chọn phù ...,"site:facebook.com ""Kia Sonet"" ""trải nghiệm thực tế""",2026-09-15 20:55:55
https://www.facebook.com/kiaquangngai.vn/posts/l%E1%BB%85-b%C3%A0n-giao-xe-kia-sonet-kia_qu%E1%BA%A3ng_ng%C3%A3i-xin-ch%C3%BAc-m%E1%BB%ABng-gia-%C4%91%C3%ACnh-anh-ch%E1%BB%8B-%C4%91%C3%A3-c%C3%B3-th%C3%AA/1534396548700380,page_or_user_post,🎊LỄ BÀN GIAO XE - KIA SONET🎊 #Kia_Quảng_Ngãi xin chúc ...,Để lại số điện thoại hoặc nhắn tin cho Kia Quảng Ngãi để nhận bảng giá lăn bánh chi tiết và book lịch lái thử trải nghiệm thực tế nhé! ------------------------ ...,"site:facebook.com ""Kia Sonet"" ""trải nghiệm thực tế""",2026-09-15 20:55:55
https://www.facebook.com/kiabinhdinh.vn/videos/b%E1%BB%99-3-suv-cao-c%E1%BA%A5p-kia-thi%E1%BA%BFt-k%E1%BA%BF-m%E1%BB%9Bi-c%C3%B4ng-ngh%E1%BB%87-m%E1%BB%9Bi-d%E1%BA%ABn-%C4%91%E1%BA%A7u-xu-h%C6%B0%E1%BB%9Bng-h%C6%A1n-400000-kh%C3%A1c/1321004869554257,video,"Bộ 3 SUV Cao Cấp Kia – Thiết kế mới, Công nghệ mới, Dẫn ...","Trải nghiệm thực tế tại Kia Quy Nhơn ngay hôm nay! Liên hệ ... KIA SONET – SUV ĐÔ THỊ ĐỦ ĐẸP, ĐỦ TIỆN NGHI, ĐỦ ĐỂ CHỐT NGAY TỪ ...","site:facebook.com ""Kia Sonet"" ""trải nghiệm thực tế""",2026-09-15 20:55:55
https://www.facebook.com/groups/SONETClubVN/posts/1887408588903680,group_post,"Các bác cho em hỏi, em mới mua xe sonet nên dùng lót ...","Trải nghiệm thực tế luôn ấy chứ. No photo description available ... Kia Sonet 2022 premium, tư nhân, xe đẹp zin cả xe, odor 4vạn lốp ...","site:facebook.com ""Kia Sonet"" ""trải nghiệm thực tế""",2026-09-15 20:55:55
https://www.facebook.com/Truonganh2510/videos/-kia-sonet-suv-%C4%91%C3%B4-th%E1%BB%8B-th%E1%BB%9Di-th%C6%B0%E1%BB%A3ng-l%C3%A1i-c%E1%BB%B1c-m%C3%AA-thi%E1%BA%BFt-k%E1%BA%BF-tr%E1%BA%BB-trung-hi%E1%BB%87n-%C4%91%E1%BA%A1i-n%E1%BB%95i-b%E1%BA%ADt/2962209914143171,video,"KIA SONET – SUV ĐÔ THỊ THỜI THƯỢNG, LÁI CỰC MÊ ...","KIA SONET – SUV ĐÔ THỊ THỜI THƯỢNG, LÁI CỰC MÊ! ✨ Thiết kế ... trải nghiệm thực tế. Liên hệ: 0383 458 758 ‍ Trường Kia Mazda ...","site:facebook.com ""Kia Sonet"" ""trải nghiệm thực tế""",2026-09-15 20:55:55
https://www.facebook.com/LagiAutocar/posts/-kia-sonet-n%C3%A2ng-c%E1%BA%A5p-android-box-ottocast-e2-gi%E1%BB%AF-zin-m%C3%A0n-h%C3%ACnh-n%C3%A2ng-t%E1%BA%A7m-kh%C3%B4ng-gian/1296567469290349,page_or_user_post,KIA SONET NÂNG CẤP ANDROID BOX OTTOCAST E2,"KIA SONET NÂNG CẤP ANDROID BOX OTTOCAST E2 – GIỮ ZIN MÀN HÌNH, NÂNG TẦM KHÔNG GIAN LÁI Một chiếc Kia Sonet vốn đã ... trải nghiệm thực tế ...","site:facebook.com ""Kia Sonet"" ""trải nghiệm thực tế""",2026-09-15 20:55:55
https://www.facebook.com/kiadanang.vn/posts/kh%C3%A1m-ph%C3%A1-s%E1%BA%AFc-m%C3%A0u-h%C3%A0n-qu%E1%BB%91c-c%C3%B9ng-kia-ch%E1%BB%89-c%C3%B2n-10-ng%C3%A0y-%C4%91%E1%BB%83-kh%E1%BB%9Fi-%C4%91%E1%BA%A7u-h%C3%A0nh-tr%C3%ACnhth%E1%BB%9Di-gi/1366220278999340,page_or_user_post,KHÁM PHÁ SẮC MÀU HÀN QUỐC CÙNG KIA,"... Kia Sonet, Seltos, Carens, Sportage, Sorento và Carnival đến hết ... trải nghiệm thực tế tại sự kiện đặc biệt này! ✨ THÔNG TIN ...","site:facebook.com ""Kia Sonet"" ""trải nghiệm thực tế""",2026-09-15 20:55:55
https://www.facebook.com/huong.caomai/posts/28002374889426874,page_or_user_post,Hương Mai Cao,KIA SONET – DỄ DÀNG SỞ HỮU VỚI ƯU ĐÃI 50% LỆ PHÍ TRƯỚC BẠ Bạn đang ... trải nghiệm thực tế Kia Sonet và lựa chọn phiên bản và màu sắc ...,"site:facebook.com ""Kia Sonet"" ""trải nghiệm thực tế""",2026-09-15 20:55:55
https://www.facebook.com/thaco.industries/posts/c%C3%B4ng-ty-ph%E1%BB%A5-t%C3%B9ng-%C4%91i%E1%BB%87n-%C3%B4-t%C3%B4-%C4%91%C3%A0o-t%E1%BA%A1o-ph%C6%B0%C6%A1ng-ph%C3%A1p-t%E1%BB%95-ch%E1%BB%A9c-s%E1%BA%A3n-xu%E1%BA%A5t-d%C3%A2y-%C4%91i%E1%BB%87n-t%E1%BA%A1i-uzb/1093319496130496,page_or_user_post,Kia Sonet; hướng dẫn kiểm tra chức năng ...,... Kia Sonet; hướng dẫn kiểm tra chức năng và độ tin cậy của các thiết ... lỗi thường gặp trong quá trình vận hành… Khóa đào tạo giúp các ...,"site:facebook.com ""Kia Sonet"" ""lỗi thường gặp""",2026-09-15 20:55:58
https://www.facebook.com/groups/266757761155170/posts/1794977451666519,group_post,Chính chủ cần bán xe kia sonet 2024 xem xe tại bic c đồng ...,Chính chủ cần bán xe kia sonet 2024 xem xe tại bic c đồng nai ạ. ... lỗi thường gặp • Kiểm tra/bổ sung gas khi cần Máy lọc nước • Sửa ...,"site:facebook.com ""Kia Sonet"" ""lỗi thường gặp""",2026-09-15 20:55:58
https://www.facebook.com/xeotocugiarevungtau0911987779/videos/%EF%B8%8Fkh%C3%B4ng-c%C3%B3-th%E1%BB%9Di-gian-%C4%91%E1%BB%83-xe-n%E1%BA%B1m-gara-nhi%E1%BB%81u-ng%C3%A0y-s%C6%A1n-nhanh-%C3%B4-t%C3%B4-v%E1%BB%9Bi-quy-tr%C3%ACnh-hi%E1%BB%87n-/953054274432489,video,️Không có thời gian để xe nằm gara nhiều ngày? Sơn ...,Lỗi thường gặp trong Đồng Sơn #sonxelongthanh$$ #xemay# #oto#. 00:59 ... Kia sonet phủ thêm gầm #KiaSonet #chamsocxe #danang ...,"site:facebook.com ""Kia Sonet"" ""lỗi thường gặp""",2026-09-15 20:55:58
https://www.facebook.com/groups/SONETClubVN/posts/1763105698000637,group_post,Ai cũng khen sonet tốt hơn xe trong cùng phân khúc mà ...,Huỳnh Nhiều. Luyện Lê từ luxury lên pre cũng k bao tiền. Gắng lên pre luôn đi bác. E cũng từng mua luxu sau đó lại thấy tiếc vì k chịu mua pre.,"site:facebook.com ""Kia Sonet"" ""khen chê chia sẻ kinh nghiệm""",2026-09-15 20:56:29
https://www.facebook.com/groups/gearupvn/posts/1398777765020687,group_post,Chào các anh ạ. Em là nữ mới lấy bằng lái tháng 10 và tìm ...,"Em đang tìm hiểu con Kia Sonet và Huyndai Venue, 2 con này em đi coi xe thì thấy k khác biệt nhiều. Em đang chờ để cuối tuần lái thử xem sao.","site:facebook.com ""Kia Sonet"" ""khen chê chia sẻ kinh nghiệm""",2026-09-15 20:56:29
https://www.facebook.com/groups/voz.oto.xemay/posts/1508669310291922,group_post,Tầm 500 quay đầu có xe nào gầm cao ngon hơn Sonet ...,"So với Raize, cảm giác đóng mở cửa của Sonet chắc chắn hơn. Vật liệu nhựa bên trong cũng cho cảm giác ổn hơn trong tầm giá chứ không nhựa quá.","site:facebook.com ""Kia Sonet"" ""khen chê chia sẻ kinh nghiệm""",2026-09-15 20:56:29
https://www.facebook.com/groups/gearupvn/posts/998884345010033,group_post,"Mọi người cho em hỏi, em đang định lấy con Kia Sonet ...","Mọi người cho em hỏi, em đang định lấy con Kia Sonet mới ra mắt bản premium, lăn bánh tầm 670 triệu. Anh em cho mình hỏi tầm giá này có con nào ...","site:facebook.com ""Kia Sonet"" ""khen chê chia sẻ kinh nghiệm""",2026-09-15 20:56:29
https://www.facebook.com/tipcartv/videos/fortuner-m%E1%BB%9Bi-2020-s%E1%BB%B1-t%E1%BB%89nh-ng%E1%BB%99-c%E1%BB%A7a-toyota/786519588563506,video,"Fortuner mới 2020 - sự ""tỉnh ngộ"" của Toyota","... Toyota Fortuner mới 2020 như ""cơn tỉnh ngộ"" của hãng xe Nhật Bản. Máy mạnh ... ĐÁNH GIÁ ƯU NHƯỢC ĐIỂM CAMERA VAVA DUAL. 15:45. ĐÁNH GIÁ ƯU NHƯỢC ĐIỂM CAMERA VAVA ...","site:facebook.com ""Toyota Fortuner"" ""đánh giá ưu nhược điểm""",2026-09-15 20:58:36
https://www.facebook.com/groups/gearupvn/posts/481752013389938,group_post,Xin tư vấn! Ra tết em có ý định mua xe để đi lại cho đỡ vất vả.,Đánh giá Ưu Nhược Điểm vận hành BEIJING X7 từ chủ xe - LÊN XE TV. 4y · 1 like ... Toyota Fortuner hay Jeep Wrangler cho mình xin đánh giá khách quan với.,"site:facebook.com ""Toyota Fortuner"" ""đánh giá ưu nhược điểm""",2026-09-15 20:58:36
https://www.facebook.com/groups/470036316525667/posts/2871551073040834,group_post,"2015, bác nào chán để lại em nhé, cho em ít hình vào da lô ...",Hội Xe Toyota Fortuner Việt Nam. Định Khóa󰞋Feb 17󰞋󱟠. 󳄫. xin ... Xin đánh giá ưu nhược điểm. Em người mới cảm ơn mọi người · No photo ...,"site:facebook.com ""Toyota Fortuner"" ""đánh giá ưu nhược điểm""",2026-09-15 20:58:36
https://www.facebook.com/ToyotaVietnam/posts/c%C3%B9ng-l%E1%BA%AFng-nghe-chia-s%E1%BA%BB-t%E1%BB%AB-tr%E1%BA%A3i-nghi%E1%BB%87m-th%E1%BB%B1c-t%E1%BA%BF-c%E1%BA%A7m-l%C3%A1i-%F0%9D%90%93%F0%9D%90%8E%F0%9D%90%98%F0%9D%90%8E%F0%9D%90%93%F0%9D%90%80-%F0%9D%90%85%F0%9D%90%8E%F0%9D%90%91%F0%9D%90%93%F0%9D%90%94%F0%9D%90%8D%F0%9D%90%84%F0%9D%90%91-%F0%9D%9F%90%F0%9D%9F%8E%F0%9D%9F%90%F0%9D%9F%8E-nh%C3%A9-m/2832083947027569,page_or_user_post,Toyota Việt Nam,"CÙNG LẮNG NGHE CHIA SẺ TỪ TRẢI NGHIỆM THỰC TẾ CẦM LÁI TOYOTA FORTUNER 2020 NHÉ ""Mặc dù là máy dầu nhưng tiếng máy không quá ồn, đặc biệt là ...","site:facebook.com ""Toyota Fortuner"" ""trải nghiệm thực tế""",2026-09-15 20:58:37
https://www.facebook.com/hiroshimatoyotaht/posts/%F0%9D%90%93%F0%9D%90%8E%F0%9D%90%98%F0%9D%90%8E%F0%9D%90%93%F0%9D%90%80-%F0%9D%90%85%F0%9D%90%8E%F0%9D%90%91%F0%9D%90%93%F0%9D%90%94%F0%9D%90%8D%F0%9D%90%84%F0%9D%90%91-%F0%9D%9F%90%F0%9D%9F%8E%F0%9D%9F%8F%F0%9D%9F%95-gi%C3%A1-ch%E1%BB%89-t%E1%BB%AB-%F0%9D%9F%94%F0%9D%9F%8E%F0%9D%9F%8E-%F0%9D%90%93%F0%9D%90%91%F0%9D%90%88%F0%9D%90%84%CC%A3%CC%82%F0%9D%90%94-xe-%C4%91%E1%BA%B9p-bi%E1%BB%83n-s%E1%BB%91-tp-h%E1%BB%93-ch%C3%AD-minh-mua-l%C3%A0/1207150237873212,page_or_user_post,𝐓𝐎𝐘𝐎𝐓𝐀 𝐅𝐎𝐑𝐓𝐔𝐍𝐄𝐑 𝟐𝟎𝟏𝟕 GIÁ CHỈ TỪ 𝟔𝟎𝟎 𝐓𝐑𝐈𝐄̣̂𝐔 ...,TOYOTA FORTUNER 2017 GIÁ CHỈ TỪ 600 ... trải nghiệm thực tế! --- Toyota Fortuner 2017 - “gương mặt vàng” trong ...,"site:facebook.com ""Toyota Fortuner"" ""trải nghiệm thực tế""",2026-09-15 20:58:37
https://www.facebook.com/teinvietnam/videos/tr%E1%BA%A3i-nghi%E1%BB%87m-th%E1%BB%B1c-t%E1%BA%BF-tein-basic-d%C3%A0nh-cho-em-x%E1%BA%BF-toyota-fortuner-%C4%91%E1%BA%BFn-t%E1%BB%AB-mi%E1%BB%81n-t%C3%A2y-te/1202622918047697,video,TRẢI NGHIỆM THỰC TẾ - TEIN BASIC dành cho em xế ...,TRẢI NGHIỆM THỰC TẾ - TEIN BASIC dành cho em xế Toyota Fortuner đến từ miền Tây #TEIN #XEXgroup #TEINVietNam #PhuocTEIN #giamxoctein ...,"site:facebook.com ""Toyota Fortuner"" ""trải nghiệm thực tế""",2026-09-15 20:58:37
https://www.facebook.com/groups/594918238333920/posts/1696845491474517,group_post,Có bác nào đã có trải nghiệm thực tế về độ tiêu hao nhiên ...,Có bác nào đã có trải nghiệm thực tế về độ tiêu hao nhiên liệu của ... Hội toyota fortuner miền bắc. Tùng Hoàng1m. Toyota Camry 2.0Q 2022 ...,"site:facebook.com ""Toyota Fortuner"" ""trải nghiệm thực tế""",2026-09-15 20:58:37
https://www.facebook.com/groups/327497095428421/posts/1624746059036845,group_post,Fortuner 2016 ( số sàn ) ✅ Xe đẹp không lỗi 📞 Liên hệ,"Toyota Fortuner 2.4G 4x2AT cuối 2021 số tự động, máy dầu 1 chủ từ mới đúng 8v km xịn Sơn zin gần như 100% full lịch sử hãng. MỚi Nhất Việt Nam.","site:facebook.com ""Toyota Fortuner"" ""trải nghiệm thực tế""",2026-09-15 20:58:37
https://www.facebook.com/toyotaquangbinh204LyThuongKiet/videos/b%C3%AD-m%E1%BA%ADt-ph%C3%ADa-sau-c%E1%BA%A3m-gi%C3%A1c-c%E1%BA%A7m-l%C3%A1i-t%E1%BB%B1-tin-tr%C3%AAn-toyota-fortuner-%C4%91%E1%BA%B1ng-sau-c%E1%BA%A3m-gi%C3%A1c-c/1078182737870812,video,BÍ MẬT PHÍA SAU CẢM GIÁC CẦM LÁI TỰ TIN TRÊN ...,✨ Toyota Fortuner được trang bị Hệ thống trợ lực lái thủy lực biến ... trải nghiệm thực tế nhé! TOYOTA TÂY NINH Địa chỉ: 50 ...,"site:facebook.com ""Toyota Fortuner"" ""trải nghiệm thực tế""",2026-09-15 20:58:37
https://www.facebook.com/thanhphatauto.net/posts/-toyota-fortuner-legender-l%E1%BB%99t-x%C3%A1c-v%E1%BB%9Bi-m%C3%A0n-h%C3%ACnh-zestech-z18-360chi%E1%BA%BFc-fortuner-leg/1233937552087387,page_or_user_post,🚘 Toyota Fortuner Legender Lột Xác Với Màn Hình ...,"Toyota Fortuner Legender Lột Xác Với Màn Hình Zestech Z18 360 Chiếc Fortuner Legender 2021 vốn sang trọng, nhưng khi trải nghiệm thực tế ...","site:facebook.com ""Toyota Fortuner"" ""trải nghiệm thực tế""",2026-09-15 20:58:37
https://www.facebook.com/thanhphongauto368/videos/-%C4%91i-%C4%91%C3%AAm-b%E1%BA%B1ng-fortuner-m%C3%A0-%C4%91%C3%A8n-ch%C6%B0a-%C4%91%E1%BB%A7-s%C3%A1ng%C4%91%E1%BB%ABng-%C4%91%E1%BB%83-nh%E1%BB%AFng-chuy%E1%BA%BFn-%C4%91i-ban-%C4%91%C3%AAm-tr%E1%BB%9F-th%C3%A0/1319684030147735,video,ĐI ĐÊM BẰNG FORTUNER MÀ ĐÈN CHƯA ĐỦ SÁNG? Đừng ...,Toyota Fortuner vừa được khách hàng lựa chọn nâng cấp đèn trợ sáng Aozoom EX3 tại Thành Phong Auto để cải thiện khả năng quan sát và tăng độ an ...,"site:facebook.com ""Toyota Fortuner"" ""trải nghiệm thực tế""",2026-09-15 20:58:37
https://www.facebook.com/Sieuthiotobcarhanoi/videos/-toyota-fortuner-legender-2022-sang-kh%E1%BB%8Fe-%C4%91%E1%BA%B3ng-c%E1%BA%A5p/1190966092936435,video,"TOYOTA FORTUNER LEGENDER 2022 – SANG, KHỎE ...","TOYOTA FORTUNER LEGENDER 2022 – SANG, KHỎE, ĐẲNG CẤP! Vừa “cập bến” tại ... trải nghiệm thực tế nhé! Nguyễn Ba and 50 others · 51 · 10. Bcar Hà ...","site:facebook.com ""Toyota Fortuner"" ""trải nghiệm thực tế""",2026-09-15 20:58:37

